filename,age,gender,gender_id,race,race_id,timestamp
27_0_2_20170116161920941.jpg,27,Male,0,Asian,2,20170116161920941
22_1_0_20170105184130182.jpg,22,Female,1,White,0,20170105184130182
26_1_1_20170116232709732.jpg,26,Female,1,Black,1,20170116232709732
45_1_0_20170117181407564.jpg,45,Female,1,White,0,20170117181407564
80_0_0_20170117175507859.jpg,80,Male,0,White,0,20170117175507859
83_1_0_20170120224721561.jpg,83,Female,1,White,0,20170120224721561
14_0_3_20170104225533201.jpg,14,Male,0,Indian,3,20170104225533201
26_0_0_20170119172232809.jpg,26,Male,0,White,0,20170119172232809
71_1_0_20170110181315747.jpg,71,Female,1,White,0,20170110181315747
28_1_1_20170113012538431.jpg,28,Female,1,Black,1,20170113012538431
27_0_1_20170117134943088.jpg,27,Male,0,Black,1,20170117134943088
24_1_2_20170116174610352.jpg,24,Female,1,Asian,2,20170116174610352
22_0_0_20170111181750310.jpg,22,Male,0,White,0,20170111181750310
10_0_0_20170110221811823.jpg,10,Male,0,White,0,20170110221811823
60_0_3_20170117001217178.jpg,60,Male,0,Indian,3,20170117001217178
27_0_3_20170119193411154.jpg,27,Male,0,Indian,3,20170119193411154
50_0_3_20170119211935657.jpg,50,Male,0,Indian,3,20170119211935657
35_0_0_20170117190009586.jpg,35,Male,0,White,0,20170117190009586
38_0_0_20170117135518125.jpg,38,Male,0,White,0,20170117135518125
50_0_0_20170120222217575.jpg,50,Male,0,White,0,20170120222217575
46_1_1_20170113184212578.jpg,46,Female,1,Black,1,20170113184212578
28_0_2_20170104021218340.jpg,28,Male,0,Asian,2,20170104021218340
31_1_1_20170103183224642.jpg,31,Female,1,Black,1,20170103183224642
37_0_4_20170104000748917.jpg,37,Male,0,Others,4,20170104000748917
24_1_2_20170103235106308.jpg,24,Female,1,Asian,2,20170103235106308
28_0_1_20170117180140749.jpg,28,Male,0,Black,1,20170117180140749
26_1_3_20170117174330285.jpg,26,Female,1,Indian,3,20170117174330285
7_0_1_20170114025451554.jpg,7,Male,0,Black,1,20170114025451554
4_1_1_20170112213257263.jpg,4,Female,1,Black,1,20170112213257263
2_0_2_20161219141647272.jpg,2,Male,0,Asian,2,20161219141647272
3_1_2_20161219191000844.jpg,3,Female,1,Asian,2,20161219191000844
29_0_0_20170117180857403.jpg,29,Male,0,White,0,20170117180857403
21_0_0_20170117142012992.jpg,21,Male,0,White,0,20170117142012992
56_0_0_20170120223807822.jpg,56,Male,0,White,0,20170120223807822
3_1_0_20170109190700159.jpg,3,Female,1,White,0,20170109190700159
50_0_3_20170119204500527.jpg,50,Male,0,Indian,3,20170119204500527
31_0_3_20170104214647533.jpg,31,Male,0,Indian,3,20170104214647533
1_1_0_20170109190534438.jpg,1,Female,1,White,0,20170109190534438
21_0_3_20170104225910065.jpg,21,Male,0,Indian,3,20170104225910065
85_1_2_20170110183021416.jpg,85,Female,1,Asian,2,20170110183021416
28_1_2_20170116192600926.jpg,28,Female,1,Asian,2,20170116192600926
35_0_4_20170117195110413.jpg,35,Male,0,Others,4,20170117195110413
24_0_3_20170120133910528.jpg,24,Male,0,Indian,3,20170120133910528
27_0_1_20170116002826357.jpg,27,Male,0,Black,1,20170116002826357
34_0_0_20170117132525481.jpg,34,Male,0,White,0,20170117132525481
43_0_3_20170119171732975.jpg,43,Male,0,Indian,3,20170119171732975
32_1_0_20170117182446213.jpg,32,Female,1,White,0,20170117182446213
31_1_0_20170117131145761.jpg,31,Female,1,White,0,20170117131145761
39_0_2_20170117172557625.jpg,39,Male,0,Asian,2,20170117172557625
31_1_1_20170116224134208.jpg,31,Female,1,Black,1,20170116224134208
5_1_4_20161221193811941.jpg,5,Female,1,Others,4,20161221193811941
29_0_0_20170104170512993.jpg,29,Male,0,White,0,20170104170512993
12_0_0_20170110225348936.jpg,12,Male,0,White,0,20170110225348936
26_1_3_20170117154940189.jpg,26,Female,1,Indian,3,20170117154940189
20_1_0_20170116212316301.jpg,20,Female,1,White,0,20170116212316301
17_0_0_20170110232257182.jpg,17,Male,0,White,0,20170110232257182
25_1_1_20170112231455093.jpg,25,Female,1,Black,1,20170112231455093
1_1_3_20161220143409894.jpg,1,Female,1,Indian,3,20161220143409894
50_0_0_20170104210147596.jpg,50,Male,0,White,0,20170104210147596
62_0_0_20170111204910736.jpg,62,Male,0,White,0,20170111204910736
41_1_0_20170103183002200.jpg,41,Female,1,White,0,20170103183002200
34_1_2_20170104023010725.jpg,34,Female,1,Asian,2,20170104023010725
35_0_0_20170117151327234.jpg,35,Male,0,White,0,20170117151327234
30_0_1_20170117171354562.jpg,30,Male,0,Black,1,20170117171354562
35_1_1_20170112234952297.jpg,35,Female,1,Black,1,20170112234952297
1_0_3_20161219230004880.jpg,1,Male,0,Indian,3,20161219230004880
26_0_0_20170113210126674.jpg,26,Male,0,White,0,20170113210126674
52_1_0_20170110152849848.jpg,52,Female,1,White,0,20170110152849848
82_1_1_20170110154342872.jpg,82,Female,1,Black,1,20170110154342872
25_1_3_20170104231534609.jpg,25,Female,1,Indian,3,20170104231534609
61_0_3_20170109131758363.jpg,61,Male,0,Indian,3,20170109131758363
1_0_2_20161219211707638.jpg,1,Male,0,Asian,2,20161219211707638
1_1_3_20161219225035448.jpg,1,Female,1,Indian,3,20161219225035448
60_1_0_20170110122526605.jpg,60,Female,1,White,0,20170110122526605
30_0_2_20170116223016131.jpg,30,Male,0,Asian,2,20170116223016131
66_1_1_20170110153026621.jpg,66,Female,1,Black,1,20170110153026621
35_1_0_20170116201625242.jpg,35,Female,1,White,0,20170116201625242
27_1_2_20170116163625314.jpg,27,Female,1,Asian,2,20170116163625314
12_0_0_20170110221819113.jpg,12,Male,0,White,0,20170110221819113
54_0_0_20170113210127075.jpg,54,Male,0,White,0,20170113210127075
27_0_1_20170116194835214.jpg,27,Male,0,Black,1,20170116194835214
2_1_2_20161219222430327.jpg,2,Female,1,Asian,2,20161219222430327
28_0_0_20170120134909814.jpg,28,Male,0,White,0,20170120134909814
62_0_3_20170112205627841.jpg,62,Male,0,Indian,3,20170112205627841
50_0_0_20170117154301923.jpg,50,Male,0,White,0,20170117154301923
15_1_2_20170104015856031.jpg,15,Female,1,Asian,2,20170104015856031
25_1_0_20170117141803697.jpg,25,Female,1,White,0,20170117141803697
25_1_3_20170119172143516.jpg,25,Female,1,Indian,3,20170119172143516
60_1_1_20170110122351600.jpg,60,Female,1,Black,1,20170110122351600
16_0_0_20170110231814139.jpg,16,Male,0,White,0,20170110231814139
41_0_2_20170104211935428.jpg,41,Male,0,Asian,2,20170104211935428
28_1_4_20170104165215184.jpg,28,Female,1,Others,4,20170104165215184
31_1_0_20170117131127303.jpg,31,Female,1,White,0,20170117131127303
85_1_0_20170110183559248.jpg,85,Female,1,White,0,20170110183559248
50_0_0_20170120222405224.jpg,50,Male,0,White,0,20170120222405224
27_1_1_20170114031455929.jpg,27,Female,1,Black,1,20170114031455929
26_1_1_20170113000655059.jpg,26,Female,1,Black,1,20170113000655059
28_0_2_20161219192654931.jpg,28,Male,0,Asian,2,20161219192654931
37_1_0_20170103163519252.jpg,37,Female,1,White,0,20170103163519252
43_1_4_20170117204025030.jpg,43,Female,1,Others,4,20170117204025030
35_0_0_20170117191315042.jpg,35,Male,0,White,0,20170117191315042
105_1_0_20170112213021902.jpg,105,Female,1,White,0,20170112213021902
58_0_0_20170104002241806.jpg,58,Male,0,White,0,20170104002241806
3_0_3_20161220222637579.jpg,3,Male,0,Indian,3,20161220222637579
24_0_2_20170116193026959.jpg,24,Male,0,Asian,2,20170116193026959
9_0_0_20170110225341709.jpg,9,Male,0,White,0,20170110225341709
28_0_0_20170108225116577.jpg,28,Male,0,White,0,20170108225116577
27_0_0_20170102233409115.jpg,27,Male,0,White,0,20170102233409115
30_1_1_20170115235628191.jpg,30,Female,1,Black,1,20170115235628191
30_1_2_20170116161348207.jpg,30,Female,1,Asian,2,20170116161348207
27_1_3_20170104223211159.jpg,27,Female,1,Indian,3,20170104223211159
39_0_0_20170112215032192.jpg,39,Male,0,White,0,20170112215032192
26_1_3_20170119192540907.jpg,26,Female,1,Indian,3,20170119192540907
36_0_0_20170117181825165.jpg,36,Male,0,White,0,20170117181825165
28_1_2_20170116165133825.jpg,28,Female,1,Asian,2,20170116165133825
38_1_2_20170116153446750.jpg,38,Female,1,Asian,2,20170116153446750
25_0_1_20170117165420219.jpg,25,Male,0,Black,1,20170117165420219
50_0_3_20170119195739498.jpg,50,Male,0,Indian,3,20170119195739498
35_0_1_20170117143129752.jpg,35,Male,0,Black,1,20170117143129752
70_0_3_20170119205748663.jpg,70,Male,0,Indian,3,20170119205748663
25_1_0_20170113005444622.jpg,25,Female,1,White,0,20170113005444622
32_0_1_20170116194843970.jpg,32,Male,0,Black,1,20170116194843970
25_0_1_20170113132605095.jpg,25,Male,0,Black,1,20170113132605095
38_0_1_20170116002845718.jpg,38,Male,0,Black,1,20170116002845718
25_1_3_20170119172137400.jpg,25,Female,1,Indian,3,20170119172137400
22_1_4_20170103212717246.jpg,22,Female,1,Others,4,20170103212717246
19_0_1_20170116210354987.jpg,19,Male,0,Black,1,20170116210354987
17_0_0_20170105183357879.jpg,17,Male,0,White,0,20170105183357879
21_0_4_20170103230615993.jpg,21,Male,0,Others,4,20170103230615993
29_1_1_20170104192718648.jpg,29,Female,1,Black,1,20170104192718648
18_0_0_20170117135727463.jpg,18,Male,0,White,0,20170117135727463
32_1_3_20170116153431215.jpg,32,Female,1,Indian,3,20170116153431215
82_1_0_20170110184132973.jpg,82,Female,1,White,0,20170110184132973
29_1_0_20170116003521569.jpg,29,Female,1,White,0,20170116003521569
62_0_1_20170117183538747.jpg,62,Male,0,Black,1,20170117183538747
12_1_0_20170109203631496.jpg,12,Female,1,White,0,20170109203631496
26_1_2_20170116184737269.jpg,26,Female,1,Asian,2,20170116184737269
17_0_0_20170110232616400.jpg,17,Male,0,White,0,20170110232616400
8_0_0_20170110215609467.jpg,8,Male,0,White,0,20170110215609467
35_0_0_20170117183000621.jpg,35,Male,0,White,0,20170117183000621
60_1_0_20170110140900329.jpg,60,Female,1,White,0,20170110140900329
16_1_0_20170102234805899.jpg,16,Female,1,White,0,20170102234805899
20_1_2_20170104015722028.jpg,20,Female,1,Asian,2,20170104015722028
26_1_3_20170119180550463.jpg,26,Female,1,Indian,3,20170119180550463
55_0_3_20170119181128452.jpg,55,Male,0,Indian,3,20170119181128452
46_1_4_20170105170029053.jpg,46,Female,1,Others,4,20170105170029053
58_0_0_20170117191901524.jpg,58,Male,0,White,0,20170117191901524
28_1_2_20170116192305668.jpg,28,Female,1,Asian,2,20170116192305668
22_1_2_20170116172614669.jpg,22,Female,1,Asian,2,20170116172614669
24_0_2_20170116161834099.jpg,24,Male,0,Asian,2,20170116161834099
39_0_0_20170105172344157.jpg,39,Male,0,White,0,20170105172344157
27_0_2_20170116173713171.jpg,27,Male,0,Asian,2,20170116173713171
3_1_1_20170109191427473.jpg,3,Female,1,Black,1,20170109191427473
80_1_0_20170110183156137.jpg,80,Female,1,White,0,20170110183156137
26_0_1_20170114031743417.jpg,26,Male,0,Black,1,20170114031743417
63_0_0_20170111171747601.jpg,63,Male,0,White,0,20170111171747601
23_0_1_20170114034248958.jpg,23,Male,0,Black,1,20170114034248958
56_1_0_20170110122147365.jpg,56,Female,1,White,0,20170110122147365
30_0_1_20170117202813031.jpg,30,Male,0,Black,1,20170117202813031
43_0_1_20170104185752431.jpg,43,Male,0,Black,1,20170104185752431
44_0_3_20170119200316171.jpg,44,Male,0,Indian,3,20170119200316171
26_1_0_20170117195825620.jpg,26,Female,1,White,0,20170117195825620
24_1_3_20170104222526663.jpg,24,Female,1,Indian,3,20170104222526663
50_0_3_20170111222312455.jpg,50,Male,0,Indian,3,20170111222312455
35_1_0_20170117121936119.jpg,35,Female,1,White,0,20170117121936119
31_0_4_20170104200510431.jpg,31,Male,0,Others,4,20170104200510431
27_0_1_20170117012341879.jpg,27,Male,0,Black,1,20170117012341879
9_1_0_20170109204626343.jpg,9,Female,1,White,0,20170109204626343
49_0_0_20170104211525124.jpg,49,Male,0,White,0,20170104211525124
36_1_1_20170113011359152.jpg,36,Female,1,Black,1,20170113011359152
26_1_2_20170116184512597.jpg,26,Female,1,Asian,2,20170116184512597
1_0_3_20161219225322506.jpg,1,Male,0,Indian,3,20161219225322506
56_0_0_20170113210319631.jpg,56,Male,0,White,0,20170113210319631
18_1_1_20170113002913732.jpg,18,Female,1,Black,1,20170113002913732
76_1_0_20170112204943874.jpg,76,Female,1,White,0,20170112204943874
36_1_1_20170112215137928.jpg,36,Female,1,Black,1,20170112215137928
29_0_0_20170117190157234.jpg,29,Male,0,White,0,20170117190157234
58_0_0_20170117193913647.jpg,58,Male,0,White,0,20170117193913647
34_1_0_20170117134931832.jpg,34,Female,1,White,0,20170117134931832
42_0_0_20170117185635954.jpg,42,Male,0,White,0,20170117185635954
23_1_1_20170103212737732.jpg,23,Female,1,Black,1,20170103212737732
30_0_0_20170105164559132.jpg,30,Male,0,White,0,20170105164559132
35_1_1_20170117151422756.jpg,35,Female,1,Black,1,20170117151422756
4_0_3_20170119180525502.jpg,4,Male,0,Indian,3,20170119180525502
35_0_2_20170105172512670.jpg,35,Male,0,Asian,2,20170105172512670
2_1_0_20170109193848145.jpg,2,Female,1,White,0,20170109193848145
2_1_2_20161219204046924.jpg,2,Female,1,Asian,2,20161219204046924
26_1_0_20170117003136628.jpg,26,Female,1,White,0,20170117003136628
26_1_1_20170117174116677.jpg,26,Female,1,Black,1,20170117174116677
26_1_1_20170112212048675.jpg,26,Female,1,Black,1,20170112212048675
40_0_0_20170117154610956.jpg,40,Male,0,White,0,20170117154610956
30_1_0_20170117181422492.jpg,30,Female,1,White,0,20170117181422492
29_1_1_20170116010545437.jpg,29,Female,1,Black,1,20170116010545437
19_1_0_20170109193136416.jpg,19,Female,1,White,0,20170109193136416
7_0_2_20161219190141683.jpg,7,Male,0,Asian,2,20161219190141683
26_0_2_20170116175955916.jpg,26,Male,0,Asian,2,20170116175955916
21_1_3_20170104221836903.jpg,21,Female,1,Indian,3,20170104221836903
60_1_0_20170117174613438.jpg,60,Female,1,White,0,20170117174613438
45_1_1_20170113195612333.jpg,45,Female,1,Black,1,20170113195612333
54_1_1_20170120223626558.jpg,54,Female,1,Black,1,20170120223626558
23_1_0_20170117144933457.jpg,23,Female,1,White,0,20170117144933457
30_1_1_20170112203939596.jpg,30,Female,1,Black,1,20170112203939596
45_0_0_20170120140945913.jpg,45,Male,0,White,0,20170120140945913
38_0_1_20170116232535514.jpg,38,Male,0,Black,1,20170116232535514
34_0_3_20170119152422977.jpg,34,Male,0,Indian,3,20170119152422977
35_1_0_20170104201705201.jpg,35,Female,1,White,0,20170104201705201
14_1_0_20170109214635943.jpg,14,Female,1,White,0,20170109214635943
2_0_2_20161219141236632.jpg,2,Male,0,Asian,2,20161219141236632
56_0_1_20170117175154108.jpg,56,Male,0,Black,1,20170117175154108
16_1_0_20170104011815680.jpg,16,Female,1,White,0,20170104011815680
24_1_1_20170112233347824.jpg,24,Female,1,Black,1,20170112233347824
1_1_2_20161219162635831.jpg,1,Female,1,Asian,2,20161219162635831
22_1_3_20170104222612607.jpg,22,Female,1,Indian,3,20170104222612607
26_1_0_20170117152609260.jpg,26,Female,1,White,0,20170117152609260
15_1_0_20170109214523308.jpg,15,Female,1,White,0,20170109214523308
36_0_3_20170116024311670.jpg,36,Male,0,Indian,3,20170116024311670
8_1_0_20170109202720967.jpg,8,Female,1,White,0,20170109202720967
26_0_0_20170104230456289.jpg,26,Male,0,White,0,20170104230456289
96_1_2_20170110182526540.jpg,96,Female,1,Asian,2,20170110182526540
17_0_1_20170113132556480.jpg,17,Male,0,Black,1,20170113132556480
35_0_0_20170105172434989.jpg,35,Male,0,White,0,20170105172434989
28_1_0_20170104165123368.jpg,28,Female,1,White,0,20170104165123368
26_1_4_20170117174529702.jpg,26,Female,1,Others,4,20170117174529702
23_1_4_20170103233615355.jpg,23,Female,1,Others,4,20170103233615355
35_1_0_20170116222743531.jpg,35,Female,1,White,0,20170116222743531
35_0_3_20170119201338805.jpg,35,Male,0,Indian,3,20170119201338805
36_1_0_20170104174248859.jpg,36,Female,1,White,0,20170104174248859
62_1_0_20170110140404141.jpg,62,Female,1,White,0,20170110140404141
26_1_1_20170116153255355.jpg,26,Female,1,Black,1,20170116153255355
36_0_1_20170116193840027.jpg,36,Male,0,Black,1,20170116193840027
2_0_0_20170110213103595.jpg,2,Male,0,White,0,20170110213103595
80_1_0_20170110154540002.jpg,80,Female,1,White,0,20170110154540002
44_0_3_20170119150719334.jpg,44,Male,0,Indian,3,20170119150719334
24_0_0_20170117150217643.jpg,24,Male,0,White,0,20170117150217643
23_1_2_20170116172852744.jpg,23,Female,1,Asian,2,20170116172852744
50_0_0_20170104211706898.jpg,50,Male,0,White,0,20170104211706898
26_1_0_20170117003247198.jpg,26,Female,1,White,0,20170117003247198
37_0_2_20170119193347850.jpg,37,Male,0,Asian,2,20170119193347850
45_0_0_20170117185742546.jpg,45,Male,0,White,0,20170117185742546
68_0_1_20170117172339634.jpg,68,Male,0,Black,1,20170117172339634
25_1_2_20170107213811324.jpg,25,Female,1,Asian,2,20170107213811324
54_0_0_20170120223352027.jpg,54,Male,0,White,0,20170120223352027
26_1_3_20170119193143376.jpg,26,Female,1,Indian,3,20170119193143376
67_1_0_20170110154623389.jpg,67,Female,1,White,0,20170110154623389
33_1_1_20170112233308831.jpg,33,Female,1,Black,1,20170112233308831
51_0_0_20170109012434913.jpg,51,Male,0,White,0,20170109012434913
26_1_1_20170113012101312.jpg,26,Female,1,Black,1,20170113012101312
48_1_0_20170109220544479.jpg,48,Female,1,White,0,20170109220544479
32_1_1_20170116153011586.jpg,32,Female,1,Black,1,20170116153011586
30_1_2_20170104020459348.jpg,30,Female,1,Asian,2,20170104020459348
3_1_0_20170109193021650.jpg,3,Female,1,White,0,20170109193021650
30_1_3_20170104232927250.jpg,30,Female,1,Indian,3,20170104232927250
80_1_0_20170110151356634.jpg,80,Female,1,White,0,20170110151356634
33_1_0_20170117182546605.jpg,33,Female,1,White,0,20170117182546605
41_0_0_20170105173537165.jpg,41,Male,0,White,0,20170105173537165
31_1_1_20170117133424944.jpg,31,Female,1,Black,1,20170117133424944
26_0_0_20170117154314150.jpg,26,Male,0,White,0,20170117154314150
34_1_1_20170117022208457.jpg,34,Female,1,Black,1,20170117022208457
4_1_0_20161219230409176.jpg,4,Female,1,White,0,20161219230409176
47_0_3_20170119175043787.jpg,47,Male,0,Indian,3,20170119175043787
3_1_0_20170109190815163.jpg,3,Female,1,White,0,20170109190815163
48_0_0_20170117003352809.jpg,48,Male,0,White,0,20170117003352809
6_0_0_20170110215531428.jpg,6,Male,0,White,0,20170110215531428
75_0_3_20170119204101959.jpg,75,Male,0,Indian,3,20170119204101959
68_1_0_20170110183125200.jpg,68,Female,1,White,0,20170110183125200
56_0_0_20170120222849329.jpg,56,Male,0,White,0,20170120222849329
30_0_2_20170116193441821.jpg,30,Male,0,Asian,2,20170116193441821
29_0_0_20170104170538793.jpg,29,Male,0,White,0,20170104170538793
68_1_0_20170103184201412.jpg,68,Female,1,White,0,20170103184201412
1_1_2_20161219142012569.jpg,1,Female,1,Asian,2,20161219142012569
1_1_0_20170109190937434.jpg,1,Female,1,White,0,20170109190937434
60_1_0_20170110183850108.jpg,60,Female,1,White,0,20170110183850108
40_0_1_20170113142401365.jpg,40,Male,0,Black,1,20170113142401365
45_0_0_20170117172543924.jpg,45,Male,0,White,0,20170117172543924
23_0_1_20170114033521648.jpg,23,Male,0,Black,1,20170114033521648
40_0_0_20170116211756148.jpg,40,Male,0,White,0,20170116211756148
27_1_2_20170116163816775.jpg,27,Female,1,Asian,2,20170116163816775
36_0_3_20170117135513053.jpg,36,Male,0,Indian,3,20170117135513053
26_1_1_20170116232324000.jpg,26,Female,1,Black,1,20170116232324000
70_0_0_20170117171117703.jpg,70,Male,0,White,0,20170117171117703
84_1_0_20170110180441394.jpg,84,Female,1,White,0,20170110180441394
27_0_1_20170116030530533.jpg,27,Male,0,Black,1,20170116030530533
27_1_2_20170104020913116.jpg,27,Female,1,Asian,2,20170104020913116
4_1_0_20170109193059401.jpg,4,Female,1,White,0,20170109193059401
31_0_2_20170116170946512.jpg,31,Male,0,Asian,2,20170116170946512
42_1_3_20170119155657771.jpg,42,Female,1,Indian,3,20170119155657771
28_1_2_20170116164612760.jpg,28,Female,1,Asian,2,20170116164612760
24_0_2_20170116172518044.jpg,24,Male,0,Asian,2,20170116172518044
9_0_0_20170110225609333.jpg,9,Male,0,White,0,20170110225609333
7_0_0_20170110215335739.jpg,7,Male,0,White,0,20170110215335739
65_0_0_20170104185810566.jpg,65,Male,0,White,0,20170104185810566
23_0_4_20170103234915411.jpg,23,Male,0,Others,4,20170103234915411
4_1_0_20161219153720476.jpg,4,Female,1,White,0,20161219153720476
3_0_0_20161219154705684.jpg,3,Male,0,White,0,20161219154705684
42_1_0_20170105164819483.jpg,42,Female,1,White,0,20170105164819483
40_0_0_20170120220126473.jpg,40,Male,0,White,0,20170120220126473
18_1_3_20170104222052685.jpg,18,Female,1,Indian,3,20170104222052685
1_1_0_20170109192729677.jpg,1,Female,1,White,0,20170109192729677
26_1_1_20170116232824362.jpg,26,Female,1,Black,1,20170116232824362
7_0_0_20170110224448021.jpg,7,Male,0,White,0,20170110224448021
40_1_1_20170113012648537.jpg,40,Female,1,Black,1,20170113012648537
44_0_1_20170117172018631.jpg,44,Male,0,Black,1,20170117172018631
26_0_4_20170103235432764.jpg,26,Male,0,Others,4,20170103235432764
74_1_0_20170120224932730.jpg,74,Female,1,White,0,20170120224932730
1_1_2_20161219141709601.jpg,1,Female,1,Asian,2,20161219141709601
1_0_2_20161219211706614.jpg,1,Male,0,Asian,2,20161219211706614
55_1_2_20161219153926437.jpg,55,Female,1,Asian,2,20161219153926437
26_0_1_20170113152847713.jpg,26,Male,0,Black,1,20170113152847713
26_1_2_20170104022229597.jpg,26,Female,1,Asian,2,20170104022229597
46_1_0_20170117114910298.jpg,46,Female,1,White,0,20170117114910298
26_1_3_20170119193111657.jpg,26,Female,1,Indian,3,20170119193111657
20_0_0_20170116205821909.jpg,20,Male,0,White,0,20170116205821909
1_0_3_20161220144649151.jpg,1,Male,0,Indian,3,20161220144649151
42_0_0_20170104184335702.jpg,42,Male,0,White,0,20170104184335702
26_0_0_20170117171613595.jpg,26,Male,0,White,0,20170117171613595
16_0_0_20170110232757924.jpg,16,Male,0,White,0,20170110232757924
32_0_1_20170113175642986.jpg,32,Male,0,Black,1,20170113175642986
24_0_0_20170109214744250.jpg,24,Male,0,White,0,20170109214744250
10_1_0_20170109204338404.jpg,10,Female,1,White,0,20170109204338404
52_1_0_20170110122416544.jpg,52,Female,1,White,0,20170110122416544
4_1_4_20161221202534346.jpg,4,Female,1,Others,4,20161221202534346
8_0_0_20170110220552025.jpg,8,Male,0,White,0,20170110220552025
26_0_1_20170116030153348.jpg,26,Male,0,Black,1,20170116030153348
49_0_0_20170104185843894.jpg,49,Male,0,White,0,20170104185843894
44_0_0_20170117003404757.jpg,44,Male,0,White,0,20170117003404757
16_0_3_20170110232150874.jpg,16,Male,0,Indian,3,20170110232150874
46_1_1_20170112220304903.jpg,46,Female,1,Black,1,20170112220304903
58_1_1_20170113012151936.jpg,58,Female,1,Black,1,20170113012151936
28_0_2_20170104022635829.jpg,28,Male,0,Asian,2,20170104022635829
45_0_0_20170104165204728.jpg,45,Male,0,White,0,20170104165204728
28_1_1_20170113012541073.jpg,28,Female,1,Black,1,20170113012541073
85_0_0_20170111210319130.jpg,85,Male,0,White,0,20170111210319130
24_0_2_20170116165054448.jpg,24,Male,0,Asian,2,20170116165054448
87_0_0_20170120230518577.jpg,87,Male,0,White,0,20170120230518577
7_0_1_20170110223522905.jpg,7,Male,0,Black,1,20170110223522905
26_1_0_20170117201551622.jpg,26,Female,1,White,0,20170117201551622
1_0_0_20170110205409644.jpg,1,Male,0,White,0,20170110205409644
40_0_3_20170119192039721.jpg,40,Male,0,Indian,3,20170119192039721
36_0_3_20170119201916448.jpg,36,Male,0,Indian,3,20170119201916448
31_0_2_20170116191346864.jpg,31,Male,0,Asian,2,20170116191346864
58_0_0_20170104185539454.jpg,58,Male,0,White,0,20170104185539454
26_0_0_20170119180114276.jpg,26,Male,0,White,0,20170119180114276
25_1_0_20170116001327790.jpg,25,Female,1,White,0,20170116001327790
26_1_1_20170112230617333.jpg,26,Female,1,Black,1,20170112230617333
32_0_0_20170117140353209.jpg,32,Male,0,White,0,20170117140353209
35_0_3_20170119171459001.jpg,35,Male,0,Indian,3,20170119171459001
30_0_0_20170117120123025.jpg,30,Male,0,White,0,20170117120123025
9_0_1_20170110225103801.jpg,9,Male,0,Black,1,20170110225103801
31_1_0_20170117133158992.jpg,31,Female,1,White,0,20170117133158992
34_1_0_20170109004742195.jpg,34,Female,1,White,0,20170109004742195
56_0_0_20170111171747459.jpg,56,Male,0,White,0,20170111171747459
56_0_1_20170113173811475.jpg,56,Male,0,Black,1,20170113173811475
27_0_3_20170119194353171.jpg,27,Male,0,Indian,3,20170119194353171
27_1_0_20170109132133665.jpg,27,Female,1,White,0,20170109132133665
39_1_1_20170104174036250.jpg,39,Female,1,Black,1,20170104174036250
85_1_0_20170110173744770.jpg,85,Female,1,White,0,20170110173744770
26_1_1_20170116021949852.jpg,26,Female,1,Black,1,20170116021949852
39_1_0_20170105001220803.jpg,39,Female,1,White,0,20170105001220803
34_1_1_20170116233657414.jpg,34,Female,1,Black,1,20170116233657414
26_0_1_20170113151608208.jpg,26,Male,0,Black,1,20170113151608208
27_0_3_20170119155943666.jpg,27,Male,0,Indian,3,20170119155943666
70_1_0_20170113003731381.jpg,70,Female,1,White,0,20170113003731381
22_1_1_20170114033236159.jpg,22,Female,1,Black,1,20170114033236159
25_1_0_20170117135959687.jpg,25,Female,1,White,0,20170117135959687
66_1_0_20170110140921650.jpg,66,Female,1,White,0,20170110140921650
34_0_1_20170116200653236.jpg,34,Male,0,Black,1,20170116200653236
21_0_0_20170102233225196.jpg,21,Male,0,White,0,20170102233225196
44_1_0_20170117190015938.jpg,44,Female,1,White,0,20170117190015938
35_0_0_20170117122020502.jpg,35,Male,0,White,0,20170117122020502
1_1_2_20161219211512447.jpg,1,Female,1,Asian,2,20161219211512447
24_0_0_20170116215611282.jpg,24,Male,0,White,0,20170116215611282
24_0_3_20170104230211113.jpg,24,Male,0,Indian,3,20170104230211113
34_1_3_20170119152405425.jpg,34,Female,1,Indian,3,20170119152405425
51_0_4_20170104193634471.jpg,51,Male,0,Others,4,20170104193634471
54_1_0_20170117171700131.jpg,54,Female,1,White,0,20170117171700131
6_1_0_20170117201301199.jpg,6,Female,1,White,0,20170117201301199
20_1_4_20170103201807368.jpg,20,Female,1,Others,4,20170103201807368
20_1_2_20170108224234471.jpg,20,Female,1,Asian,2,20170108224234471
33_1_1_20170113005238142.jpg,33,Female,1,Black,1,20170113005238142
1_1_4_20170109193346573.jpg,1,Female,1,Others,4,20170109193346573
35_0_0_20170117172025987.jpg,35,Male,0,White,0,20170117172025987
58_0_1_20170117191843355.jpg,58,Male,0,Black,1,20170117191843355
7_1_2_20170104023324470.jpg,7,Female,1,Asian,2,20170104023324470
57_1_0_20170104205902805.jpg,57,Female,1,White,0,20170104205902805
28_0_0_20170117120914517.jpg,28,Male,0,White,0,20170117120914517
24_1_0_20170119170936274.jpg,24,Female,1,White,0,20170119170936274
61_0_0_20170111171747577.jpg,61,Male,0,White,0,20170111171747577
53_1_0_20170110160643329.jpg,53,Female,1,White,0,20170110160643329
76_0_1_20170116010457070.jpg,76,Male,0,Black,1,20170116010457070
26_1_2_20170116184624186.jpg,26,Female,1,Asian,2,20170116184624186
26_1_1_20170113011811105.jpg,26,Female,1,Black,1,20170113011811105
35_0_0_20170120222647529.jpg,35,Male,0,White,0,20170120222647529
1_0_2_20161219205758717.jpg,1,Male,0,Asian,2,20161219205758717
35_1_3_20170104232853676.jpg,35,Female,1,Indian,3,20170104232853676
45_0_3_20170113190535208.jpg,45,Male,0,Indian,3,20170113190535208
63_0_0_20170113210319759.jpg,63,Male,0,White,0,20170113210319759
39_1_0_20170117154452143.jpg,39,Female,1,White,0,20170117154452143
46_0_2_20170116192700927.jpg,46,Male,0,Asian,2,20170116192700927
27_0_1_20170113133402529.jpg,27,Male,0,Black,1,20170113133402529
25_1_1_20170117170628763.jpg,25,Female,1,Black,1,20170117170628763
53_0_0_20170120223001107.jpg,53,Male,0,White,0,20170120223001107
37_1_2_20170105164301196.jpg,37,Female,1,Asian,2,20170105164301196
45_0_1_20170113173025009.jpg,45,Male,0,Black,1,20170113173025009
80_0_2_20170112205254236.jpg,80,Male,0,Asian,2,20170112205254236
50_1_1_20170117145027850.jpg,50,Female,1,Black,1,20170117145027850
45_0_0_20170104172836234.jpg,45,Male,0,White,0,20170104172836234
24_0_2_20170116172146677.jpg,24,Male,0,Asian,2,20170116172146677
22_0_3_20170119162807109.jpg,22,Male,0,Indian,3,20170119162807109
42_0_3_20170119204239438.jpg,42,Male,0,Indian,3,20170119204239438
20_0_1_20170113132756615.jpg,20,Male,0,Black,1,20170113132756615
53_0_0_20170104212348773.jpg,53,Male,0,White,0,20170104212348773
34_0_0_20170116030432644.jpg,34,Male,0,White,0,20170116030432644
8_1_0_20170109202339392.jpg,8,Female,1,White,0,20170109202339392
40_0_1_20170117185317784.jpg,40,Male,0,Black,1,20170117185317784
21_0_0_20170117141910383.jpg,21,Male,0,White,0,20170117141910383
29_0_0_20170109002204336.jpg,29,Male,0,White,0,20170109002204336
2_0_3_20161219224627007.jpg,2,Male,0,Indian,3,20161219224627007
28_1_3_20170117183503510.jpg,28,Female,1,Indian,3,20170117183503510
10_0_0_20170110224549512.jpg,10,Male,0,White,0,20170110224549512
10_0_0_20161220222308131.jpg,10,Male,0,White,0,20161220222308131
3_1_2_20161219151433163.jpg,3,Female,1,Asian,2,20161219151433163
30_1_0_20170117120237417.jpg,30,Female,1,White,0,20170117120237417
36_0_0_20170113183241454.jpg,36,Male,0,White,0,20170113183241454
25_0_0_20170116001254628.jpg,25,Male,0,White,0,20170116001254628
35_1_0_20170103182736051.jpg,35,Female,1,White,0,20170103182736051
14_1_0_20170109214428765.jpg,14,Female,1,White,0,20170109214428765
1_0_2_20161219203256078.jpg,1,Male,0,Asian,2,20161219203256078
10_0_0_20170110220255346.jpg,10,Male,0,White,0,20170110220255346
25_0_1_20170113175701874.jpg,25,Male,0,Black,1,20170113175701874
28_1_4_20170117120426927.jpg,28,Female,1,Others,4,20170117120426927
25_1_0_20170109213630541.jpg,25,Female,1,White,0,20170109213630541
1_1_2_20161219205048452.jpg,1,Female,1,Asian,2,20161219205048452
18_0_0_20170117175643037.jpg,18,Male,0,White,0,20170117175643037
80_1_0_20170110131652409.jpg,80,Female,1,White,0,20170110131652409
40_0_3_20170119191805016.jpg,40,Male,0,Indian,3,20170119191805016
38_0_3_20170117162532923.jpg,38,Male,0,Indian,3,20170117162532923
35_0_1_20170113182403214.jpg,35,Male,0,Black,1,20170113182403214
14_1_0_20170109214345916.jpg,14,Female,1,White,0,20170109214345916
29_1_4_20170103235218684.jpg,29,Female,1,Others,4,20170103235218684
25_0_0_20170120222735442.jpg,25,Male,0,White,0,20170120222735442
26_0_1_20170116231231576.jpg,26,Male,0,Black,1,20170116231231576
54_0_0_20170104211828524.jpg,54,Male,0,White,0,20170104211828524
51_1_1_20170120133936151.jpg,51,Female,1,Black,1,20170120133936151
39_0_1_20170116202008001.jpg,39,Male,0,Black,1,20170116202008001
37_0_3_20170119202229780.jpg,37,Male,0,Indian,3,20170119202229780
41_1_0_20170105172643292.jpg,41,Female,1,White,0,20170105172643292
20_1_0_20170117141220570.jpg,20,Female,1,White,0,20170117141220570
26_1_2_20170116183016628.jpg,26,Female,1,Asian,2,20170116183016628
22_1_2_20170116162522559.jpg,22,Female,1,Asian,2,20170116162522559
26_1_3_20170119192110658.jpg,26,Female,1,Indian,3,20170119192110658
32_0_3_20170119200253810.jpg,32,Male,0,Indian,3,20170119200253810
20_0_0_20170116200755014.jpg,20,Male,0,White,0,20170116200755014
33_0_3_20170119200537548.jpg,33,Male,0,Indian,3,20170119200537548
23_1_0_20170116221851470.jpg,23,Female,1,White,0,20170116221851470
54_0_0_20170120223256415.jpg,54,Male,0,White,0,20170120223256415
29_0_0_20170116225141614.jpg,29,Male,0,White,0,20170116225141614
4_1_0_20170109193436148.jpg,4,Female,1,White,0,20170109193436148
73_1_0_20170109220906926.jpg,73,Female,1,White,0,20170109220906926
56_0_1_20170113185207203.jpg,56,Male,0,Black,1,20170113185207203
35_1_2_20170103182708145.jpg,35,Female,1,Asian,2,20170103182708145
25_1_0_20170117143916425.jpg,25,Female,1,White,0,20170117143916425
24_1_1_20170115235014974.jpg,24,Female,1,Black,1,20170115235014974
28_1_4_20170117202558575.jpg,28,Female,1,Others,4,20170117202558575
22_1_1_20170112202834858.jpg,22,Female,1,Black,1,20170112202834858
26_1_1_20170116232808475.jpg,26,Female,1,Black,1,20170116232808475
32_1_1_20170112234515247.jpg,32,Female,1,Black,1,20170112234515247
42_0_1_20170116194444692.jpg,42,Male,0,Black,1,20170116194444692
6_1_2_20161219200113379.jpg,6,Female,1,Asian,2,20161219200113379
69_1_0_20170109150615726.jpg,69,Female,1,White,0,20170109150615726
11_1_0_20170109203919852.jpg,11,Female,1,White,0,20170109203919852
25_0_3_20170119153348729.jpg,25,Male,0,Indian,3,20170119153348729
27_1_0_20170105183347327.jpg,27,Female,1,White,0,20170105183347327
30_1_4_20170103183855083.jpg,30,Female,1,Others,4,20170103183855083
26_0_4_20170117195456708.jpg,26,Male,0,Others,4,20170117195456708
22_0_3_20170119144723733.jpg,22,Male,0,Indian,3,20170119144723733
45_0_3_20170119203905073.jpg,45,Male,0,Indian,3,20170119203905073
15_1_0_20170109204354264.jpg,15,Female,1,White,0,20170109204354264
45_0_0_20170120221844935.jpg,45,Male,0,White,0,20170120221844935
30_1_0_20170104165921257.jpg,30,Female,1,White,0,20170104165921257
46_0_4_20170117190308338.jpg,46,Male,0,Others,4,20170117190308338
49_0_0_20170117180047148.jpg,49,Male,0,White,0,20170117180047148
41_0_0_20170116010754652.jpg,41,Male,0,White,0,20170116010754652
1_0_0_20170110213508380.jpg,1,Male,0,White,0,20170110213508380
5_1_3_20161219230446729.jpg,5,Female,1,Indian,3,20161219230446729
39_0_1_20170104200618034.jpg,39,Male,0,Black,1,20170104200618034
24_0_1_20170116172507878.jpg,24,Male,0,Black,1,20170116172507878
12_1_2_20170116190115810.jpg,12,Female,1,Asian,2,20170116190115810
39_0_0_20170104205032348.jpg,39,Male,0,White,0,20170104205032348
60_0_0_20170111204719687.jpg,60,Male,0,White,0,20170111204719687
37_0_0_20170104202337592.jpg,37,Male,0,White,0,20170104202337592
47_0_0_20170104211911013.jpg,47,Male,0,White,0,20170104211911013
59_0_0_20170104185522222.jpg,59,Male,0,White,0,20170104185522222
45_0_0_20170117203225383.jpg,45,Male,0,White,0,20170117203225383
27_1_1_20170116162433766.jpg,27,Female,1,Black,1,20170116162433766
37_1_3_20170104235755035.jpg,37,Female,1,Indian,3,20170104235755035
43_1_1_20170117155119604.jpg,43,Female,1,Black,1,20170117155119604
1_1_3_20161220145210271.jpg,1,Female,1,Indian,3,20161220145210271
24_0_0_20170117145820962.jpg,24,Male,0,White,0,20170117145820962
12_1_0_20170102234319611.jpg,12,Female,1,White,0,20170102234319611
28_0_1_20170113133340457.jpg,28,Male,0,Black,1,20170113133340457
28_1_2_20170116175308931.jpg,28,Female,1,Asian,2,20170116175308931
35_0_0_20170117180552033.jpg,35,Male,0,White,0,20170117180552033
72_1_0_20170110153733573.jpg,72,Female,1,White,0,20170110153733573
26_1_3_20170104222955855.jpg,26,Female,1,Indian,3,20170104222955855
26_1_0_20170116235548284.jpg,26,Female,1,White,0,20170116235548284
51_0_1_20170117173507025.jpg,51,Male,0,Black,1,20170117173507025
29_0_4_20170117100325932.jpg,29,Male,0,Others,4,20170117100325932
31_0_1_20170113142352298.jpg,31,Male,0,Black,1,20170113142352298
28_1_1_20170117180712098.jpg,28,Female,1,Black,1,20170117180712098
31_0_4_20170117153920514.jpg,31,Male,0,Others,4,20170117153920514
40_0_0_20170117121759794.jpg,40,Male,0,White,0,20170117121759794
110_1_0_20170120134701015.jpg,110,Female,1,White,0,20170120134701015
42_1_0_20170105173320357.jpg,42,Female,1,White,0,20170105173320357
2_1_0_20170109191548450.jpg,2,Female,1,White,0,20170109191548450
54_0_3_20170119211317280.jpg,54,Male,0,Indian,3,20170119211317280
29_0_1_20170116025852455.jpg,29,Male,0,Black,1,20170116025852455
53_1_4_20170117204305136.jpg,53,Female,1,Others,4,20170117204305136
4_0_0_20170110213557125.jpg,4,Male,0,White,0,20170110213557125
27_0_2_20170116170914365.jpg,27,Male,0,Asian,2,20170116170914365
77_0_1_20170116210256280.jpg,77,Male,0,Black,1,20170116210256280
26_1_0_20170116184837899.jpg,26,Female,1,White,0,20170116184837899
40_0_3_20170119204129150.jpg,40,Male,0,Indian,3,20170119204129150
34_1_0_20170103230321513.jpg,34,Female,1,White,0,20170103230321513
36_0_0_20170109003634534.jpg,36,Male,0,White,0,20170109003634534
26_0_4_20170120140013888.jpg,26,Male,0,Others,4,20170120140013888
88_0_2_20170112222049576.jpg,88,Male,0,Asian,2,20170112222049576
25_0_0_20170114030416988.jpg,25,Male,0,White,0,20170114030416988
2_1_3_20161220143102967.jpg,2,Female,1,Indian,3,20161220143102967
28_0_0_20170114030805385.jpg,28,Male,0,White,0,20170114030805385
96_1_2_20170110182504813.jpg,96,Female,1,Asian,2,20170110182504813
56_0_0_20170104201536050.jpg,56,Male,0,White,0,20170104201536050
35_0_0_20170117151516067.jpg,35,Male,0,White,0,20170117151516067
44_0_0_20170113210127508.jpg,44,Male,0,White,0,20170113210127508
36_0_3_20170119194656666.jpg,36,Male,0,Indian,3,20170119194656666
24_0_1_20170113195713509.jpg,24,Male,0,Black,1,20170113195713509
1_0_0_20161219162630727.jpg,1,Male,0,White,0,20161219162630727
24_1_1_20170112204507818.jpg,24,Female,1,Black,1,20170112204507818
27_1_1_20170117013828981.jpg,27,Female,1,Black,1,20170117013828981
7_0_1_20170110224345168.jpg,7,Male,0,Black,1,20170110224345168
54_0_3_20170119210212104.jpg,54,Male,0,Indian,3,20170119210212104
10_1_1_20170109203522559.jpg,10,Female,1,Black,1,20170109203522559
35_0_0_20170117135013511.jpg,35,Male,0,White,0,20170117135013511
45_0_0_20170117191556772.jpg,45,Male,0,White,0,20170117191556772
10_0_1_20170110223848885.jpg,10,Male,0,Black,1,20170110223848885
75_0_0_20170117173746334.jpg,75,Male,0,White,0,20170117173746334
79_0_2_20170105174927254.jpg,79,Male,0,Asian,2,20170105174927254
34_0_0_20170105173453140.jpg,34,Male,0,White,0,20170105173453140
37_1_1_20170116204841022.jpg,37,Female,1,Black,1,20170116204841022
24_1_3_20170104222339654.jpg,24,Female,1,Indian,3,20170104222339654
36_1_4_20170104204341444.jpg,36,Female,1,Others,4,20170104204341444
40_1_0_20170105163942716.jpg,40,Female,1,White,0,20170105163942716
68_0_3_20170119152352911.jpg,68,Male,0,Indian,3,20170119152352911
17_1_4_20161223214728028.jpg,17,Female,1,Others,4,20161223214728028
47_0_4_20170103230236105.jpg,47,Male,0,Others,4,20170103230236105
1_0_2_20161219154038141.jpg,1,Male,0,Asian,2,20161219154038141
35_0_1_20170109002946255.jpg,35,Male,0,Black,1,20170109002946255
28_1_1_20170117021633232.jpg,28,Female,1,Black,1,20170117021633232
19_1_0_20170104012012331.jpg,19,Female,1,White,0,20170104012012331
22_1_2_20170116162441662.jpg,22,Female,1,Asian,2,20170116162441662
46_0_0_20170104205749003.jpg,46,Male,0,White,0,20170104205749003
85_0_0_20170110183613267.jpg,85,Male,0,White,0,20170110183613267
5_1_2_20161219195118916.jpg,5,Female,1,Asian,2,20161219195118916
30_1_2_20170116184611730.jpg,30,Female,1,Asian,2,20170116184611730
31_1_3_20170104223314431.jpg,31,Female,1,Indian,3,20170104223314431
28_1_0_20170117180707457.jpg,28,Female,1,White,0,20170117180707457
58_0_0_20170116220615079.jpg,58,Male,0,White,0,20170116220615079
40_0_0_20170117135352413.jpg,40,Male,0,White,0,20170117135352413
34_0_4_20170105165000683.jpg,34,Male,0,Others,4,20170105165000683
41_0_0_20170117131132677.jpg,41,Male,0,White,0,20170117131132677
28_1_0_20170117122005148.jpg,28,Female,1,White,0,20170117122005148
43_1_3_20170119193027273.jpg,43,Female,1,Indian,3,20170119193027273
16_1_0_20170109212548663.jpg,16,Female,1,White,0,20170109212548663
39_1_1_20170117140914763.jpg,39,Female,1,Black,1,20170117140914763
27_0_2_20170119193327146.jpg,27,Male,0,Asian,2,20170119193327146
65_1_0_20170120224801168.jpg,65,Female,1,White,0,20170120224801168
13_1_0_20170109204108601.jpg,13,Female,1,White,0,20170109204108601
25_0_1_20170113132636784.jpg,25,Male,0,Black,1,20170113132636784
17_0_1_20170113145220398.jpg,17,Male,0,Black,1,20170113145220398
54_0_3_20170119210223969.jpg,54,Male,0,Indian,3,20170119210223969
37_0_0_20170104170051521.jpg,37,Male,0,White,0,20170104170051521
28_0_0_20170117021206167.jpg,28,Male,0,White,0,20170117021206167
14_1_3_20170104221818294.jpg,14,Female,1,Indian,3,20170104221818294
28_0_3_20170119194927932.jpg,28,Male,0,Indian,3,20170119194927932
56_1_0_20170117171814213.jpg,56,Female,1,White,0,20170117171814213
34_0_0_20170116192050166.jpg,34,Male,0,White,0,20170116192050166
26_1_0_20170113001701275.jpg,26,Female,1,White,0,20170113001701275
36_1_4_20170105001244316.jpg,36,Female,1,Others,4,20170105001244316
24_1_4_20170103223940759.jpg,24,Female,1,Others,4,20170103223940759
8_0_3_20170104225230063.jpg,8,Male,0,Indian,3,20170104225230063
26_1_1_20170112204726835.jpg,26,Female,1,Black,1,20170112204726835
1_0_2_20161219211107805.jpg,1,Male,0,Asian,2,20161219211107805
30_0_2_20161219190337805.jpg,30,Male,0,Asian,2,20161219190337805
15_0_0_20170120133307597.jpg,15,Male,0,White,0,20170120133307597
35_0_1_20170113155146201.jpg,35,Male,0,Black,1,20170113155146201
85_1_0_20170110183618363.jpg,85,Female,1,White,0,20170110183618363
45_0_0_20170120220558289.jpg,45,Male,0,White,0,20170120220558289
10_0_0_20170110225505288.jpg,10,Male,0,White,0,20170110225505288
26_0_1_20170113154905482.jpg,26,Male,0,Black,1,20170113154905482
54_0_0_20170104212608413.jpg,54,Male,0,White,0,20170104212608413
47_0_3_20170119205128991.jpg,47,Male,0,Indian,3,20170119205128991
1_0_0_20170110213013468.jpg,1,Male,0,White,0,20170110213013468
31_1_0_20170103183155451.jpg,31,Female,1,White,0,20170103183155451
85_1_0_20170110181632797.jpg,85,Female,1,White,0,20170110181632797
4_0_0_20170110232756133.jpg,4,Male,0,White,0,20170110232756133
64_0_2_20170116193332398.jpg,64,Male,0,Asian,2,20170116193332398
25_0_3_20170119171215856.jpg,25,Male,0,Indian,3,20170119171215856
26_0_3_20170119180508068.jpg,26,Male,0,Indian,3,20170119180508068
68_0_0_20170117172938504.jpg,68,Male,0,White,0,20170117172938504
34_0_3_20170119165709773.jpg,34,Male,0,Indian,3,20170119165709773
2_1_3_20161220144625342.jpg,2,Female,1,Indian,3,20161220144625342
61_0_0_20170113185438888.jpg,61,Male,0,White,0,20170113185438888
30_1_4_20170117203009657.jpg,30,Female,1,Others,4,20170117203009657
24_0_4_20170116232936514.jpg,24,Male,0,Others,4,20170116232936514
26_1_1_20170116232803092.jpg,26,Female,1,Black,1,20170116232803092
43_0_2_20170104210607932.jpg,43,Male,0,Asian,2,20170104210607932
35_1_1_20170112205159460.jpg,35,Female,1,Black,1,20170112205159460
55_0_3_20170119194918107.jpg,55,Male,0,Indian,3,20170119194918107
15_0_3_20170104230418059.jpg,15,Male,0,Indian,3,20170104230418059
32_1_1_20170112210310963.jpg,32,Female,1,Black,1,20170112210310963
26_0_0_20170104170627658.jpg,26,Male,0,White,0,20170104170627658
21_1_3_20170119154115689.jpg,21,Female,1,Indian,3,20170119154115689
29_0_0_20170117180833219.jpg,29,Male,0,White,0,20170117180833219
8_1_4_20170104005426863.jpg,8,Female,1,Others,4,20170104005426863
40_0_2_20170104192449111.jpg,40,Male,0,Asian,2,20170104192449111
32_1_1_20170116003223296.jpg,32,Female,1,Black,1,20170116003223296
22_0_3_20170119160342147.jpg,22,Male,0,Indian,3,20170119160342147
26_0_1_20170116184632849.jpg,26,Male,0,Black,1,20170116184632849
34_0_3_20170117134903926.jpg,34,Male,0,Indian,3,20170117134903926
58_1_0_20170113210319682.jpg,58,Female,1,White,0,20170113210319682
18_1_0_20170109214557098.jpg,18,Female,1,White,0,20170109214557098
21_1_2_20170116175142157.jpg,21,Female,1,Asian,2,20170116175142157
27_0_0_20170104171511929.jpg,27,Male,0,White,0,20170104171511929
24_1_0_20170104021527253.jpg,24,Female,1,White,0,20170104021527253
17_1_3_20170104222038870.jpg,17,Female,1,Indian,3,20170104222038870
31_1_1_20170116001235141.jpg,31,Female,1,Black,1,20170116001235141
2_0_4_20161221202237961.jpg,2,Male,0,Others,4,20161221202237961
26_0_3_20170119180820501.jpg,26,Male,0,Indian,3,20170119180820501
41_0_3_20170119175402515.jpg,41,Male,0,Indian,3,20170119175402515
26_1_3_20170104232139409.jpg,26,Female,1,Indian,3,20170104232139409
86_1_2_20170110132518353.jpg,86,Female,1,Asian,2,20170110132518353
76_0_0_20170111222035117.jpg,76,Male,0,White,0,20170111222035117
10_1_0_20170109204255055.jpg,10,Female,1,White,0,20170109204255055
35_0_1_20170117134943933.jpg,35,Male,0,Black,1,20170117134943933
62_1_0_20170110160643766.jpg,62,Female,1,White,0,20170110160643766
17_0_1_20170113145213577.jpg,17,Male,0,Black,1,20170113145213577
65_1_0_20170120223955918.jpg,65,Female,1,White,0,20170120223955918
65_1_0_20170110175818279.jpg,65,Female,1,White,0,20170110175818279
1_0_2_20161219220503943.jpg,1,Male,0,Asian,2,20161219220503943
89_1_3_20170109150838156.jpg,89,Female,1,Indian,3,20170109150838156
75_0_2_20170112220535400.jpg,75,Male,0,Asian,2,20170112220535400
22_1_3_20170119163326293.jpg,22,Female,1,Indian,3,20170119163326293
20_1_3_20170119153712943.jpg,20,Female,1,Indian,3,20170119153712943
41_1_3_20170109140751299.jpg,41,Female,1,Indian,3,20170109140751299
40_0_3_20170119210046520.jpg,40,Male,0,Indian,3,20170119210046520
49_0_0_20170104212309140.jpg,49,Male,0,White,0,20170104212309140
49_0_1_20170117180355439.jpg,49,Male,0,Black,1,20170117180355439
26_1_0_20170119180130438.jpg,26,Female,1,White,0,20170119180130438
26_0_1_20170116205301942.jpg,26,Male,0,Black,1,20170116205301942
27_0_1_20170113133634568.jpg,27,Male,0,Black,1,20170113133634568
26_1_2_20170116180217943.jpg,26,Female,1,Asian,2,20170116180217943
68_0_0_20170111171747660.jpg,68,Male,0,White,0,20170111171747660
8_1_3_20170117185042185.jpg,8,Female,1,Indian,3,20170117185042185
21_1_3_20170104231631625.jpg,21,Female,1,Indian,3,20170104231631625
40_0_0_20170116221116416.jpg,40,Male,0,White,0,20170116221116416
24_1_3_20170104222359247.jpg,24,Female,1,Indian,3,20170104222359247
29_0_2_20170116172141170.jpg,29,Male,0,Asian,2,20170116172141170
1_0_3_20161219225615528.jpg,1,Male,0,Indian,3,20161219225615528
36_0_0_20170113184119879.jpg,36,Male,0,White,0,20170113184119879
51_0_1_20170113175204771.jpg,51,Male,0,Black,1,20170113175204771
8_1_0_20170109202318713.jpg,8,Female,1,White,0,20170109202318713
18_1_0_20170109214120554.jpg,18,Female,1,White,0,20170109214120554
36_0_3_20170104220656317.jpg,36,Male,0,Indian,3,20170104220656317
10_0_2_20170110224230094.jpg,10,Male,0,Asian,2,20170110224230094
19_1_0_20170109213247084.jpg,19,Female,1,White,0,20170109213247084
36_0_1_20170113152022544.jpg,36,Male,0,Black,1,20170113152022544
69_1_0_20170110141848983.jpg,69,Female,1,White,0,20170110141848983
35_1_0_20170119153703606.jpg,35,Female,1,White,0,20170119153703606
28_1_2_20170116190120925.jpg,28,Female,1,Asian,2,20170116190120925
26_1_3_20170104222736351.jpg,26,Female,1,Indian,3,20170104222736351
30_1_0_20170109012829305.jpg,30,Female,1,White,0,20170109012829305
24_1_0_20170117145436643.jpg,24,Female,1,White,0,20170117145436643
3_0_0_20170114033153529.jpg,3,Male,0,White,0,20170114033153529
39_0_0_20170117185132049.jpg,39,Male,0,White,0,20170117185132049
3_1_2_20161219160306229.jpg,3,Female,1,Asian,2,20161219160306229
46_1_4_20170104172709843.jpg,46,Female,1,Others,4,20170104172709843
35_0_0_20170117191910468.jpg,35,Male,0,White,0,20170117191910468
38_0_0_20170117184616952.jpg,38,Male,0,White,0,20170117184616952
40_0_3_20170119175434618.jpg,40,Male,0,Indian,3,20170119175434618
71_1_3_20170109132543649.jpg,71,Female,1,Indian,3,20170109132543649
33_1_3_20170109132139583.jpg,33,Female,1,Indian,3,20170109132139583
32_1_0_20170105161518546.jpg,32,Female,1,White,0,20170105161518546
54_0_0_20170117171240755.jpg,54,Male,0,White,0,20170117171240755
26_0_4_20170117195502469.jpg,26,Male,0,Others,4,20170117195502469
17_1_4_20170104001810179.jpg,17,Female,1,Others,4,20170104001810179
20_1_1_20170112191224819.jpg,20,Female,1,Black,1,20170112191224819
35_1_2_20170105162414267.jpg,35,Female,1,Asian,2,20170105162414267
18_0_1_20170114030419966.jpg,18,Male,0,Black,1,20170114030419966
1_1_4_20161221201723169.jpg,1,Female,1,Others,4,20161221201723169
25_0_0_20170116212019911.jpg,25,Male,0,White,0,20170116212019911
90_0_1_20170111205407457.jpg,90,Male,0,Black,1,20170111205407457
15_0_0_20170110232338801.jpg,15,Male,0,White,0,20170110232338801
33_1_1_20170112210849669.jpg,33,Female,1,Black,1,20170112210849669
32_1_1_20170113000704411.jpg,32,Female,1,Black,1,20170113000704411
4_0_3_20161220223111195.jpg,4,Male,0,Indian,3,20161220223111195
24_1_0_20170109214739809.jpg,24,Female,1,White,0,20170109214739809
22_1_3_20161220221656537.jpg,22,Female,1,Indian,3,20161220221656537
40_0_2_20170116181335777.jpg,40,Male,0,Asian,2,20170116181335777
53_0_3_20170109132854337.jpg,53,Male,0,Indian,3,20170109132854337
25_0_2_20170104021135333.jpg,25,Male,0,Asian,2,20170104021135333
55_0_0_20170120221653868.jpg,55,Male,0,White,0,20170120221653868
36_1_0_20170103182343482.jpg,36,Female,1,White,0,20170103182343482
1_1_0_20170109194511600.jpg,1,Female,1,White,0,20170109194511600
75_1_2_20170112224034603.jpg,75,Female,1,Asian,2,20170112224034603
32_1_1_20170117194640746.jpg,32,Female,1,Black,1,20170117194640746
40_0_3_20170117170421496.jpg,40,Male,0,Indian,3,20170117170421496
62_1_0_20170110122421679.jpg,62,Female,1,White,0,20170110122421679
54_0_0_20170111171747448.jpg,54,Male,0,White,0,20170111171747448
50_0_1_20170111194904758.jpg,50,Male,0,Black,1,20170111194904758
30_1_2_20170116192730574.jpg,30,Female,1,Asian,2,20170116192730574
74_0_0_20170111221819719.jpg,74,Male,0,White,0,20170111221819719
24_0_1_20170117204434040.jpg,24,Male,0,Black,1,20170117204434040
28_0_1_20170113141507985.jpg,28,Male,0,Black,1,20170113141507985
34_1_1_20170108230211421.jpg,34,Female,1,Black,1,20170108230211421
89_1_0_20170120223754333.jpg,89,Female,1,White,0,20170120223754333
43_0_2_20170117134842975.jpg,43,Male,0,Asian,2,20170117134842975
55_0_0_20170117182554324.jpg,55,Male,0,White,0,20170117182554324
25_1_0_20170117195346437.jpg,25,Female,1,White,0,20170117195346437
25_1_1_20170113011606928.jpg,25,Female,1,Black,1,20170113011606928
4_0_4_20161221193322159.jpg,4,Male,0,Others,4,20161221193322159
4_1_0_20161219225102680.jpg,4,Female,1,White,0,20161219225102680
24_1_3_20170117150322043.jpg,24,Female,1,Indian,3,20170117150322043
2_1_4_20170103210934483.jpg,2,Female,1,Others,4,20170103210934483
1_1_0_20170109193408973.jpg,1,Female,1,White,0,20170109193408973
42_0_0_20170117154743159.jpg,42,Male,0,White,0,20170117154743159
34_0_3_20170119162704132.jpg,34,Male,0,Indian,3,20170119162704132
1_1_4_20161221201512713.jpg,1,Female,1,Others,4,20161221201512713
26_0_2_20170117172714981.jpg,26,Male,0,Asian,2,20170117172714981
26_0_1_20170113155103554.jpg,26,Male,0,Black,1,20170113155103554
26_1_1_20170117173805126.jpg,26,Female,1,Black,1,20170117173805126
36_0_3_20170119201815957.jpg,36,Male,0,Indian,3,20170119201815957
54_0_0_20170120223525741.jpg,54,Male,0,White,0,20170120223525741
26_1_1_20170113135610650.jpg,26,Female,1,Black,1,20170113135610650
75_1_1_20170110182126367.jpg,75,Female,1,Black,1,20170110182126367
54_1_0_20170117171502531.jpg,54,Female,1,White,0,20170117171502531
33_1_0_20170111182452825.jpg,33,Female,1,White,0,20170111182452825
31_1_4_20170117203017127.jpg,31,Female,1,Others,4,20170117203017127
31_0_0_20170117203033455.jpg,31,Male,0,White,0,20170117203033455
46_0_4_20170105162327242.jpg,46,Male,0,Others,4,20170105162327242
68_0_0_20170117174131505.jpg,68,Male,0,White,0,20170117174131505
41_1_0_20170104185117127.jpg,41,Female,1,White,0,20170104185117127
65_1_0_20170117190355010.jpg,65,Female,1,White,0,20170117190355010
25_1_2_20170116174810385.jpg,25,Female,1,Asian,2,20170116174810385
63_0_0_20170102233622267.jpg,63,Male,0,White,0,20170102233622267
54_1_0_20170117191408330.jpg,54,Female,1,White,0,20170117191408330
8_1_0_20170117175945147.jpg,8,Female,1,White,0,20170117175945147
26_1_0_20170117174536175.jpg,26,Female,1,White,0,20170117174536175
26_1_3_20170119193136450.jpg,26,Female,1,Indian,3,20170119193136450
36_0_3_20170119201743421.jpg,36,Male,0,Indian,3,20170119201743421
26_0_3_20170119183240167.jpg,26,Male,0,Indian,3,20170119183240167
26_1_1_20170116224202361.jpg,26,Female,1,Black,1,20170116224202361
37_0_1_20170117164349761.jpg,37,Male,0,Black,1,20170117164349761
22_1_0_20170112192312350.jpg,22,Female,1,White,0,20170112192312350
37_0_1_20170116030128110.jpg,37,Male,0,Black,1,20170116030128110
50_0_3_20170119195757652.jpg,50,Male,0,Indian,3,20170119195757652
1_0_3_20161220220606705.jpg,1,Male,0,Indian,3,20161220220606705
63_0_0_20170111195517664.jpg,63,Male,0,White,0,20170111195517664
60_0_0_20170103182814970.jpg,60,Male,0,White,0,20170103182814970
21_1_0_20170104234933489.jpg,21,Female,1,White,0,20170104234933489
51_0_4_20170104211801364.jpg,51,Male,0,Others,4,20170104211801364
26_1_4_20170117174153056.jpg,26,Female,1,Others,4,20170117174153056
26_1_1_20170113000646211.jpg,26,Female,1,Black,1,20170113000646211
51_1_2_20170104212216588.jpg,51,Female,1,Asian,2,20170104212216588
26_1_2_20170116184709433.jpg,26,Female,1,Asian,2,20170116184709433
26_0_1_20170113135342690.jpg,26,Male,0,Black,1,20170113135342690
4_1_2_20161219204830421.jpg,4,Female,1,Asian,2,20161219204830421
21_1_1_20170112192955750.jpg,21,Female,1,Black,1,20170112192955750
42_1_0_20170104185202934.jpg,42,Female,1,White,0,20170104185202934
26_1_0_20170113210605337.jpg,26,Female,1,White,0,20170113210605337
32_0_0_20170117182416733.jpg,32,Male,0,White,0,20170117182416733
34_0_3_20170119200815948.jpg,34,Male,0,Indian,3,20170119200815948
28_1_2_20170116164552683.jpg,28,Female,1,Asian,2,20170116164552683
26_1_3_20170119193152594.jpg,26,Female,1,Indian,3,20170119193152594
12_1_0_20170109205130906.jpg,12,Female,1,White,0,20170109205130906
26_1_2_20170116182615565.jpg,26,Female,1,Asian,2,20170116182615565
40_0_3_20170104165011263.jpg,40,Male,0,Indian,3,20170104165011263
29_0_0_20170116221002399.jpg,29,Male,0,White,0,20170116221002399
26_0_0_20170113210127413.jpg,26,Male,0,White,0,20170113210127413
9_1_0_20170109204754719.jpg,9,Female,1,White,0,20170109204754719
33_1_0_20170119145706157.jpg,33,Female,1,White,0,20170119145706157
35_0_2_20170116190045902.jpg,35,Male,0,Asian,2,20170116190045902
82_0_2_20170112205224683.jpg,82,Male,0,Asian,2,20170112205224683
32_1_4_20170113000945786.jpg,32,Female,1,Others,4,20170113000945786
23_1_1_20170113195614940.jpg,23,Female,1,Black,1,20170113195614940
66_1_0_20170110153031033.jpg,66,Female,1,White,0,20170110153031033
34_0_0_20170117182629797.jpg,34,Male,0,White,0,20170117182629797
47_0_0_20170109013222454.jpg,47,Male,0,White,0,20170109013222454
35_1_0_20170117203328856.jpg,35,Female,1,White,0,20170117203328856
28_0_1_20170113175442946.jpg,28,Male,0,Black,1,20170113175442946
27_1_2_20170116165642633.jpg,27,Female,1,Asian,2,20170116165642633
25_1_2_20170116175255617.jpg,25,Female,1,Asian,2,20170116175255617
58_0_0_20170113180611940.jpg,58,Male,0,White,0,20170113180611940
53_1_0_20170109220751701.jpg,53,Female,1,White,0,20170109220751701
1_0_2_20161219154041477.jpg,1,Male,0,Asian,2,20161219154041477
46_0_1_20170113151900392.jpg,46,Male,0,Black,1,20170113151900392
22_1_3_20170117143734089.jpg,22,Female,1,Indian,3,20170117143734089
30_0_2_20170116173546862.jpg,30,Male,0,Asian,2,20170116173546862
28_1_0_20170117180702119.jpg,28,Female,1,White,0,20170117180702119
35_0_0_20170113142125523.jpg,35,Male,0,White,0,20170113142125523
26_1_1_20170116234835737.jpg,26,Female,1,Black,1,20170116234835737
24_1_1_20170117013833600.jpg,24,Female,1,Black,1,20170117013833600
26_0_1_20170113134233888.jpg,26,Male,0,Black,1,20170113134233888
20_1_0_20170117135500046.jpg,20,Female,1,White,0,20170117135500046
26_1_4_20170117174218966.jpg,26,Female,1,Others,4,20170117174218966
81_0_0_20170111222241614.jpg,81,Male,0,White,0,20170111222241614
19_1_4_20170103201818104.jpg,19,Female,1,Others,4,20170103201818104
50_1_2_20170104235513244.jpg,50,Female,1,Asian,2,20170104235513244
34_0_1_20170116193916761.jpg,34,Male,0,Black,1,20170116193916761
26_0_0_20170113210319942.jpg,26,Male,0,White,0,20170113210319942
45_1_0_20170104185105742.jpg,45,Female,1,White,0,20170104185105742
30_0_1_20170116214710372.jpg,30,Male,0,Black,1,20170116214710372
26_0_1_20170116192453842.jpg,26,Male,0,Black,1,20170116192453842
34_1_0_20170111182452832.jpg,34,Female,1,White,0,20170111182452832
25_0_1_20170117195050698.jpg,25,Male,0,Black,1,20170117195050698
64_0_0_20170117194627251.jpg,64,Male,0,White,0,20170117194627251
68_0_0_20170111205927835.jpg,68,Male,0,White,0,20170111205927835
6_1_3_20161220220517209.jpg,6,Female,1,Indian,3,20161220220517209
26_0_0_20170114032951327.jpg,26,Male,0,White,0,20170114032951327
55_0_3_20170119204600605.jpg,55,Male,0,Indian,3,20170119204600605
14_0_0_20170103200600206.jpg,14,Male,0,White,0,20170103200600206
4_1_0_20170109204913999.jpg,4,Female,1,White,0,20170109204913999
1_0_0_20161219200139603.jpg,1,Male,0,White,0,20161219200139603
70_0_0_20170117173655936.jpg,70,Male,0,White,0,20170117173655936
35_0_1_20170117020905603.jpg,35,Male,0,Black,1,20170117020905603
99_1_2_20170117195405372.jpg,99,Female,1,Asian,2,20170117195405372
40_1_0_20170117121910432.jpg,40,Female,1,White,0,20170117121910432
24_0_0_20170116213539070.jpg,24,Male,0,White,0,20170116213539070
26_0_1_20170113152835192.jpg,26,Male,0,Black,1,20170113152835192
2_0_2_20161219142207513.jpg,2,Male,0,Asian,2,20161219142207513
1_1_0_20170109191140082.jpg,1,Female,1,White,0,20170109191140082
28_0_0_20170116194200664.jpg,28,Male,0,White,0,20170116194200664
43_0_0_20170108224844372.jpg,43,Male,0,White,0,20170108224844372
38_1_0_20170103183311778.jpg,38,Female,1,White,0,20170103183311778
1_1_4_20161221201852145.jpg,1,Female,1,Others,4,20161221201852145
16_0_0_20170110232111509.jpg,16,Male,0,White,0,20170110232111509
60_0_0_20170117161031023.jpg,60,Male,0,White,0,20170117161031023
2_1_2_20161219203800420.jpg,2,Female,1,Asian,2,20161219203800420
32_0_0_20170117175908028.jpg,32,Male,0,White,0,20170117175908028
55_1_3_20170119200044963.jpg,55,Female,1,Indian,3,20170119200044963
35_1_4_20170117203423144.jpg,35,Female,1,Others,4,20170117203423144
32_0_0_20170113210127524.jpg,32,Male,0,White,0,20170113210127524
35_1_2_20170116191715348.jpg,35,Female,1,Asian,2,20170116191715348
1_1_0_20170109194410994.jpg,1,Female,1,White,0,20170109194410994
4_0_2_20161219154925917.jpg,4,Male,0,Asian,2,20161219154925917
26_0_0_20170113210127300.jpg,26,Male,0,White,0,20170113210127300
56_1_0_20170110141114577.jpg,56,Female,1,White,0,20170110141114577
28_0_3_20170104220743173.jpg,28,Male,0,Indian,3,20170104220743173
29_1_3_20170104232524938.jpg,29,Female,1,Indian,3,20170104232524938
20_0_3_20170119151303902.jpg,20,Male,0,Indian,3,20170119151303902
13_1_1_20170109203928107.jpg,13,Female,1,Black,1,20170109203928107
31_0_2_20170116170837254.jpg,31,Male,0,Asian,2,20170116170837254
22_1_2_20170116172704437.jpg,22,Female,1,Asian,2,20170116172704437
45_0_1_20170113173815963.jpg,45,Male,0,Black,1,20170113173815963
23_1_2_20170116163648817.jpg,23,Female,1,Asian,2,20170116163648817
5_1_4_20170103210023178.jpg,5,Female,1,Others,4,20170103210023178
29_1_2_20170116163403273.jpg,29,Female,1,Asian,2,20170116163403273
33_0_0_20170117134828796.jpg,33,Male,0,White,0,20170117134828796
8_0_3_20170110215701316.jpg,8,Male,0,Indian,3,20170110215701316
24_0_2_20170116174324623.jpg,24,Male,0,Asian,2,20170116174324623
34_0_3_20170119200815092.jpg,34,Male,0,Indian,3,20170119200815092
86_0_2_20170112224559130.jpg,86,Male,0,Asian,2,20170112224559130
26_1_0_20170116180121605.jpg,26,Female,1,White,0,20170116180121605
35_1_0_20170113001111066.jpg,35,Female,1,White,0,20170113001111066
21_1_1_20170113005728276.jpg,21,Female,1,Black,1,20170113005728276
24_0_4_20170117194350012.jpg,24,Male,0,Others,4,20170117194350012
14_1_0_20170109204158115.jpg,14,Female,1,White,0,20170109204158115
1_0_2_20161219205717701.jpg,1,Male,0,Asian,2,20161219205717701
43_0_3_20170119204553167.jpg,43,Male,0,Indian,3,20170119204553167
66_0_0_20170111222127534.jpg,66,Male,0,White,0,20170111222127534
72_0_0_20170111210618013.jpg,72,Male,0,White,0,20170111210618013
35_0_0_20170117130506374.jpg,35,Male,0,White,0,20170117130506374
40_0_3_20170119205507599.jpg,40,Male,0,Indian,3,20170119205507599
26_0_0_20170113181817014.jpg,26,Male,0,White,0,20170113181817014
2_0_0_20170110212905173.jpg,2,Male,0,White,0,20170110212905173
36_0_3_20170104232859970.jpg,36,Male,0,Indian,3,20170104232859970
37_0_1_20170113142027250.jpg,37,Male,0,Black,1,20170113142027250
18_1_0_20170109212530499.jpg,18,Female,1,White,0,20170109212530499
50_0_0_20170116183942841.jpg,50,Male,0,White,0,20170116183942841
50_1_0_20170105162633419.jpg,50,Female,1,White,0,20170105162633419
96_1_2_20170110183528193.jpg,96,Female,1,Asian,2,20170110183528193
29_0_1_20170117094757940.jpg,29,Male,0,Black,1,20170117094757940
37_0_0_20170104172740418.jpg,37,Male,0,White,0,20170104172740418
15_0_0_20170110223430616.jpg,15,Male,0,White,0,20170110223430616
42_0_0_20170117154746484.jpg,42,Male,0,White,0,20170117154746484
32_1_0_20170109140418625.jpg,32,Female,1,White,0,20170109140418625
6_1_0_20170109192013556.jpg,6,Female,1,White,0,20170109192013556
28_1_0_20170112235209623.jpg,28,Female,1,White,0,20170112235209623
32_0_3_20170119200348476.jpg,32,Male,0,Indian,3,20170119200348476
1_1_4_20161221201827921.jpg,1,Female,1,Others,4,20161221201827921
56_0_3_20170119152358239.jpg,56,Male,0,Indian,3,20170119152358239
1_0_2_20161219205107772.jpg,1,Male,0,Asian,2,20161219205107772
1_1_0_20170117192912861.jpg,1,Female,1,White,0,20170117192912861
4_1_0_20170103212153219.jpg,4,Female,1,White,0,20170103212153219
70_0_0_20170120221807750.jpg,70,Male,0,White,0,20170120221807750
51_1_0_20170103183556395.jpg,51,Female,1,White,0,20170103183556395
18_1_0_20170117140440920.jpg,18,Female,1,White,0,20170117140440920
60_0_0_20170116235438949.jpg,60,Male,0,White,0,20170116235438949
19_1_0_20170109213113295.jpg,19,Female,1,White,0,20170109213113295
78_0_0_20170120224525249.jpg,78,Male,0,White,0,20170120224525249
29_1_2_20170116165527351.jpg,29,Female,1,Asian,2,20170116165527351
37_0_3_20170119180031371.jpg,37,Male,0,Indian,3,20170119180031371
35_0_0_20170119171132449.jpg,35,Male,0,White,0,20170119171132449
32_1_0_20170104165907161.jpg,32,Female,1,White,0,20170104165907161
22_1_4_20170103223351703.jpg,22,Female,1,Others,4,20170103223351703
30_1_0_20170116222711779.jpg,30,Female,1,White,0,20170116222711779
1_1_2_20161219162225422.jpg,1,Female,1,Asian,2,20161219162225422
24_1_0_20170116222429652.jpg,24,Female,1,White,0,20170116222429652
26_1_2_20170116175339024.jpg,26,Female,1,Asian,2,20170116175339024
8_1_4_20170109202334991.jpg,8,Female,1,Others,4,20170109202334991
68_0_2_20170116193600328.jpg,68,Male,0,Asian,2,20170116193600328
27_1_1_20170113002029522.jpg,27,Female,1,Black,1,20170113002029522
29_1_1_20170103181030152.jpg,29,Female,1,Black,1,20170103181030152
1_0_2_20161219142039985.jpg,1,Male,0,Asian,2,20161219142039985
26_0_1_20170117200630022.jpg,26,Male,0,Black,1,20170117200630022
25_1_1_20170112224716002.jpg,25,Female,1,Black,1,20170112224716002
79_0_0_20170111200506756.jpg,79,Male,0,White,0,20170111200506756
31_0_1_20170117165741027.jpg,31,Male,0,Black,1,20170117165741027
26_0_0_20170117171705044.jpg,26,Male,0,White,0,20170117171705044
54_0_2_20170112221955514.jpg,54,Male,0,Asian,2,20170112221955514
28_0_3_20170119194453659.jpg,28,Male,0,Indian,3,20170119194453659
25_1_2_20170104021933189.jpg,25,Female,1,Asian,2,20170104021933189
29_0_0_20170109002204936.jpg,29,Male,0,White,0,20170109002204936
32_0_0_20170104200805226.jpg,32,Male,0,White,0,20170104200805226
61_1_0_20170109150858084.jpg,61,Female,1,White,0,20170109150858084
60_0_0_20170117155525709.jpg,60,Male,0,White,0,20170117155525709
34_1_4_20170103230444089.jpg,34,Female,1,Others,4,20170103230444089
48_0_0_20170104182220669.jpg,48,Male,0,White,0,20170104182220669
2_1_1_20170109190549164.jpg,2,Female,1,Black,1,20170109190549164
9_0_0_20170110220232058.jpg,9,Male,0,White,0,20170110220232058
27_0_3_20170119193238122.jpg,27,Male,0,Indian,3,20170119193238122
54_0_1_20170117190013790.jpg,54,Male,0,Black,1,20170117190013790
65_0_2_20170112222023530.jpg,65,Male,0,Asian,2,20170112222023530
15_1_3_20170104222011950.jpg,15,Female,1,Indian,3,20170104222011950
37_0_0_20170117135950641.jpg,37,Male,0,White,0,20170117135950641
1_1_1_20170109191050443.jpg,1,Female,1,Black,1,20170109191050443
1_1_0_20170109191023360.jpg,1,Female,1,White,0,20170109191023360
40_0_1_20170113190544049.jpg,40,Male,0,Black,1,20170113190544049
50_0_0_20170116232735637.jpg,50,Male,0,White,0,20170116232735637
56_1_0_20170104212444956.jpg,56,Female,1,White,0,20170104212444956
1_1_1_20170109194716353.jpg,1,Female,1,Black,1,20170109194716353
29_0_0_20170117122016549.jpg,29,Male,0,White,0,20170117122016549
37_1_0_20170119180110066.jpg,37,Female,1,White,0,20170119180110066
26_0_3_20170119155839538.jpg,26,Male,0,Indian,3,20170119155839538
36_1_0_20170117135900421.jpg,36,Female,1,White,0,20170117135900421
29_0_0_20170114033106398.jpg,29,Male,0,White,0,20170114033106398
43_1_0_20170105173022908.jpg,43,Female,1,White,0,20170105173022908
40_0_3_20170116030108440.jpg,40,Male,0,Indian,3,20170116030108440
24_1_2_20170116164744956.jpg,24,Female,1,Asian,2,20170116164744956
16_1_4_20170103201700919.jpg,16,Female,1,Others,4,20170103201700919
28_0_3_20170119211740328.jpg,28,Male,0,Indian,3,20170119211740328
2_1_3_20161219230359040.jpg,2,Female,1,Indian,3,20161219230359040
75_1_0_20170110183152937.jpg,75,Female,1,White,0,20170110183152937
73_1_3_20170109142947277.jpg,73,Female,1,Indian,3,20170109142947277
61_0_1_20170116030045810.jpg,61,Male,0,Black,1,20170116030045810
75_0_0_20170117174808021.jpg,75,Male,0,White,0,20170117174808021
40_0_0_20170117154520771.jpg,40,Male,0,White,0,20170117154520771
62_0_0_20170111171747583.jpg,62,Male,0,White,0,20170111171747583
20_0_4_20170117193454180.jpg,20,Male,0,Others,4,20170117193454180
40_0_3_20170104214526773.jpg,40,Male,0,Indian,3,20170104214526773
18_0_3_20170104225812688.jpg,18,Male,0,Indian,3,20170104225812688
29_0_1_20170103235915646.jpg,29,Male,0,Black,1,20170103235915646
26_1_1_20170116224953528.jpg,26,Female,1,Black,1,20170116224953528
34_0_0_20170117134913196.jpg,34,Male,0,White,0,20170117134913196
50_0_0_20170116232754247.jpg,50,Male,0,White,0,20170116232754247
44_1_0_20170108225950714.jpg,44,Female,1,White,0,20170108225950714
22_1_1_20170113005116007.jpg,22,Female,1,Black,1,20170113005116007
9_0_0_20170110221723108.jpg,9,Male,0,White,0,20170110221723108
26_1_1_20170112230547118.jpg,26,Female,1,Black,1,20170112230547118
89_1_0_20170110184022572.jpg,89,Female,1,White,0,20170110184022572
45_0_3_20170117001109487.jpg,45,Male,0,Indian,3,20170117001109487
65_0_3_20170105180657742.jpg,65,Male,0,Indian,3,20170105180657742
26_0_1_20170116010639525.jpg,26,Male,0,Black,1,20170116010639525
9_1_4_20170103200637399.jpg,9,Female,1,Others,4,20170103200637399
9_0_0_20170110220532651.jpg,9,Male,0,White,0,20170110220532651
60_1_0_20170110141812183.jpg,60,Female,1,White,0,20170110141812183
24_1_2_20170116173503713.jpg,24,Female,1,Asian,2,20170116173503713
20_0_0_20170104020603909.jpg,20,Male,0,White,0,20170104020603909
80_1_0_20170110122439310.jpg,80,Female,1,White,0,20170110122439310
53_0_0_20170120223138763.jpg,53,Male,0,White,0,20170120223138763
28_0_1_20170116203937699.jpg,28,Male,0,Black,1,20170116203937699
35_1_2_20170116164706883.jpg,35,Female,1,Asian,2,20170116164706883
37_0_1_20170117164339785.jpg,37,Male,0,Black,1,20170117164339785
1_0_2_20161219212510086.jpg,1,Male,0,Asian,2,20161219212510086
70_0_1_20170117175512623.jpg,70,Male,0,Black,1,20170117175512623
53_0_3_20170119205842672.jpg,53,Male,0,Indian,3,20170119205842672
16_0_0_20170120133327900.jpg,16,Male,0,White,0,20170120133327900
42_0_1_20170113150918448.jpg,42,Male,0,Black,1,20170113150918448
24_1_0_20170117150524692.jpg,24,Female,1,White,0,20170117150524692
42_1_0_20170116232623436.jpg,42,Female,1,White,0,20170116232623436
57_0_0_20170104212600580.jpg,57,Male,0,White,0,20170104212600580
30_0_0_20170111181750341.jpg,30,Male,0,White,0,20170111181750341
65_0_0_20170116224819158.jpg,65,Male,0,White,0,20170116224819158
21_1_3_20170104222108390.jpg,21,Female,1,Indian,3,20170104222108390
22_0_0_20170116200924248.jpg,22,Male,0,White,0,20170116200924248
57_1_2_20170109002542575.jpg,57,Female,1,Asian,2,20170109002542575
90_0_0_20170111211415063.jpg,90,Male,0,White,0,20170111211415063
72_0_1_20170113142501771.jpg,72,Male,0,Black,1,20170113142501771
26_1_2_20170105161510388.jpg,26,Female,1,Asian,2,20170105161510388
40_1_0_20170116224841122.jpg,40,Female,1,White,0,20170116224841122
26_0_1_20170113145620590.jpg,26,Male,0,Black,1,20170113145620590
38_0_3_20170119160316259.jpg,38,Male,0,Indian,3,20170119160316259
20_0_2_20170103234745028.jpg,20,Male,0,Asian,2,20170103234745028
70_0_0_20170117174648902.jpg,70,Male,0,White,0,20170117174648902
31_0_0_20170104201545729.jpg,31,Male,0,White,0,20170104201545729
25_0_0_20170116223117663.jpg,25,Male,0,White,0,20170116223117663
21_1_4_20170103224438000.jpg,21,Female,1,Others,4,20170103224438000
1_1_1_20170109194548732.jpg,1,Female,1,Black,1,20170109194548732
46_1_1_20170116233714695.jpg,46,Female,1,Black,1,20170116233714695
50_0_1_20170117135045974.jpg,50,Male,0,Black,1,20170117135045974
20_0_3_20170117151020539.jpg,20,Male,0,Indian,3,20170117151020539
61_0_0_20170104170114128.jpg,61,Male,0,White,0,20170104170114128
82_0_2_20170111210110290.jpg,82,Male,0,Asian,2,20170111210110290
43_0_0_20170117155054004.jpg,43,Male,0,White,0,20170117155054004
45_1_0_20170117175326912.jpg,45,Female,1,White,0,20170117175326912
53_1_3_20170104234732082.jpg,53,Female,1,Indian,3,20170104234732082
25_0_1_20170116001032282.jpg,25,Male,0,Black,1,20170116001032282
26_0_3_20170117154708157.jpg,26,Male,0,Indian,3,20170117154708157
52_0_0_20170120222912410.jpg,52,Male,0,White,0,20170120222912410
40_0_4_20170117145400915.jpg,40,Male,0,Others,4,20170117145400915
30_1_3_20170104223316975.jpg,30,Female,1,Indian,3,20170104223316975
18_1_3_20170119152509320.jpg,18,Female,1,Indian,3,20170119152509320
20_1_0_20170109212911927.jpg,20,Female,1,White,0,20170109212911927
45_1_0_20170103163617968.jpg,45,Female,1,White,0,20170103163617968
17_1_4_20170103234147843.jpg,17,Female,1,Others,4,20170103234147843
21_1_3_20170104222120446.jpg,21,Female,1,Indian,3,20170104222120446
40_1_1_20170113012814600.jpg,40,Female,1,Black,1,20170113012814600
5_0_4_20170103224719055.jpg,5,Male,0,Others,4,20170103224719055
31_1_3_20170104223106921.jpg,31,Female,1,Indian,3,20170104223106921
53_0_0_20170117190934939.jpg,53,Male,0,White,0,20170117190934939
1_0_3_20161219230642504.jpg,1,Male,0,Indian,3,20161219230642504
46_0_0_20170105173017060.jpg,46,Male,0,White,0,20170105173017060
28_1_0_20170116221757650.jpg,28,Female,1,White,0,20170116221757650
1_0_2_20161219162726231.jpg,1,Male,0,Asian,2,20161219162726231
26_1_4_20170117201953681.jpg,26,Female,1,Others,4,20170117201953681
35_1_2_20170116181314698.jpg,35,Female,1,Asian,2,20170116181314698
70_0_1_20170120223446317.jpg,70,Male,0,Black,1,20170120223446317
25_1_1_20170112205043660.jpg,25,Female,1,Black,1,20170112205043660
7_1_0_20170109204550837.jpg,7,Female,1,White,0,20170109204550837
47_0_3_20170119202404381.jpg,47,Male,0,Indian,3,20170119202404381
24_1_2_20170112204451203.jpg,24,Female,1,Asian,2,20170112204451203
26_1_2_20170116163413372.jpg,26,Female,1,Asian,2,20170116163413372
28_0_3_20170119194512651.jpg,28,Male,0,Indian,3,20170119194512651
69_1_0_20170110141304032.jpg,69,Female,1,White,0,20170110141304032
26_0_3_20170119180358932.jpg,26,Male,0,Indian,3,20170119180358932
25_0_1_20170113133616655.jpg,25,Male,0,Black,1,20170113133616655
28_0_4_20170116183505479.jpg,28,Male,0,Others,4,20170116183505479
28_0_4_20170117202324814.jpg,28,Male,0,Others,4,20170117202324814
25_1_0_20170117193539276.jpg,25,Female,1,White,0,20170117193539276
3_1_0_20170109193833863.jpg,3,Female,1,White,0,20170109193833863
31_1_0_20170103163445702.jpg,31,Female,1,White,0,20170103163445702
35_0_3_20170119171712116.jpg,35,Male,0,Indian,3,20170119171712116
26_1_1_20170116234800903.jpg,26,Female,1,Black,1,20170116234800903
45_0_0_20170117183147982.jpg,45,Male,0,White,0,20170117183147982
26_1_3_20170109133227729.jpg,26,Female,1,Indian,3,20170109133227729
32_0_0_20170104172409163.jpg,32,Male,0,White,0,20170104172409163
54_1_0_20170103183759282.jpg,54,Female,1,White,0,20170103183759282
61_0_0_20170117174443309.jpg,61,Male,0,White,0,20170117174443309
19_1_3_20170104221744823.jpg,19,Female,1,Indian,3,20170104221744823
27_0_0_20170117144505322.jpg,27,Male,0,White,0,20170117144505322
85_1_0_20170110183520442.jpg,85,Female,1,White,0,20170110183520442
26_0_2_20170116181346232.jpg,26,Male,0,Asian,2,20170116181346232
62_0_1_20170111203234430.jpg,62,Male,0,Black,1,20170111203234430
27_1_0_20170117120639678.jpg,27,Female,1,White,0,20170117120639678
44_0_3_20170119204704727.jpg,44,Male,0,Indian,3,20170119204704727
45_1_1_20170117183357517.jpg,45,Female,1,Black,1,20170117183357517
52_0_1_20170113141833692.jpg,52,Male,0,Black,1,20170113141833692
25_1_3_20170119151009470.jpg,25,Female,1,Indian,3,20170119151009470
54_0_0_20170117191323482.jpg,54,Male,0,White,0,20170117191323482
25_1_3_20170117164626473.jpg,25,Female,1,Indian,3,20170117164626473
100_1_2_20170112222336458.jpg,100,Female,1,Asian,2,20170112222336458
27_0_1_20170117194133909.jpg,27,Male,0,Black,1,20170117194133909
35_0_0_20170117120442763.jpg,35,Male,0,White,0,20170117120442763
43_1_3_20170104232218274.jpg,43,Female,1,Indian,3,20170104232218274
25_1_3_20170117152019467.jpg,25,Female,1,Indian,3,20170117152019467
4_1_0_20170109192825550.jpg,4,Female,1,White,0,20170109192825550
26_0_1_20170117001235514.jpg,26,Male,0,Black,1,20170117001235514
29_1_0_20170109134431956.jpg,29,Female,1,White,0,20170109134431956
80_1_0_20170117175421676.jpg,80,Female,1,White,0,20170117175421676
47_0_0_20170104210532204.jpg,47,Male,0,White,0,20170104210532204
5_0_1_20170113154912353.jpg,5,Male,0,Black,1,20170113154912353
5_1_2_20161219195855851.jpg,5,Female,1,Asian,2,20161219195855851
24_0_2_20170116173635907.jpg,24,Male,0,Asian,2,20170116173635907
28_0_3_20170119194432235.jpg,28,Male,0,Indian,3,20170119194432235
41_0_0_20170119204215791.jpg,41,Male,0,White,0,20170119204215791
12_0_0_20170109213205384.jpg,12,Male,0,White,0,20170109213205384
4_0_0_20170110224705396.jpg,4,Male,0,White,0,20170110224705396
22_1_3_20170117143926531.jpg,22,Female,1,Indian,3,20170117143926531
16_0_0_20170110232528586.jpg,16,Male,0,White,0,20170110232528586
26_1_3_20170104222813183.jpg,26,Female,1,Indian,3,20170104222813183
31_0_1_20170117134930189.jpg,31,Male,0,Black,1,20170117134930189
24_0_0_20170113210127326.jpg,24,Male,0,White,0,20170113210127326
53_1_0_20170109220957462.jpg,53,Female,1,White,0,20170109220957462
42_0_3_20170119204253127.jpg,42,Male,0,Indian,3,20170119204253127
5_1_0_20170109193852084.jpg,5,Female,1,White,0,20170109193852084
26_0_4_20170103235546910.jpg,26,Male,0,Others,4,20170103235546910
28_0_0_20170117180622480.jpg,28,Male,0,White,0,20170117180622480
27_1_3_20170108224926503.jpg,27,Female,1,Indian,3,20170108224926503
2_0_0_20170110212710755.jpg,2,Male,0,White,0,20170110212710755
62_0_0_20170117172611801.jpg,62,Male,0,White,0,20170117172611801
22_1_1_20170114030632764.jpg,22,Female,1,Black,1,20170114030632764
30_0_0_20170117181104996.jpg,30,Male,0,White,0,20170117181104996
26_0_2_20170116183647463.jpg,26,Male,0,Asian,2,20170116183647463
30_0_0_20170116232936514.jpg,30,Male,0,White,0,20170116232936514
31_0_1_20170113174744610.jpg,31,Male,0,Black,1,20170113174744610
28_1_1_20170117020151221.jpg,28,Female,1,Black,1,20170117020151221
35_0_1_20170115235553533.jpg,35,Male,0,Black,1,20170115235553533
28_0_3_20170116223108046.jpg,28,Male,0,Indian,3,20170116223108046
36_1_0_20170105162608884.jpg,36,Female,1,White,0,20170105162608884
7_1_4_20170103212641884.jpg,7,Female,1,Others,4,20170103212641884
63_1_0_20170110141842534.jpg,63,Female,1,White,0,20170110141842534
17_1_0_20170102234717403.jpg,17,Female,1,White,0,20170102234717403
35_1_1_20170112210358868.jpg,35,Female,1,Black,1,20170112210358868
9_0_0_20170110224411209.jpg,9,Male,0,White,0,20170110224411209
6_0_0_20170110213109002.jpg,6,Male,0,White,0,20170110213109002
30_1_0_20170117141413713.jpg,30,Female,1,White,0,20170117141413713
21_1_1_20170112231908781.jpg,21,Female,1,Black,1,20170112231908781
34_1_1_20170116233652892.jpg,34,Female,1,Black,1,20170116233652892
30_0_2_20170119204746406.jpg,30,Male,0,Asian,2,20170119204746406
1_0_4_20161219195147803.jpg,1,Male,0,Others,4,20161219195147803
24_1_3_20170116220311270.jpg,24,Female,1,Indian,3,20170116220311270
8_0_0_20170110220011635.jpg,8,Male,0,White,0,20170110220011635
18_0_0_20170103201519511.jpg,18,Male,0,White,0,20170103201519511
26_1_2_20170116175903368.jpg,26,Female,1,Asian,2,20170116175903368
1_1_2_20161219201159932.jpg,1,Female,1,Asian,2,20161219201159932
24_0_0_20170116220755400.jpg,24,Male,0,White,0,20170116220755400
5_1_0_20170109193711655.jpg,5,Female,1,White,0,20170109193711655
25_1_0_20170117195134252.jpg,25,Female,1,White,0,20170117195134252
24_1_0_20170117150303070.jpg,24,Female,1,White,0,20170117150303070
45_0_0_20170117183226150.jpg,45,Male,0,White,0,20170117183226150
56_1_0_20170103180406295.jpg,56,Female,1,White,0,20170103180406295
78_0_0_20170111221741900.jpg,78,Male,0,White,0,20170111221741900
33_0_4_20170117202448894.jpg,33,Male,0,Others,4,20170117202448894
78_0_2_20170112224428293.jpg,78,Male,0,Asian,2,20170112224428293
39_0_3_20170119184201286.jpg,39,Male,0,Indian,3,20170119184201286
36_0_4_20170105170158252.jpg,36,Male,0,Others,4,20170105170158252
30_0_0_20170117181207964.jpg,30,Male,0,White,0,20170117181207964
66_1_1_20170113000154762.jpg,66,Female,1,Black,1,20170113000154762
25_1_3_20170117143802585.jpg,25,Female,1,Indian,3,20170117143802585
69_0_1_20170116205546933.jpg,69,Male,0,Black,1,20170116205546933
6_1_4_20161221193229605.jpg,6,Female,1,Others,4,20161221193229605
27_1_2_20170116172649981.jpg,27,Female,1,Asian,2,20170116172649981
32_0_1_20170113133956457.jpg,32,Male,0,Black,1,20170113133956457
30_0_1_20170113133719624.jpg,30,Male,0,Black,1,20170113133719624
26_0_2_20170119180632923.jpg,26,Male,0,Asian,2,20170119180632923
6_1_4_20170104010006062.jpg,6,Female,1,Others,4,20170104010006062
1_0_0_20170110211538942.jpg,1,Male,0,White,0,20170110211538942
34_0_3_20170119200806004.jpg,34,Male,0,Indian,3,20170119200806004
50_0_0_20170117160612319.jpg,50,Male,0,White,0,20170117160612319
26_0_2_20170116184500032.jpg,26,Male,0,Asian,2,20170116184500032
49_1_0_20170104185652921.jpg,49,Female,1,White,0,20170104185652921
35_0_1_20170117143106996.jpg,35,Male,0,Black,1,20170117143106996
26_1_1_20170116011422334.jpg,26,Female,1,Black,1,20170116011422334
23_1_2_20170116173150921.jpg,23,Female,1,Asian,2,20170116173150921
23_1_2_20170116172850931.jpg,23,Female,1,Asian,2,20170116172850931
22_1_0_20170116220936851.jpg,22,Female,1,White,0,20170116220936851
2_0_2_20161219204916820.jpg,2,Male,0,Asian,2,20161219204916820
24_1_4_20170117145459404.jpg,24,Female,1,Others,4,20170117145459404
54_0_0_20170119210009054.jpg,54,Male,0,White,0,20170119210009054
32_0_1_20170117140220148.jpg,32,Male,0,Black,1,20170117140220148
42_1_1_20170113005712902.jpg,42,Female,1,Black,1,20170113005712902
32_0_3_20170119200338100.jpg,32,Male,0,Indian,3,20170119200338100
40_0_3_20170104203137444.jpg,40,Male,0,Indian,3,20170104203137444
25_0_0_20170117143546538.jpg,25,Male,0,White,0,20170117143546538
39_1_4_20170109002712574.jpg,39,Female,1,Others,4,20170109002712574
29_0_4_20170104200625561.jpg,29,Male,0,Others,4,20170104200625561
28_0_3_20170119194658235.jpg,28,Male,0,Indian,3,20170119194658235
26_0_4_20170103235338373.jpg,26,Male,0,Others,4,20170103235338373
22_0_2_20170116162917882.jpg,22,Male,0,Asian,2,20170116162917882
8_1_0_20170109203435759.jpg,8,Female,1,White,0,20170109203435759
22_0_0_20170117143224571.jpg,22,Male,0,White,0,20170117143224571
15_1_0_20170109214723528.jpg,15,Female,1,White,0,20170109214723528
25_1_3_20170104223238159.jpg,25,Female,1,Indian,3,20170104223238159
28_1_2_20170116164759142.jpg,28,Female,1,Asian,2,20170116164759142
90_0_0_20170111221647621.jpg,90,Male,0,White,0,20170111221647621
28_1_2_20170116164653714.jpg,28,Female,1,Asian,2,20170116164653714
2_0_0_20170110213143544.jpg,2,Male,0,White,0,20170110213143544
33_0_3_20170119150501686.jpg,33,Male,0,Indian,3,20170119150501686
30_0_4_20170104000115245.jpg,30,Male,0,Others,4,20170104000115245
1_0_4_20170103205843434.jpg,1,Male,0,Others,4,20170103205843434
76_0_1_20170116205210541.jpg,76,Male,0,Black,1,20170116205210541
68_0_0_20170104185731268.jpg,68,Male,0,White,0,20170104185731268
25_0_0_20170117151628052.jpg,25,Male,0,White,0,20170117151628052
27_0_1_20170117005912432.jpg,27,Male,0,Black,1,20170117005912432
31_0_1_20170116160725854.jpg,31,Male,0,Black,1,20170116160725854
45_0_4_20170117201123717.jpg,45,Male,0,Others,4,20170117201123717
39_0_0_20170104181221245.jpg,39,Male,0,White,0,20170104181221245
8_1_0_20170109203557851.jpg,8,Female,1,White,0,20170109203557851
28_1_0_20170108225857948.jpg,28,Female,1,White,0,20170108225857948
40_0_0_20170113141815046.jpg,40,Male,0,White,0,20170113141815046
33_1_1_20170112210343452.jpg,33,Female,1,Black,1,20170112210343452
27_1_2_20170116170654971.jpg,27,Female,1,Asian,2,20170116170654971
40_1_0_20170117131101542.jpg,40,Female,1,White,0,20170117131101542
65_0_2_20170120223049075.jpg,65,Male,0,Asian,2,20170120223049075
50_0_0_20170117091314400.jpg,50,Male,0,White,0,20170117091314400
18_1_0_20170117135753337.jpg,18,Female,1,White,0,20170117135753337
65_0_0_20170111171747635.jpg,65,Male,0,White,0,20170111171747635
80_0_0_20170105175505310.jpg,80,Male,0,White,0,20170105175505310
2_1_4_20161221195003500.jpg,2,Female,1,Others,4,20161221195003500
20_1_1_20170114030919655.jpg,20,Female,1,Black,1,20170114030919655
19_1_0_20170109214615122.jpg,19,Female,1,White,0,20170109214615122
57_1_0_20170104201429289.jpg,57,Female,1,White,0,20170104201429289
36_0_3_20170119153128584.jpg,36,Male,0,Indian,3,20170119153128584
53_0_2_20170112215433623.jpg,53,Male,0,Asian,2,20170112215433623
30_1_3_20170117191057107.jpg,30,Female,1,Indian,3,20170117191057107
25_1_0_20170116223850990.jpg,25,Female,1,White,0,20170116223850990
1_0_2_20161219204736996.jpg,1,Male,0,Asian,2,20161219204736996
34_1_3_20170119163642029.jpg,34,Female,1,Indian,3,20170119163642029
66_1_0_20170110141120112.jpg,66,Female,1,White,0,20170110141120112
29_1_4_20170104165735505.jpg,29,Female,1,Others,4,20170104165735505
53_1_0_20170110141257440.jpg,53,Female,1,White,0,20170110141257440
42_0_0_20170117185725872.jpg,42,Male,0,White,0,20170117185725872
78_0_1_20170111210701342.jpg,78,Male,0,Black,1,20170111210701342
54_1_3_20170109140625083.jpg,54,Female,1,Indian,3,20170109140625083
29_1_0_20170119164401126.jpg,29,Female,1,White,0,20170119164401126
21_0_0_20170117141603616.jpg,21,Male,0,White,0,20170117141603616
24_0_3_20170119165712654.jpg,24,Male,0,Indian,3,20170119165712654
1_1_3_20161220143111349.jpg,1,Female,1,Indian,3,20161220143111349
27_0_0_20170112213500903.jpg,27,Male,0,White,0,20170112213500903
26_1_2_20170116180523022.jpg,26,Female,1,Asian,2,20170116180523022
17_1_1_20170113005047678.jpg,17,Female,1,Black,1,20170113005047678
23_0_0_20170117144555155.jpg,23,Male,0,White,0,20170117144555155
28_1_1_20170112204611851.jpg,28,Female,1,Black,1,20170112204611851
26_1_1_20170116232352844.jpg,26,Female,1,Black,1,20170116232352844
26_1_3_20170104222943143.jpg,26,Female,1,Indian,3,20170104222943143
5_0_1_20170110213654372.jpg,5,Male,0,Black,1,20170110213654372
3_0_3_20161219230155056.jpg,3,Male,0,Indian,3,20161219230155056
67_1_3_20170109151006621.jpg,67,Female,1,Indian,3,20170109151006621
53_0_0_20170104212407239.jpg,53,Male,0,White,0,20170104212407239
26_0_3_20170104230301625.jpg,26,Male,0,Indian,3,20170104230301625
3_0_0_20170110212748579.jpg,3,Male,0,White,0,20170110212748579
21_0_0_20170117142115098.jpg,21,Male,0,White,0,20170117142115098
40_0_0_20170117172519480.jpg,40,Male,0,White,0,20170117172519480
2_1_2_20161219161804134.jpg,2,Female,1,Asian,2,20161219161804134
50_0_3_20170119204538302.jpg,50,Male,0,Indian,3,20170119204538302
15_1_2_20170104013425867.jpg,15,Female,1,Asian,2,20170104013425867
38_0_3_20170116223006279.jpg,38,Male,0,Indian,3,20170116223006279
24_1_1_20170112204648604.jpg,24,Female,1,Black,1,20170112204648604
3_1_2_20161219154059420.jpg,3,Female,1,Asian,2,20161219154059420
30_1_3_20170117144459082.jpg,30,Female,1,Indian,3,20170117144459082
2_1_2_20161219203903148.jpg,2,Female,1,Asian,2,20161219203903148
26_0_3_20170117153030981.jpg,26,Male,0,Indian,3,20170117153030981
38_1_1_20170116222328756.jpg,38,Female,1,Black,1,20170116222328756
26_1_0_20170117171040563.jpg,26,Female,1,White,0,20170117171040563
1_1_4_20161221193419158.jpg,1,Female,1,Others,4,20161221193419158
55_1_1_20170112220123609.jpg,55,Female,1,Black,1,20170112220123609
26_1_1_20170116162448538.jpg,26,Female,1,Black,1,20170116162448538
52_0_0_20170109004806666.jpg,52,Male,0,White,0,20170109004806666
24_0_4_20170103210052027.jpg,24,Male,0,Others,4,20170103210052027
54_1_0_20170110122231385.jpg,54,Female,1,White,0,20170110122231385
26_0_3_20170117154554862.jpg,26,Male,0,Indian,3,20170117154554862
1_1_2_20170109193844660.jpg,1,Female,1,Asian,2,20170109193844660
95_1_0_20170110175711811.jpg,95,Female,1,White,0,20170110175711811
6_0_2_20161219190713643.jpg,6,Male,0,Asian,2,20161219190713643
26_1_1_20170116232703010.jpg,26,Female,1,Black,1,20170116232703010
75_1_0_20170120221925550.jpg,75,Female,1,White,0,20170120221925550
53_0_0_20170109010238192.jpg,53,Male,0,White,0,20170109010238192
36_0_4_20170117203502182.jpg,36,Male,0,Others,4,20170117203502182
85_1_0_20170110184027031.jpg,85,Female,1,White,0,20170110184027031
35_0_1_20170117010039479.jpg,35,Male,0,Black,1,20170117010039479
4_1_0_20170104005345015.jpg,4,Female,1,White,0,20170104005345015
38_0_2_20170120220104632.jpg,38,Male,0,Asian,2,20170120220104632
37_0_3_20170117183448630.jpg,37,Male,0,Indian,3,20170117183448630
69_0_0_20170109011208585.jpg,69,Male,0,White,0,20170109011208585
45_0_3_20170119201227781.jpg,45,Male,0,Indian,3,20170119201227781
37_0_2_20170104201121090.jpg,37,Male,0,Asian,2,20170104201121090
28_1_1_20170112234500344.jpg,28,Female,1,Black,1,20170112234500344
28_1_0_20170117122007101.jpg,28,Female,1,White,0,20170117122007101
45_1_3_20170119162710051.jpg,45,Female,1,Indian,3,20170119162710051
21_1_3_20170104222116782.jpg,21,Female,1,Indian,3,20170104222116782
24_1_3_20170119165459567.jpg,24,Female,1,Indian,3,20170119165459567
24_1_2_20170116170732649.jpg,24,Female,1,Asian,2,20170116170732649
61_0_1_20170117194559499.jpg,61,Male,0,Black,1,20170117194559499
50_0_2_20170117000150652.jpg,50,Male,0,Asian,2,20170117000150652
80_0_2_20170116233216420.jpg,80,Male,0,Asian,2,20170116233216420
32_1_0_20170110143445415.jpg,32,Female,1,White,0,20170110143445415
5_1_0_20170109192118486.jpg,5,Female,1,White,0,20170109192118486
6_1_3_20170104222751249.jpg,6,Female,1,Indian,3,20170104222751249
1_1_0_20170109192244272.jpg,1,Female,1,White,0,20170109192244272
14_0_1_20170110232707718.jpg,14,Male,0,Black,1,20170110232707718
80_0_0_20170111211457352.jpg,80,Male,0,White,0,20170111211457352
34_1_0_20170117180039028.jpg,34,Female,1,White,0,20170117180039028
27_0_2_20170116171028124.jpg,27,Male,0,Asian,2,20170116171028124
2_0_3_20161220221558178.jpg,2,Male,0,Indian,3,20161220221558178
63_1_0_20170117204830488.jpg,63,Female,1,White,0,20170117204830488
35_1_0_20170117191955709.jpg,35,Female,1,White,0,20170117191955709
30_1_0_20170117143123552.jpg,30,Female,1,White,0,20170117143123552
58_0_0_20170120224028072.jpg,58,Male,0,White,0,20170120224028072
24_1_0_20170119170930694.jpg,24,Female,1,White,0,20170119170930694
50_1_0_20170109012542626.jpg,50,Female,1,White,0,20170109012542626
11_1_0_20170109204523092.jpg,11,Female,1,White,0,20170109204523092
15_0_0_20170116201252122.jpg,15,Male,0,White,0,20170116201252122
7_0_0_20170110215612275.jpg,7,Male,0,White,0,20170110215612275
30_1_3_20170119204403583.jpg,30,Female,1,Indian,3,20170119204403583
32_1_0_20170103181759833.jpg,32,Female,1,White,0,20170103181759833
61_0_2_20170112224215755.jpg,61,Male,0,Asian,2,20170112224215755
68_0_0_20170104213159413.jpg,68,Male,0,White,0,20170104213159413
26_1_2_20170104021513981.jpg,26,Female,1,Asian,2,20170104021513981
27_0_0_20170116203031756.jpg,27,Male,0,White,0,20170116203031756
19_0_1_20170113132639480.jpg,19,Male,0,Black,1,20170113132639480
32_1_0_20170120220848324.jpg,32,Female,1,White,0,20170120220848324
34_0_0_20170117120149082.jpg,34,Male,0,White,0,20170117120149082
26_1_0_20170117175240971.jpg,26,Female,1,White,0,20170117175240971
45_1_1_20170117164742977.jpg,45,Female,1,Black,1,20170117164742977
23_1_3_20170119164501885.jpg,23,Female,1,Indian,3,20170119164501885
54_0_3_20170119210113528.jpg,54,Male,0,Indian,3,20170119210113528
36_1_0_20170103183426794.jpg,36,Female,1,White,0,20170103183426794
45_1_0_20170109132846228.jpg,45,Female,1,White,0,20170109132846228
28_1_4_20170103225950647.jpg,28,Female,1,Others,4,20170103225950647
8_1_2_20170109204518758.jpg,8,Female,1,Asian,2,20170109204518758
38_1_2_20170116161943473.jpg,38,Female,1,Asian,2,20170116161943473
43_0_0_20170117155042830.jpg,43,Male,0,White,0,20170117155042830
3_1_0_20170109191013750.jpg,3,Female,1,White,0,20170109191013750
23_1_2_20170116172959302.jpg,23,Female,1,Asian,2,20170116172959302
67_1_0_20170110143329621.jpg,67,Female,1,White,0,20170110143329621
53_0_3_20170119205835771.jpg,53,Male,0,Indian,3,20170119205835771
26_0_0_20170113210319774.jpg,26,Male,0,White,0,20170113210319774
52_1_0_20170117161058646.jpg,52,Female,1,White,0,20170117161058646
26_0_4_20170117195722036.jpg,26,Male,0,Others,4,20170117195722036
27_1_1_20170109131744869.jpg,27,Female,1,Black,1,20170109131744869
53_0_0_20170113184910088.jpg,53,Male,0,White,0,20170113184910088
80_1_0_20170117175612764.jpg,80,Female,1,White,0,20170117175612764
36_0_1_20170117135812577.jpg,36,Male,0,Black,1,20170117135812577
22_0_1_20170113132348359.jpg,22,Male,0,Black,1,20170113132348359
25_1_4_20170103233749355.jpg,25,Female,1,Others,4,20170103233749355
28_0_1_20170117183746129.jpg,28,Male,0,Black,1,20170117183746129
26_1_0_20170112213001988.jpg,26,Female,1,White,0,20170112213001988
3_1_0_20170109190706519.jpg,3,Female,1,White,0,20170109190706519
54_0_0_20170113142419212.jpg,54,Male,0,White,0,20170113142419212
40_0_0_20170113210319647.jpg,40,Male,0,White,0,20170113210319647
61_1_0_20170117192059259.jpg,61,Female,1,White,0,20170117192059259
2_0_2_20161219162357438.jpg,2,Male,0,Asian,2,20161219162357438
50_0_0_20170116224809437.jpg,50,Male,0,White,0,20170116224809437
81_0_1_20170117193731174.jpg,81,Male,0,Black,1,20170117193731174
26_1_1_20170116173239454.jpg,26,Female,1,Black,1,20170116173239454
40_0_2_20170116222954442.jpg,40,Male,0,Asian,2,20170116222954442
37_0_0_20170104183200979.jpg,37,Male,0,White,0,20170104183200979
18_1_0_20170109214453184.jpg,18,Female,1,White,0,20170109214453184
32_0_0_20170120220856044.jpg,32,Male,0,White,0,20170120220856044
52_0_0_20170113183829983.jpg,52,Male,0,White,0,20170113183829983
1_1_2_20161219201453804.jpg,1,Female,1,Asian,2,20161219201453804
69_1_0_20170110152957666.jpg,69,Female,1,White,0,20170110152957666
63_1_0_20170117195028219.jpg,63,Female,1,White,0,20170117195028219
26_0_0_20170112205800959.jpg,26,Male,0,White,0,20170112205800959
30_0_2_20170116164401454.jpg,30,Male,0,Asian,2,20170116164401454
50_1_0_20170120222640234.jpg,50,Female,1,White,0,20170120222640234
22_1_3_20170104231706746.jpg,22,Female,1,Indian,3,20170104231706746
26_1_1_20170116231937264.jpg,26,Female,1,Black,1,20170116231937264
1_1_3_20161220220046801.jpg,1,Female,1,Indian,3,20161220220046801
28_0_0_20170114032106670.jpg,28,Male,0,White,0,20170114032106670
43_0_0_20170117155057555.jpg,43,Male,0,White,0,20170117155057555
7_1_2_20161219193454051.jpg,7,Female,1,Asian,2,20161219193454051
36_0_4_20170117183809714.jpg,36,Male,0,Others,4,20170117183809714
24_1_0_20170116222936821.jpg,24,Female,1,White,0,20170116222936821
66_1_0_20170110131639960.jpg,66,Female,1,White,0,20170110131639960
25_0_2_20161219193843611.jpg,25,Male,0,Asian,2,20161219193843611
1_0_2_20161219222752047.jpg,1,Male,0,Asian,2,20161219222752047
16_0_4_20170104011805376.jpg,16,Male,0,Others,4,20170104011805376
20_1_0_20170109214125992.jpg,20,Female,1,White,0,20170109214125992
67_1_0_20170105173734477.jpg,67,Female,1,White,0,20170105173734477
24_1_3_20170119165453847.jpg,24,Female,1,Indian,3,20170119165453847
29_0_1_20170117104547721.jpg,29,Male,0,Black,1,20170117104547721
24_1_2_20170116171535446.jpg,24,Female,1,Asian,2,20170116171535446
2_1_4_20170103213401125.jpg,2,Female,1,Others,4,20170103213401125
25_0_3_20170107213404617.jpg,25,Male,0,Indian,3,20170107213404617
32_1_0_20170109132836606.jpg,32,Female,1,White,0,20170109132836606
45_0_0_20170117182743885.jpg,45,Male,0,White,0,20170117182743885
43_1_1_20170117155120541.jpg,43,Female,1,Black,1,20170117155120541
32_1_2_20170116184323930.jpg,32,Female,1,Asian,2,20170116184323930
34_1_3_20170119200614779.jpg,34,Female,1,Indian,3,20170119200614779
61_0_1_20170117193626228.jpg,61,Male,0,Black,1,20170117193626228
34_0_0_20170117134927863.jpg,34,Male,0,White,0,20170117134927863
21_1_1_20170114032152049.jpg,21,Female,1,Black,1,20170114032152049
7_0_0_20170110215603860.jpg,7,Male,0,White,0,20170110215603860
40_0_0_20170117181213181.jpg,40,Male,0,White,0,20170117181213181
25_1_3_20161220221516834.jpg,25,Female,1,Indian,3,20161220221516834
37_0_0_20170109013120280.jpg,37,Male,0,White,0,20170109013120280
24_0_0_20170114024859274.jpg,24,Male,0,White,0,20170114024859274
27_0_1_20170117010123108.jpg,27,Male,0,Black,1,20170117010123108
1_1_0_20170109194032969.jpg,1,Female,1,White,0,20170109194032969
23_0_2_20170116172805150.jpg,23,Male,0,Asian,2,20170116172805150
36_0_0_20170117203455375.jpg,36,Male,0,White,0,20170117203455375
24_1_2_20170116174520246.jpg,24,Female,1,Asian,2,20170116174520246
27_0_0_20170117010719987.jpg,27,Male,0,White,0,20170117010719987
29_0_1_20170114030901209.jpg,29,Male,0,Black,1,20170114030901209
53_1_0_20170110160643313.jpg,53,Female,1,White,0,20170110160643313
42_1_2_20170107213350336.jpg,42,Female,1,Asian,2,20170107213350336
28_0_1_20170113142237196.jpg,28,Male,0,Black,1,20170113142237196
38_0_3_20170119202601638.jpg,38,Male,0,Indian,3,20170119202601638
1_1_0_20170109192402736.jpg,1,Female,1,White,0,20170109192402736
21_1_3_20170109132139583.jpg,21,Female,1,Indian,3,20170109132139583
45_0_0_20170117172531012.jpg,45,Male,0,White,0,20170117172531012
85_1_0_20170110183802977.jpg,85,Female,1,White,0,20170110183802977
17_0_0_20170104003852806.jpg,17,Male,0,White,0,20170104003852806
25_1_0_20170117195358981.jpg,25,Female,1,White,0,20170117195358981
28_0_1_20170113134134481.jpg,28,Male,0,Black,1,20170113134134481
46_1_0_20170104170621792.jpg,46,Female,1,White,0,20170104170621792
31_1_1_20170117164303317.jpg,31,Female,1,Black,1,20170117164303317
58_1_0_20170117204758881.jpg,58,Female,1,White,0,20170117204758881
68_0_0_20170117172721512.jpg,68,Male,0,White,0,20170117172721512
17_1_4_20170117193142374.jpg,17,Female,1,Others,4,20170117193142374
34_0_3_20170119152247249.jpg,34,Male,0,Indian,3,20170119152247249
2_0_3_20161219225927088.jpg,2,Male,0,Indian,3,20161219225927088
26_1_0_20170117003243018.jpg,26,Female,1,White,0,20170117003243018
36_0_3_20170119195506419.jpg,36,Male,0,Indian,3,20170119195506419
27_1_2_20170116163552814.jpg,27,Female,1,Asian,2,20170116163552814
18_1_1_20170114030339628.jpg,18,Female,1,Black,1,20170114030339628
56_1_3_20170109132927258.jpg,56,Female,1,Indian,3,20170109132927258
26_1_1_20170116174149455.jpg,26,Female,1,Black,1,20170116174149455
20_1_0_20170117192922563.jpg,20,Female,1,White,0,20170117192922563
57_1_3_20170109132601018.jpg,57,Female,1,Indian,3,20170109132601018
69_1_0_20170110141835631.jpg,69,Female,1,White,0,20170110141835631
75_0_0_20170111204808623.jpg,75,Male,0,White,0,20170111204808623
85_0_0_20170111210640890.jpg,85,Male,0,White,0,20170111210640890
7_0_0_20170110215635827.jpg,7,Male,0,White,0,20170110215635827
40_1_1_20170116231247019.jpg,40,Female,1,Black,1,20170116231247019
45_0_0_20170120220616729.jpg,45,Male,0,White,0,20170120220616729
30_1_0_20170117204651319.jpg,30,Female,1,White,0,20170117204651319
68_0_0_20170117184556032.jpg,68,Male,0,White,0,20170117184556032
23_0_3_20170119163841604.jpg,23,Male,0,Indian,3,20170119163841604
23_0_3_20170119164007795.jpg,23,Male,0,Indian,3,20170119164007795
53_1_0_20170110122634608.jpg,53,Female,1,White,0,20170110122634608
24_0_3_20170104230212395.jpg,24,Male,0,Indian,3,20170104230212395
40_0_0_20170117135733872.jpg,40,Male,0,White,0,20170117135733872
11_0_0_20170103200824775.jpg,11,Male,0,White,0,20170103200824775
38_0_0_20170116235516373.jpg,38,Male,0,White,0,20170116235516373
16_1_0_20170109214323254.jpg,16,Female,1,White,0,20170109214323254
42_0_1_20170113175712924.jpg,42,Male,0,Black,1,20170113175712924
21_0_1_20170115231442487.jpg,21,Male,0,Black,1,20170115231442487
69_1_2_20170110141905175.jpg,69,Female,1,Asian,2,20170110141905175
26_1_1_20170117200205236.jpg,26,Female,1,Black,1,20170117200205236
1_0_2_20161219194811588.jpg,1,Male,0,Asian,2,20161219194811588
24_1_2_20170116165549493.jpg,24,Female,1,Asian,2,20170116165549493
90_0_0_20170111210403969.jpg,90,Male,0,White,0,20170111210403969
29_0_0_20170116205219294.jpg,29,Male,0,White,0,20170116205219294
72_0_1_20170113185128016.jpg,72,Male,0,Black,1,20170113185128016
60_1_0_20170110152834081.jpg,60,Female,1,White,0,20170110152834081
4_1_2_20161219142735921.jpg,4,Female,1,Asian,2,20161219142735921
18_1_4_20170103201320721.jpg,18,Female,1,Others,4,20170103201320721
84_1_0_20170109150746501.jpg,84,Female,1,White,0,20170109150746501
26_1_1_20170116232800401.jpg,26,Female,1,Black,1,20170116232800401
16_0_0_20170110231700274.jpg,16,Male,0,White,0,20170110231700274
32_0_3_20170119200245532.jpg,32,Male,0,Indian,3,20170119200245532
5_1_2_20161219191310882.jpg,5,Female,1,Asian,2,20161219191310882
22_1_2_20170116220943302.jpg,22,Female,1,Asian,2,20170116220943302
48_0_0_20170109012109036.jpg,48,Male,0,White,0,20170109012109036
32_1_1_20170112210316260.jpg,32,Female,1,Black,1,20170112210316260
1_0_2_20161219155349310.jpg,1,Male,0,Asian,2,20161219155349310
93_1_0_20170110141221528.jpg,93,Female,1,White,0,20170110141221528
25_0_1_20170113151735327.jpg,25,Male,0,Black,1,20170113151735327
60_1_0_20170113210605392.jpg,60,Female,1,White,0,20170113210605392
56_1_0_20170110120821728.jpg,56,Female,1,White,0,20170110120821728
35_0_0_20170117134934676.jpg,35,Male,0,White,0,20170117134934676
17_1_1_20170114030031959.jpg,17,Female,1,Black,1,20170114030031959
24_1_3_20170104234808251.jpg,24,Female,1,Indian,3,20170104234808251
5_1_0_20170109193659649.jpg,5,Female,1,White,0,20170109193659649
22_1_2_20170116162938834.jpg,22,Female,1,Asian,2,20170116162938834
12_0_0_20170110224843637.jpg,12,Male,0,White,0,20170110224843637
3_0_0_20170110212729799.jpg,3,Male,0,White,0,20170110212729799
75_0_1_20170111202743587.jpg,75,Male,0,Black,1,20170111202743587
68_1_0_20170103183639034.jpg,68,Female,1,White,0,20170103183639034
58_1_1_20170117194006047.jpg,58,Female,1,Black,1,20170117194006047
6_1_3_20161220223142531.jpg,6,Female,1,Indian,3,20161220223142531
15_0_0_20170110232532949.jpg,15,Male,0,White,0,20170110232532949
23_0_0_20170117144552915.jpg,23,Male,0,White,0,20170117144552915
26_1_1_20170112231645231.jpg,26,Female,1,Black,1,20170112231645231
26_1_1_20170116233102426.jpg,26,Female,1,Black,1,20170116233102426
12_1_0_20170104005520631.jpg,12,Female,1,White,0,20170104005520631
45_0_0_20170117191748012.jpg,45,Male,0,White,0,20170117191748012
16_0_0_20170110232313053.jpg,16,Male,0,White,0,20170110232313053
23_1_0_20170112234220808.jpg,23,Female,1,White,0,20170112234220808
37_0_4_20170117140108503.jpg,37,Male,0,Others,4,20170117140108503
29_0_0_20170117122025363.jpg,29,Male,0,White,0,20170117122025363
35_1_4_20170117203540087.jpg,35,Female,1,Others,4,20170117203540087
9_0_1_20170110225612237.jpg,9,Male,0,Black,1,20170110225612237
76_1_0_20170120225951434.jpg,76,Female,1,White,0,20170120225951434
26_1_2_20170116182218057.jpg,26,Female,1,Asian,2,20170116182218057
45_0_0_20170117182811973.jpg,45,Male,0,White,0,20170117182811973
6_0_0_20170117201323444.jpg,6,Male,0,White,0,20170117201323444
1_0_2_20161219195334724.jpg,1,Male,0,Asian,2,20161219195334724
1_1_0_20161220220103049.jpg,1,Female,1,White,0,20161220220103049
47_0_0_20170109010730191.jpg,47,Male,0,White,0,20170109010730191
52_0_0_20170117160940615.jpg,52,Male,0,White,0,20170117160940615
52_0_1_20170117161018159.jpg,52,Male,0,Black,1,20170117161018159
1_0_3_20161220220036937.jpg,1,Male,0,Indian,3,20161220220036937
56_0_0_20170104184302965.jpg,56,Male,0,White,0,20170104184302965
17_0_1_20170110224421697.jpg,17,Male,0,Black,1,20170110224421697
45_1_1_20170112203850233.jpg,45,Female,1,Black,1,20170112203850233
60_0_0_20170117153701292.jpg,60,Male,0,White,0,20170117153701292
26_1_0_20170116183936414.jpg,26,Female,1,White,0,20170116183936414
18_1_0_20170109214559082.jpg,18,Female,1,White,0,20170109214559082
27_1_0_20170105000743720.jpg,27,Female,1,White,0,20170105000743720
28_1_4_20170117202546775.jpg,28,Female,1,Others,4,20170117202546775
24_0_3_20170117150546627.jpg,24,Male,0,Indian,3,20170117150546627
34_0_2_20170105173641996.jpg,34,Male,0,Asian,2,20170105173641996
25_1_3_20170104232101034.jpg,25,Female,1,Indian,3,20170104232101034
50_0_3_20170113190305936.jpg,50,Male,0,Indian,3,20170113190305936
59_0_0_20170119211444609.jpg,59,Male,0,White,0,20170119211444609
60_0_2_20170116192718318.jpg,60,Male,0,Asian,2,20170116192718318
38_1_0_20170103163147600.jpg,38,Female,1,White,0,20170103163147600
5_1_3_20161219224922904.jpg,5,Female,1,Indian,3,20161219224922904
30_0_2_20170117142033818.jpg,30,Male,0,Asian,2,20170117142033818
32_1_0_20170103182600698.jpg,32,Female,1,White,0,20170103182600698
10_0_4_20170104010810728.jpg,10,Male,0,Others,4,20170104010810728
38_1_3_20170119202610221.jpg,38,Female,1,Indian,3,20170119202610221
50_0_3_20170119204134671.jpg,50,Male,0,Indian,3,20170119204134671
27_1_4_20170103234931350.jpg,27,Female,1,Others,4,20170103234931350
12_0_0_20170117165940524.jpg,12,Male,0,White,0,20170117165940524
53_0_0_20170104184415133.jpg,53,Male,0,White,0,20170104184415133
1_1_0_20170109194131667.jpg,1,Female,1,White,0,20170109194131667
7_0_0_20170110215708491.jpg,7,Male,0,White,0,20170110215708491
41_1_0_20170109010103671.jpg,41,Female,1,White,0,20170109010103671
29_0_0_20170117171827563.jpg,29,Male,0,White,0,20170117171827563
16_1_0_20170109213504335.jpg,16,Female,1,White,0,20170109213504335
32_1_1_20170116164948959.jpg,32,Female,1,Black,1,20170116164948959
32_0_0_20170116182638639.jpg,32,Male,0,White,0,20170116182638639
25_1_0_20170117134324860.jpg,25,Female,1,White,0,20170117134324860
1_1_3_20161219225640200.jpg,1,Female,1,Indian,3,20161219225640200
68_0_0_20170111202304919.jpg,68,Male,0,White,0,20170111202304919
20_1_1_20170112231407182.jpg,20,Female,1,Black,1,20170112231407182
57_1_0_20170110154547015.jpg,57,Female,1,White,0,20170110154547015
55_1_3_20170117153430708.jpg,55,Female,1,Indian,3,20170117153430708
24_0_0_20170113210126343.jpg,24,Male,0,White,0,20170113210126343
52_0_3_20170119205715174.jpg,52,Male,0,Indian,3,20170119205715174
50_0_0_20170104212118221.jpg,50,Male,0,White,0,20170104212118221
2_1_1_20170113002906252.jpg,2,Female,1,Black,1,20170113002906252
26_1_0_20170117201638206.jpg,26,Female,1,White,0,20170117201638206
26_1_1_20170112210842781.jpg,26,Female,1,Black,1,20170112210842781
40_1_0_20170103181824761.jpg,40,Female,1,White,0,20170103181824761
26_0_0_20170104022546750.jpg,26,Male,0,White,0,20170104022546750
17_0_0_20170110231210547.jpg,17,Male,0,White,0,20170110231210547
30_0_0_20170117144600491.jpg,30,Male,0,White,0,20170117144600491
12_1_3_20170117154644725.jpg,12,Female,1,Indian,3,20170117154644725
39_0_1_20170116001219696.jpg,39,Male,0,Black,1,20170116001219696
26_1_3_20170104215629245.jpg,26,Female,1,Indian,3,20170104215629245
30_0_0_20170119150440126.jpg,30,Male,0,White,0,20170119150440126
60_1_1_20170113001648066.jpg,60,Female,1,Black,1,20170113001648066
36_0_1_20170116205322430.jpg,36,Male,0,Black,1,20170116205322430
39_0_4_20170104183739429.jpg,39,Male,0,Others,4,20170104183739429
32_0_1_20170113135916978.jpg,32,Male,0,Black,1,20170113135916978
42_1_0_20170109220451027.jpg,42,Female,1,White,0,20170109220451027
40_1_3_20170109140647801.jpg,40,Female,1,Indian,3,20170109140647801
31_1_4_20170103234105597.jpg,31,Female,1,Others,4,20170103234105597
26_0_3_20170119144035406.jpg,26,Male,0,Indian,3,20170119144035406
39_0_2_20170104201921434.jpg,39,Male,0,Asian,2,20170104201921434
10_0_0_20170110225528484.jpg,10,Male,0,White,0,20170110225528484
31_0_4_20170116193338756.jpg,31,Male,0,Others,4,20170116193338756
26_0_1_20170105183731642.jpg,26,Male,0,Black,1,20170105183731642
26_1_4_20170117174316560.jpg,26,Female,1,Others,4,20170117174316560
90_1_0_20170120140047472.jpg,90,Female,1,White,0,20170120140047472
26_0_3_20170104230250721.jpg,26,Male,0,Indian,3,20170104230250721
12_1_4_20170103200804119.jpg,12,Female,1,Others,4,20170103200804119
29_0_3_20170105162407635.jpg,29,Male,0,Indian,3,20170105162407635
51_0_1_20170111200729699.jpg,51,Male,0,Black,1,20170111200729699
1_1_2_20161219140638264.jpg,1,Female,1,Asian,2,20161219140638264
30_0_2_20170117144613825.jpg,30,Male,0,Asian,2,20170117144613825
56_0_1_20170111202009206.jpg,56,Male,0,Black,1,20170111202009206
26_0_3_20170104230323233.jpg,26,Male,0,Indian,3,20170104230323233
44_0_0_20170117155532055.jpg,44,Male,0,White,0,20170117155532055
60_0_0_20170120223121330.jpg,60,Male,0,White,0,20170120223121330
22_1_1_20170112203855123.jpg,22,Female,1,Black,1,20170112203855123
59_1_0_20170110122554230.jpg,59,Female,1,White,0,20170110122554230
1_0_0_20170110213438385.jpg,1,Male,0,White,0,20170110213438385
27_1_2_20161219195834107.jpg,27,Female,1,Asian,2,20161219195834107
16_1_4_20170103201021199.jpg,16,Female,1,Others,4,20170103201021199
1_1_2_20161219151131108.jpg,1,Female,1,Asian,2,20161219151131108
20_0_1_20170112191235269.jpg,20,Male,0,Black,1,20170112191235269
25_1_1_20170112205216610.jpg,25,Female,1,Black,1,20170112205216610
29_0_0_20170116192401102.jpg,29,Male,0,White,0,20170116192401102
3_1_0_20170109191958848.jpg,3,Female,1,White,0,20170109191958848
30_1_1_20170117143817409.jpg,30,Female,1,Black,1,20170117143817409
49_0_0_20170104185354638.jpg,49,Male,0,White,0,20170104185354638
59_0_0_20170104184923262.jpg,59,Male,0,White,0,20170104184923262
27_1_3_20170104235750836.jpg,27,Female,1,Indian,3,20170104235750836
28_0_1_20170113133358713.jpg,28,Male,0,Black,1,20170113133358713
16_1_0_20170116204045849.jpg,16,Female,1,White,0,20170116204045849
26_0_3_20170119184132638.jpg,26,Male,0,Indian,3,20170119184132638
26_1_0_20170116164911648.jpg,26,Female,1,White,0,20170116164911648
32_1_3_20170104223356184.jpg,32,Female,1,Indian,3,20170104223356184
2_0_2_20161219162317542.jpg,2,Male,0,Asian,2,20161219162317542
26_1_1_20170112213032340.jpg,26,Female,1,Black,1,20170112213032340
24_1_1_20170112234357224.jpg,24,Female,1,Black,1,20170112234357224
27_0_1_20170117010428117.jpg,27,Male,0,Black,1,20170117010428117
6_1_0_20161220221631666.jpg,6,Female,1,White,0,20161220221631666
35_1_4_20170116221035151.jpg,35,Female,1,Others,4,20170116221035151
45_0_0_20170117185108392.jpg,45,Male,0,White,0,20170117185108392
23_0_3_20170119164314853.jpg,23,Male,0,Indian,3,20170119164314853
54_0_3_20170119210218868.jpg,54,Male,0,Indian,3,20170119210218868
35_1_0_20170116201535811.jpg,35,Female,1,White,0,20170116201535811
72_1_0_20170110161254894.jpg,72,Female,1,White,0,20170110161254894
15_0_0_20170110232117349.jpg,15,Male,0,White,0,20170110232117349
42_1_1_20170113182842126.jpg,42,Female,1,Black,1,20170113182842126
43_0_0_20170117171851443.jpg,43,Male,0,White,0,20170117171851443
32_0_0_20170117134727342.jpg,32,Male,0,White,0,20170117134727342
32_0_0_20170117134824559.jpg,32,Male,0,White,0,20170117134824559
31_0_1_20170117135222573.jpg,31,Male,0,Black,1,20170117135222573
56_0_0_20170120222521496.jpg,56,Male,0,White,0,20170120222521496
35_1_2_20170116191711286.jpg,35,Female,1,Asian,2,20170116191711286
29_0_1_20170116214326195.jpg,29,Male,0,Black,1,20170116214326195
39_1_2_20170117154228051.jpg,39,Female,1,Asian,2,20170117154228051
45_0_3_20170104220631406.jpg,45,Male,0,Indian,3,20170104220631406
36_0_4_20170117203436206.jpg,36,Male,0,Others,4,20170117203436206
1_0_0_20170109194232519.jpg,1,Male,0,White,0,20170109194232519
26_1_1_20170116011425192.jpg,26,Female,1,Black,1,20170116011425192
54_0_0_20170111201637797.jpg,54,Male,0,White,0,20170111201637797
58_0_0_20170117191837444.jpg,58,Male,0,White,0,20170117191837444
38_0_0_20170116001012194.jpg,38,Male,0,White,0,20170116001012194
25_0_3_20170119171508760.jpg,25,Male,0,Indian,3,20170119171508760
26_0_0_20170117171909243.jpg,26,Male,0,White,0,20170117171909243
15_0_0_20170110232306381.jpg,15,Male,0,White,0,20170110232306381
30_0_1_20170117202828582.jpg,30,Male,0,Black,1,20170117202828582
35_0_0_20170117135019980.jpg,35,Male,0,White,0,20170117135019980
9_0_0_20170110224455692.jpg,9,Male,0,White,0,20170110224455692
77_0_0_20170109132051992.jpg,77,Male,0,White,0,20170109132051992
49_0_0_20170117190515851.jpg,49,Male,0,White,0,20170117190515851
22_0_1_20170114033134437.jpg,22,Male,0,Black,1,20170114033134437
67_1_3_20170109150650035.jpg,67,Female,1,Indian,3,20170109150650035
50_0_4_20170105173144813.jpg,50,Male,0,Others,4,20170105173144813
27_0_0_20170116220751583.jpg,27,Male,0,White,0,20170116220751583
22_1_0_20170117194001595.jpg,22,Female,1,White,0,20170117194001595
26_1_1_20170116234802444.jpg,26,Female,1,Black,1,20170116234802444
26_1_1_20170116231829268.jpg,26,Female,1,Black,1,20170116231829268
56_1_0_20170120134758144.jpg,56,Female,1,White,0,20170120134758144
34_0_0_20170119180157900.jpg,34,Male,0,White,0,20170119180157900
4_1_0_20170109191240933.jpg,4,Female,1,White,0,20170109191240933
22_0_1_20170114032119562.jpg,22,Male,0,Black,1,20170114032119562
1_0_3_20161219225958712.jpg,1,Male,0,Indian,3,20161219225958712
20_1_0_20170119153738075.jpg,20,Female,1,White,0,20170119153738075
42_0_1_20170113190548728.jpg,42,Male,0,Black,1,20170113190548728
6_1_0_20170109201058867.jpg,6,Female,1,White,0,20170109201058867
16_1_4_20170103224851136.jpg,16,Female,1,Others,4,20170103224851136
25_1_0_20170104234942017.jpg,25,Female,1,White,0,20170104234942017
5_0_2_20161219194354209.jpg,5,Male,0,Asian,2,20161219194354209
3_1_0_20161219205449493.jpg,3,Female,1,White,0,20161219205449493
21_0_2_20170116170907317.jpg,21,Male,0,Asian,2,20170116170907317
43_0_4_20170117135938595.jpg,43,Male,0,Others,4,20170117135938595
75_0_2_20170112205221689.jpg,75,Male,0,Asian,2,20170112205221689
40_1_0_20170117135417615.jpg,40,Female,1,White,0,20170117135417615
26_0_0_20170117195441085.jpg,26,Male,0,White,0,20170117195441085
24_1_4_20170103212802644.jpg,24,Female,1,Others,4,20170103212802644
88_1_0_20170110183140329.jpg,88,Female,1,White,0,20170110183140329
85_1_0_20170110183536244.jpg,85,Female,1,White,0,20170110183536244
54_0_0_20170117171109228.jpg,54,Male,0,White,0,20170117171109228
35_0_0_20170116232953930.jpg,35,Male,0,White,0,20170116232953930
58_0_3_20170119211734608.jpg,58,Male,0,Indian,3,20170119211734608
45_0_1_20170117190019363.jpg,45,Male,0,Black,1,20170117190019363
86_1_2_20170105174652949.jpg,86,Female,1,Asian,2,20170105174652949
1_0_2_20161219195959395.jpg,1,Male,0,Asian,2,20161219195959395
34_0_1_20170117141457492.jpg,34,Male,0,Black,1,20170117141457492
32_1_0_20170117134809503.jpg,32,Female,1,White,0,20170117134809503
26_1_1_20170116233613793.jpg,26,Female,1,Black,1,20170116233613793
14_1_0_20170109204304326.jpg,14,Female,1,White,0,20170109204304326
26_1_1_20170116233044289.jpg,26,Female,1,Black,1,20170116233044289
1_1_4_20170103205129266.jpg,1,Female,1,Others,4,20170103205129266
85_0_0_20170111205432369.jpg,85,Male,0,White,0,20170111205432369
26_0_3_20170117154514013.jpg,26,Male,0,Indian,3,20170117154514013
17_0_0_20170114025941650.jpg,17,Male,0,White,0,20170114025941650
3_0_2_20161219160753533.jpg,3,Male,0,Asian,2,20161219160753533
1_1_4_20161221201729160.jpg,1,Female,1,Others,4,20161221201729160
1_1_3_20161220145206031.jpg,1,Female,1,Indian,3,20161220145206031
36_0_0_20170117183118966.jpg,36,Male,0,White,0,20170117183118966
12_1_1_20170116233629728.jpg,12,Female,1,Black,1,20170116233629728
62_1_0_20170110131354284.jpg,62,Female,1,White,0,20170110131354284
45_0_0_20170117180830778.jpg,45,Male,0,White,0,20170117180830778
20_1_1_20170112191255227.jpg,20,Female,1,Black,1,20170112191255227
24_1_2_20170116171158821.jpg,24,Female,1,Asian,2,20170116171158821
51_0_0_20170111171747330.jpg,51,Male,0,White,0,20170111171747330
35_0_0_20170116193236930.jpg,35,Male,0,White,0,20170116193236930
26_0_0_20170117172201507.jpg,26,Male,0,White,0,20170117172201507
43_0_3_20170119202340885.jpg,43,Male,0,Indian,3,20170119202340885
32_0_2_20170117133724452.jpg,32,Male,0,Asian,2,20170117133724452
75_0_3_20170112224003785.jpg,75,Male,0,Indian,3,20170112224003785
1_0_4_20170103202417352.jpg,1,Male,0,Others,4,20170103202417352
50_0_3_20170119204422855.jpg,50,Male,0,Indian,3,20170119204422855
32_1_0_20170119163257405.jpg,32,Female,1,White,0,20170119163257405
22_0_1_20170113150439151.jpg,22,Male,0,Black,1,20170113150439151
12_1_2_20170103200922406.jpg,12,Female,1,Asian,2,20170103200922406
35_1_1_20170117123859839.jpg,35,Female,1,Black,1,20170117123859839
2_0_0_20170103202801736.jpg,2,Male,0,White,0,20170103202801736
26_1_2_20170116175501158.jpg,26,Female,1,Asian,2,20170116175501158
26_0_0_20170117152804731.jpg,26,Male,0,White,0,20170117152804731
6_1_0_20170104005600943.jpg,6,Female,1,White,0,20170104005600943
58_0_3_20170119211543234.jpg,58,Male,0,Indian,3,20170119211543234
38_1_1_20170116010511938.jpg,38,Female,1,Black,1,20170116010511938
14_1_0_20170104005937407.jpg,14,Female,1,White,0,20170104005937407
51_0_3_20170119205628400.jpg,51,Male,0,Indian,3,20170119205628400
52_0_0_20170120222227135.jpg,52,Male,0,White,0,20170120222227135
65_0_0_20170117204225231.jpg,65,Male,0,White,0,20170117204225231
4_0_0_20170110224321631.jpg,4,Male,0,White,0,20170110224321631
5_0_1_20170116030347859.jpg,5,Male,0,Black,1,20170116030347859
72_1_0_20170110183821487.jpg,72,Female,1,White,0,20170110183821487
40_1_3_20170116191729090.jpg,40,Female,1,Indian,3,20170116191729090
22_1_3_20170104232533912.jpg,22,Female,1,Indian,3,20170104232533912
25_1_2_20170117022422149.jpg,25,Female,1,Asian,2,20170117022422149
41_0_3_20170104232812410.jpg,41,Male,0,Indian,3,20170104232812410
26_0_0_20170116232619054.jpg,26,Male,0,White,0,20170116232619054
54_0_4_20170117204308977.jpg,54,Male,0,Others,4,20170117204308977
25_1_1_20170117154035392.jpg,25,Female,1,Black,1,20170117154035392
1_1_3_20161219225945416.jpg,1,Female,1,Indian,3,20161219225945416
58_1_1_20170117194028702.jpg,58,Female,1,Black,1,20170117194028702
81_1_0_20170110125407444.jpg,81,Female,1,White,0,20170110125407444
42_1_4_20170103230535913.jpg,42,Female,1,Others,4,20170103230535913
40_1_0_20170104021117189.jpg,40,Female,1,White,0,20170104021117189
1_1_3_20161220143234887.jpg,1,Female,1,Indian,3,20161220143234887
75_1_0_20170110131534363.jpg,75,Female,1,White,0,20170110131534363
1_1_0_20170109192245647.jpg,1,Female,1,White,0,20170109192245647
51_0_1_20170113142122196.jpg,51,Male,0,Black,1,20170113142122196
26_1_2_20170116184309896.jpg,26,Female,1,Asian,2,20170116184309896
60_1_0_20170110141759687.jpg,60,Female,1,White,0,20170110141759687
48_0_0_20170104210544269.jpg,48,Male,0,White,0,20170104210544269
1_1_2_20161219155705613.jpg,1,Female,1,Asian,2,20161219155705613
1_1_3_20161220145219616.jpg,1,Female,1,Indian,3,20161220145219616
24_1_2_20170116164628750.jpg,24,Female,1,Asian,2,20170116164628750
76_1_0_20170120140118089.jpg,76,Female,1,White,0,20170120140118089
45_0_3_20170119201202684.jpg,45,Male,0,Indian,3,20170119201202684
24_1_3_20170104231344873.jpg,24,Female,1,Indian,3,20170104231344873
32_0_0_20170116235403701.jpg,32,Male,0,White,0,20170116235403701
50_1_0_20170117092638126.jpg,50,Female,1,White,0,20170117092638126
3_0_4_20161221193723542.jpg,3,Male,0,Others,4,20161221193723542
20_0_0_20170117135525494.jpg,20,Male,0,White,0,20170117135525494
30_0_0_20170104202149570.jpg,30,Male,0,White,0,20170104202149570
29_1_0_20170109002758865.jpg,29,Female,1,White,0,20170109002758865
65_0_0_20170120225159632.jpg,65,Male,0,White,0,20170120225159632
28_0_2_20170116165016235.jpg,28,Male,0,Asian,2,20170116165016235
49_1_0_20170117160556897.jpg,49,Female,1,White,0,20170117160556897
26_1_1_20170117183916995.jpg,26,Female,1,Black,1,20170117183916995
49_0_0_20170117190513467.jpg,49,Male,0,White,0,20170117190513467
40_0_2_20170116191432618.jpg,40,Male,0,Asian,2,20170116191432618
25_0_1_20170116002228362.jpg,25,Male,0,Black,1,20170116002228362
26_0_3_20170119175417539.jpg,26,Male,0,Indian,3,20170119175417539
53_1_0_20170117163713738.jpg,53,Female,1,White,0,20170117163713738
26_1_2_20170104022829221.jpg,26,Female,1,Asian,2,20170104022829221
85_1_0_20170110141027202.jpg,85,Female,1,White,0,20170110141027202
58_0_0_20170117191944060.jpg,58,Male,0,White,0,20170117191944060
29_1_1_20170112214952639.jpg,29,Female,1,Black,1,20170112214952639
14_0_2_20170110232701995.jpg,14,Male,0,Asian,2,20170110232701995
24_0_3_20170119150647534.jpg,24,Male,0,Indian,3,20170119150647534
5_0_2_20161219222440743.jpg,5,Male,0,Asian,2,20161219222440743
26_0_3_20170117154604988.jpg,26,Male,0,Indian,3,20170117154604988
36_0_0_20170104204301875.jpg,36,Male,0,White,0,20170104204301875
45_1_0_20170117200902766.jpg,45,Female,1,White,0,20170117200902766
29_0_1_20170113142448050.jpg,29,Male,0,Black,1,20170113142448050
9_1_4_20170103200814791.jpg,9,Female,1,Others,4,20170103200814791
21_0_0_20170103234805676.jpg,21,Male,0,White,0,20170103234805676
28_1_2_20170105000553851.jpg,28,Female,1,Asian,2,20170105000553851
37_1_1_20170116222809020.jpg,37,Female,1,Black,1,20170116222809020
80_0_0_20170117174755679.jpg,80,Male,0,White,0,20170117174755679
21_1_1_20170112231851007.jpg,21,Female,1,Black,1,20170112231851007
1_1_0_20170109191535466.jpg,1,Female,1,White,0,20170109191535466
40_1_0_20170117135406232.jpg,40,Female,1,White,0,20170117135406232
29_1_2_20170116164713504.jpg,29,Female,1,Asian,2,20170116164713504
27_0_1_20170117013622859.jpg,27,Male,0,Black,1,20170117013622859
6_1_4_20161223232159876.jpg,6,Female,1,Others,4,20161223232159876
68_0_0_20170113185525480.jpg,68,Male,0,White,0,20170113185525480
24_1_0_20170103180732376.jpg,24,Female,1,White,0,20170103180732376
27_1_0_20170116171624008.jpg,27,Female,1,White,0,20170116171624008
36_1_1_20170113000229769.jpg,36,Female,1,Black,1,20170113000229769
42_0_4_20170104174008963.jpg,42,Male,0,Others,4,20170104174008963
50_0_3_20170119204418614.jpg,50,Male,0,Indian,3,20170119204418614
34_0_0_20170117135545874.jpg,34,Male,0,White,0,20170117135545874
23_1_4_20170103224510895.jpg,23,Female,1,Others,4,20170103224510895
68_1_1_20170113002009108.jpg,68,Female,1,Black,1,20170113002009108
29_1_2_20170109005533803.jpg,29,Female,1,Asian,2,20170109005533803
32_1_1_20170112223744219.jpg,32,Female,1,Black,1,20170112223744219
1_1_2_20161219200309555.jpg,1,Female,1,Asian,2,20161219200309555
33_1_0_20170103182231977.jpg,33,Female,1,White,0,20170103182231977
60_1_0_20170110141610416.jpg,60,Female,1,White,0,20170110141610416
63_0_3_20170119212005016.jpg,63,Male,0,Indian,3,20170119212005016
40_1_0_20170117003453925.jpg,40,Female,1,White,0,20170117003453925
26_1_3_20170116180310868.jpg,26,Female,1,Indian,3,20170116180310868
26_0_3_20170117154454487.jpg,26,Male,0,Indian,3,20170117154454487
36_0_0_20170108225341913.jpg,36,Male,0,White,0,20170108225341913
30_0_3_20170119204751837.jpg,30,Male,0,Indian,3,20170119204751837
30_1_0_20170117145129099.jpg,30,Female,1,White,0,20170117145129099
71_1_0_20170110153303997.jpg,71,Female,1,White,0,20170110153303997
65_0_0_20170111204914864.jpg,65,Male,0,White,0,20170111204914864
2_0_2_20161219205542789.jpg,2,Male,0,Asian,2,20161219205542789
36_0_1_20170117175139438.jpg,36,Male,0,Black,1,20170117175139438
47_0_3_20170119194827491.jpg,47,Male,0,Indian,3,20170119194827491
1_1_4_20161221195119295.jpg,1,Female,1,Others,4,20161221195119295
23_1_2_20170116173057476.jpg,23,Female,1,Asian,2,20170116173057476
38_0_0_20170117141721964.jpg,38,Male,0,White,0,20170117141721964
2_0_4_20161221192651909.jpg,2,Male,0,Others,4,20161221192651909
26_1_0_20170117174119845.jpg,26,Female,1,White,0,20170117174119845
56_1_0_20170103180159982.jpg,56,Female,1,White,0,20170103180159982
14_0_0_20170110232541244.jpg,14,Male,0,White,0,20170110232541244
22_1_0_20170111182452750.jpg,22,Female,1,White,0,20170111182452750
28_1_4_20170103235043691.jpg,28,Female,1,Others,4,20170103235043691
48_0_2_20170117160456200.jpg,48,Male,0,Asian,2,20170117160456200
18_1_0_20170109212956509.jpg,18,Female,1,White,0,20170109212956509
1_1_2_20161219200539420.jpg,1,Female,1,Asian,2,20161219200539420
39_0_3_20170105164649724.jpg,39,Male,0,Indian,3,20170105164649724
32_0_3_20170119200318588.jpg,32,Male,0,Indian,3,20170119200318588
26_0_0_20170116203343708.jpg,26,Male,0,White,0,20170116203343708
1_1_3_20161220144637487.jpg,1,Female,1,Indian,3,20161220144637487
29_0_0_20170116224736533.jpg,29,Male,0,White,0,20170116224736533
24_1_1_20170116224913775.jpg,24,Female,1,Black,1,20170116224913775
59_1_0_20170113184300134.jpg,59,Female,1,White,0,20170113184300134
61_0_0_20170111222237144.jpg,61,Male,0,White,0,20170111222237144
29_0_3_20170117022426014.jpg,29,Male,0,Indian,3,20170117022426014
75_1_0_20170120230326690.jpg,75,Female,1,White,0,20170120230326690
28_1_0_20170112203956699.jpg,28,Female,1,White,0,20170112203956699
31_1_2_20170116191228244.jpg,31,Female,1,Asian,2,20170116191228244
47_1_0_20170117140100071.jpg,47,Female,1,White,0,20170117140100071
90_1_0_20170110175738208.jpg,90,Female,1,White,0,20170110175738208
54_0_3_20170119200624157.jpg,54,Male,0,Indian,3,20170119200624157
44_0_3_20170119165814423.jpg,44,Male,0,Indian,3,20170119165814423
31_0_3_20170119211535833.jpg,31,Male,0,Indian,3,20170119211535833
3_0_0_20170110205355795.jpg,3,Male,0,White,0,20170110205355795
43_0_1_20170116203818122.jpg,43,Male,0,Black,1,20170116203818122
89_0_1_20170117182437361.jpg,89,Male,0,Black,1,20170117182437361
24_1_3_20170119152746104.jpg,24,Female,1,Indian,3,20170119152746104
30_0_0_20170120220656642.jpg,30,Male,0,White,0,20170120220656642
17_1_1_20170114030034621.jpg,17,Female,1,Black,1,20170114030034621
23_0_3_20170119163909413.jpg,23,Male,0,Indian,3,20170119163909413
60_0_4_20170104185434246.jpg,60,Male,0,Others,4,20170104185434246
58_0_0_20170120224627678.jpg,58,Male,0,White,0,20170120224627678
54_0_3_20170104183448533.jpg,54,Male,0,Indian,3,20170104183448533
35_1_3_20170104234658417.jpg,35,Female,1,Indian,3,20170104234658417
17_0_1_20170114025845366.jpg,17,Male,0,Black,1,20170114025845366
45_0_1_20170117154348380.jpg,45,Male,0,Black,1,20170117154348380
28_1_0_20170116223114979.jpg,28,Female,1,White,0,20170116223114979
70_0_0_20170117155935122.jpg,70,Male,0,White,0,20170117155935122
25_1_0_20170119172023545.jpg,25,Female,1,White,0,20170119172023545
59_1_0_20170110141807087.jpg,59,Female,1,White,0,20170110141807087
43_0_0_20170104205923244.jpg,43,Male,0,White,0,20170104205923244
36_0_0_20170116011210805.jpg,36,Male,0,White,0,20170116011210805
21_1_3_20170117141517632.jpg,21,Female,1,Indian,3,20170117141517632
5_1_2_20161219204528892.jpg,5,Female,1,Asian,2,20161219204528892
1_0_0_20161219154724341.jpg,1,Male,0,White,0,20161219154724341
30_0_4_20170117151010732.jpg,30,Male,0,Others,4,20170117151010732
25_0_3_20170119153018897.jpg,25,Male,0,Indian,3,20170119153018897
23_0_1_20170113150854335.jpg,23,Male,0,Black,1,20170113150854335
24_0_3_20170119165805454.jpg,24,Male,0,Indian,3,20170119165805454
16_0_0_20170110232434079.jpg,16,Male,0,White,0,20170110232434079
36_1_1_20170112203914370.jpg,36,Female,1,Black,1,20170112203914370
57_0_1_20170113184855343.jpg,57,Male,0,Black,1,20170113184855343
26_1_1_20170112213309749.jpg,26,Female,1,Black,1,20170112213309749
20_0_0_20170117140133828.jpg,20,Male,0,White,0,20170117140133828
22_1_2_20170104021344006.jpg,22,Female,1,Asian,2,20170104021344006
12_1_0_20170109204113685.jpg,12,Female,1,White,0,20170109204113685
58_0_0_20170117173317568.jpg,58,Male,0,White,0,20170117173317568
26_1_3_20161220221501954.jpg,26,Female,1,Indian,3,20161220221501954
2_0_4_20161221202316873.jpg,2,Male,0,Others,4,20161221202316873
26_0_1_20170113134802314.jpg,26,Male,0,Black,1,20170113134802314
28_0_0_20170116220611954.jpg,28,Male,0,White,0,20170116220611954
20_0_0_20170116205525001.jpg,20,Male,0,White,0,20170116205525001
15_0_2_20170116181405111.jpg,15,Male,0,Asian,2,20170116181405111
35_0_0_20170117185746842.jpg,35,Male,0,White,0,20170117185746842
28_1_2_20170116164719711.jpg,28,Female,1,Asian,2,20170116164719711
68_0_2_20170111205006920.jpg,68,Male,0,Asian,2,20170111205006920
25_0_0_20170117140947335.jpg,25,Male,0,White,0,20170117140947335
31_1_0_20170105162529475.jpg,31,Female,1,White,0,20170105162529475
60_1_0_20170110141545888.jpg,60,Female,1,White,0,20170110141545888
67_0_0_20170104212901716.jpg,67,Male,0,White,0,20170104212901716
26_0_0_20170117171708077.jpg,26,Male,0,White,0,20170117171708077
5_1_3_20161219225746112.jpg,5,Female,1,Indian,3,20161219225746112
21_0_0_20170117141529337.jpg,21,Male,0,White,0,20170117141529337
26_0_2_20170116181343246.jpg,26,Male,0,Asian,2,20170116181343246
20_1_1_20170112231743279.jpg,20,Female,1,Black,1,20170112231743279
25_0_1_20170116205628998.jpg,25,Male,0,Black,1,20170116205628998
26_1_3_20170117174047894.jpg,26,Female,1,Indian,3,20170117174047894
40_0_1_20170113184933016.jpg,40,Male,0,Black,1,20170113184933016
26_1_2_20170116184456081.jpg,26,Female,1,Asian,2,20170116184456081
24_0_0_20170117003314278.jpg,24,Male,0,White,0,20170117003314278
32_1_0_20170113210605443.jpg,32,Female,1,White,0,20170113210605443
37_0_3_20170119153105041.jpg,37,Male,0,Indian,3,20170119153105041
4_1_1_20170109194520772.jpg,4,Female,1,Black,1,20170109194520772
90_0_0_20170117174936333.jpg,90,Male,0,White,0,20170117174936333
3_1_4_20161221201429017.jpg,3,Female,1,Others,4,20161221201429017
43_1_0_20170111182452890.jpg,43,Female,1,White,0,20170111182452890
45_0_0_20170117174733520.jpg,45,Male,0,White,0,20170117174733520
1_0_2_20161219203310132.jpg,1,Male,0,Asian,2,20161219203310132
54_0_0_20170111203603354.jpg,54,Male,0,White,0,20170111203603354
26_1_3_20170117173846653.jpg,26,Female,1,Indian,3,20170117173846653
21_1_2_20170105183505385.jpg,21,Female,1,Asian,2,20170105183505385
1_0_4_20161221200056240.jpg,1,Male,0,Others,4,20161221200056240
35_1_0_20170103181546899.jpg,35,Female,1,White,0,20170103181546899
26_0_1_20170113152913048.jpg,26,Male,0,Black,1,20170113152913048
58_0_0_20170117153829116.jpg,58,Male,0,White,0,20170117153829116
27_1_0_20170109132420616.jpg,27,Female,1,White,0,20170109132420616
2_0_2_20161219222236983.jpg,2,Male,0,Asian,2,20161219222236983
55_0_0_20170117191622249.jpg,55,Male,0,White,0,20170117191622249
63_0_3_20170119205921327.jpg,63,Male,0,Indian,3,20170119205921327
26_1_2_20170103184117683.jpg,26,Female,1,Asian,2,20170103184117683
76_0_0_20170120223813862.jpg,76,Male,0,White,0,20170120223813862
46_1_1_20170116001928205.jpg,46,Female,1,Black,1,20170116001928205
54_0_3_20170119210112712.jpg,54,Male,0,Indian,3,20170119210112712
56_0_0_20170120133932247.jpg,56,Male,0,White,0,20170120133932247
29_0_0_20170104201127146.jpg,29,Male,0,White,0,20170104201127146
37_1_3_20170109132551978.jpg,37,Female,1,Indian,3,20170109132551978
26_1_2_20170116184043483.jpg,26,Female,1,Asian,2,20170116184043483
43_1_0_20170103183357706.jpg,43,Female,1,White,0,20170103183357706
60_0_0_20170109013439834.jpg,60,Male,0,White,0,20170109013439834
1_1_3_20161220145200632.jpg,1,Female,1,Indian,3,20161220145200632
16_0_0_20170104012325066.jpg,16,Male,0,White,0,20170104012325066
27_1_1_20170116171146677.jpg,27,Female,1,Black,1,20170116171146677
50_0_0_20170117180346013.jpg,50,Male,0,White,0,20170117180346013
36_1_1_20170113012249151.jpg,36,Female,1,Black,1,20170113012249151
51_0_0_20170104212200845.jpg,51,Male,0,White,0,20170104212200845
50_0_0_20170117135342519.jpg,50,Male,0,White,0,20170117135342519
26_1_2_20170104021717909.jpg,26,Female,1,Asian,2,20170104021717909
31_0_1_20170116214505667.jpg,31,Male,0,Black,1,20170116214505667
16_0_0_20170104230001113.jpg,16,Male,0,White,0,20170104230001113
26_0_1_20170117194404976.jpg,26,Male,0,Black,1,20170117194404976
4_0_2_20170110220021011.jpg,4,Male,0,Asian,2,20170110220021011
53_0_3_20170119205830896.jpg,53,Male,0,Indian,3,20170119205830896
34_0_4_20170104201954962.jpg,34,Male,0,Others,4,20170104201954962
68_0_0_20170104213632941.jpg,68,Male,0,White,0,20170104213632941
85_1_0_20170110183957671.jpg,85,Female,1,White,0,20170110183957671
45_0_3_20170119171404704.jpg,45,Male,0,Indian,3,20170119171404704
12_0_0_20170103200900511.jpg,12,Male,0,White,0,20170103200900511
25_1_0_20170117193330822.jpg,25,Female,1,White,0,20170117193330822
2_1_3_20161219224808112.jpg,2,Female,1,Indian,3,20161219224808112
24_1_3_20170104222401271.jpg,24,Female,1,Indian,3,20170104222401271
35_1_0_20170117191616924.jpg,35,Female,1,White,0,20170117191616924
32_1_2_20170105173433822.jpg,32,Female,1,Asian,2,20170105173433822
1_0_0_20161219195753899.jpg,1,Male,0,White,0,20161219195753899
18_1_1_20170114030334837.jpg,18,Female,1,Black,1,20170114030334837
26_1_1_20170116024053194.jpg,26,Female,1,Black,1,20170116024053194
28_0_1_20170113175016716.jpg,28,Male,0,Black,1,20170113175016716
22_0_3_20170119162746691.jpg,22,Male,0,Indian,3,20170119162746691
32_1_1_20170112215044104.jpg,32,Female,1,Black,1,20170112215044104
1_0_0_20170110212704144.jpg,1,Male,0,White,0,20170110212704144
61_0_3_20170105180813046.jpg,61,Male,0,Indian,3,20170105180813046
3_1_2_20161219142118801.jpg,3,Female,1,Asian,2,20161219142118801
45_0_0_20170116233229437.jpg,45,Male,0,White,0,20170116233229437
32_0_3_20170116030101844.jpg,32,Male,0,Indian,3,20170116030101844
36_1_1_20170113012408913.jpg,36,Female,1,Black,1,20170113012408913
36_0_3_20170119202127415.jpg,36,Male,0,Indian,3,20170119202127415
47_1_3_20170104235830612.jpg,47,Female,1,Indian,3,20170104235830612
24_1_3_20170119170547814.jpg,24,Female,1,Indian,3,20170119170547814
30_0_3_20170117181147603.jpg,30,Male,0,Indian,3,20170117181147603
26_0_3_20170119181315374.jpg,26,Male,0,Indian,3,20170119181315374
40_1_1_20170113011244319.jpg,40,Female,1,Black,1,20170113011244319
26_0_0_20170117195617829.jpg,26,Male,0,White,0,20170117195617829
65_0_0_20170117191827251.jpg,65,Male,0,White,0,20170117191827251
2_0_3_20161219230614992.jpg,2,Male,0,Indian,3,20161219230614992
9_0_0_20170110220441522.jpg,9,Male,0,White,0,20170110220441522
38_1_0_20170117154131675.jpg,38,Female,1,White,0,20170117154131675
40_0_0_20170117203818313.jpg,40,Male,0,White,0,20170117203818313
30_0_0_20170117120906582.jpg,30,Male,0,White,0,20170117120906582
60_1_1_20170110120140583.jpg,60,Female,1,Black,1,20170110120140583
1_0_4_20161221202008129.jpg,1,Male,0,Others,4,20161221202008129
35_0_4_20170116191747403.jpg,35,Male,0,Others,4,20170116191747403
68_0_0_20170117171825450.jpg,68,Male,0,White,0,20170117171825450
54_0_0_20170116193518166.jpg,54,Male,0,White,0,20170116193518166
54_0_3_20170119210121447.jpg,54,Male,0,Indian,3,20170119210121447
35_0_4_20170117172754499.jpg,35,Male,0,Others,4,20170117172754499
47_0_3_20170117140021091.jpg,47,Male,0,Indian,3,20170117140021091
1_1_4_20170103212116187.jpg,1,Female,1,Others,4,20170103212116187
64_1_0_20170110154140951.jpg,64,Female,1,White,0,20170110154140951
15_1_4_20170103233304142.jpg,15,Female,1,Others,4,20170103233304142
26_0_1_20170113151645856.jpg,26,Male,0,Black,1,20170113151645856
90_1_2_20170111221639268.jpg,90,Female,1,Asian,2,20170111221639268
70_1_1_20170117171523132.jpg,70,Female,1,Black,1,20170117171523132
63_0_3_20170105180903541.jpg,63,Male,0,Indian,3,20170105180903541
26_0_4_20170117152801765.jpg,26,Male,0,Others,4,20170117152801765
16_1_0_20170117175202679.jpg,16,Female,1,White,0,20170117175202679
37_1_3_20170119163035788.jpg,37,Female,1,Indian,3,20170119163035788
14_0_1_20170117141604244.jpg,14,Male,0,Black,1,20170117141604244
66_0_3_20170119160336443.jpg,66,Male,0,Indian,3,20170119160336443
3_1_2_20161219160836485.jpg,3,Female,1,Asian,2,20161219160836485
16_0_0_20170110231521377.jpg,16,Male,0,White,0,20170110231521377
1_0_2_20161219204024196.jpg,1,Male,0,Asian,2,20161219204024196
1_0_3_20161219230533840.jpg,1,Male,0,Indian,3,20161219230533840
60_0_0_20170104212114820.jpg,60,Male,0,White,0,20170104212114820
15_1_2_20161219190855506.jpg,15,Female,1,Asian,2,20161219190855506
58_0_0_20170113190620672.jpg,58,Male,0,White,0,20170113190620672
61_0_1_20170113174636459.jpg,61,Male,0,Black,1,20170113174636459
16_0_0_20170110232444834.jpg,16,Male,0,White,0,20170110232444834
50_0_1_20170120221000756.jpg,50,Male,0,Black,1,20170120221000756
18_0_0_20170105183259439.jpg,18,Male,0,White,0,20170105183259439
17_0_1_20170116205618568.jpg,17,Male,0,Black,1,20170116205618568
26_0_2_20170116233100347.jpg,26,Male,0,Asian,2,20170116233100347
18_1_0_20170109213414723.jpg,18,Female,1,White,0,20170109213414723
35_0_3_20170117154740182.jpg,35,Male,0,Indian,3,20170117154740182
28_1_4_20170117202550286.jpg,28,Female,1,Others,4,20170117202550286
55_0_3_20170117153822293.jpg,55,Male,0,Indian,3,20170117153822293
74_0_0_20170120225103496.jpg,74,Male,0,White,0,20170120225103496
38_0_1_20170116195906275.jpg,38,Male,0,Black,1,20170116195906275
22_1_1_20170116175817144.jpg,22,Female,1,Black,1,20170116175817144
26_1_2_20170116220837093.jpg,26,Female,1,Asian,2,20170116220837093
50_0_0_20170103183532811.jpg,50,Male,0,White,0,20170103183532811
16_1_0_20170109204155179.jpg,16,Female,1,White,0,20170109204155179
68_0_0_20170111203927639.jpg,68,Male,0,White,0,20170111203927639
32_1_1_20170112210500948.jpg,32,Female,1,Black,1,20170112210500948
14_0_0_20170102234854353.jpg,14,Male,0,White,0,20170102234854353
30_1_3_20170104214339133.jpg,30,Female,1,Indian,3,20170104214339133
26_1_0_20170117175227641.jpg,26,Female,1,White,0,20170117175227641
7_1_3_20170104222541621.jpg,7,Female,1,Indian,3,20170104222541621
15_0_0_20170110224250144.jpg,15,Male,0,White,0,20170110224250144
56_1_2_20170104201008890.jpg,56,Female,1,Asian,2,20170104201008890
26_1_0_20170117200514416.jpg,26,Female,1,White,0,20170117200514416
31_0_3_20170119200051395.jpg,31,Male,0,Indian,3,20170119200051395
25_1_3_20170109135843276.jpg,25,Female,1,Indian,3,20170109135843276
60_0_0_20170105173244278.jpg,60,Male,0,White,0,20170105173244278
35_1_0_20170117135400203.jpg,35,Female,1,White,0,20170117135400203
26_0_0_20170117144510833.jpg,26,Male,0,White,0,20170117144510833
35_1_0_20170117135422687.jpg,35,Female,1,White,0,20170117135422687
35_0_0_20170117144017811.jpg,35,Male,0,White,0,20170117144017811
24_1_4_20170103224550520.jpg,24,Female,1,Others,4,20170103224550520
78_1_0_20170120225556721.jpg,78,Female,1,White,0,20170120225556721
47_1_0_20170104184430669.jpg,47,Female,1,White,0,20170104184430669
60_1_1_20170113185146864.jpg,60,Female,1,Black,1,20170113185146864
24_0_4_20170117194435668.jpg,24,Male,0,Others,4,20170117194435668
16_0_0_20170117134538670.jpg,16,Male,0,White,0,20170117134538670
34_1_3_20170119152656528.jpg,34,Female,1,Indian,3,20170119152656528
41_0_3_20170104215454077.jpg,41,Male,0,Indian,3,20170104215454077
32_1_0_20170117182511453.jpg,32,Female,1,White,0,20170117182511453
40_0_0_20170117130926545.jpg,40,Male,0,White,0,20170117130926545
28_1_0_20170116173054767.jpg,28,Female,1,White,0,20170116173054767
45_1_0_20170117191302524.jpg,45,Female,1,White,0,20170117191302524
81_1_0_20170120230532540.jpg,81,Female,1,White,0,20170120230532540
30_0_3_20170117143052785.jpg,30,Male,0,Indian,3,20170117143052785
26_0_0_20170119184315753.jpg,26,Male,0,White,0,20170119184315753
36_0_0_20170119180123410.jpg,36,Male,0,White,0,20170119180123410
37_0_1_20170113173824723.jpg,37,Male,0,Black,1,20170113173824723
35_0_2_20170116174634892.jpg,35,Male,0,Asian,2,20170116174634892
26_0_0_20170105183712607.jpg,26,Male,0,White,0,20170105183712607
24_1_2_20170109213251114.jpg,24,Female,1,Asian,2,20170109213251114
24_1_0_20170105183641479.jpg,24,Female,1,White,0,20170105183641479
54_0_3_20170119210119072.jpg,54,Male,0,Indian,3,20170119210119072
3_0_1_20170113145440942.jpg,3,Male,0,Black,1,20170113145440942
49_0_0_20170105172956637.jpg,49,Male,0,White,0,20170105172956637
27_0_1_20170117013649763.jpg,27,Male,0,Black,1,20170117013649763
27_1_1_20170117013822716.jpg,27,Female,1,Black,1,20170117013822716
26_1_1_20170112230609340.jpg,26,Female,1,Black,1,20170112230609340
19_1_1_20170117124021486.jpg,19,Female,1,Black,1,20170117124021486
30_0_4_20170103235622469.jpg,30,Male,0,Others,4,20170103235622469
18_1_0_20170109214042490.jpg,18,Female,1,White,0,20170109214042490
25_1_1_20170112192945622.jpg,25,Female,1,Black,1,20170112192945622
37_0_0_20170109010719371.jpg,37,Male,0,White,0,20170109010719371
45_0_0_20170105184113903.jpg,45,Male,0,White,0,20170105184113903
1_0_0_20170109193820009.jpg,1,Male,0,White,0,20170109193820009
28_1_0_20170116214232243.jpg,28,Female,1,White,0,20170116214232243
33_1_0_20170119192533970.jpg,33,Female,1,White,0,20170119192533970
3_0_3_20161220221437315.jpg,3,Male,0,Indian,3,20161220221437315
38_0_0_20170117120714034.jpg,38,Male,0,White,0,20170117120714034
29_0_1_20170113175509613.jpg,29,Male,0,Black,1,20170113175509613
45_0_1_20170117135648741.jpg,45,Male,0,Black,1,20170117135648741
23_1_4_20170103223410718.jpg,23,Female,1,Others,4,20170103223410718
26_0_0_20170117201133309.jpg,26,Male,0,White,0,20170117201133309
26_0_2_20170116184137536.jpg,26,Male,0,Asian,2,20170116184137536
60_1_0_20170110153047755.jpg,60,Female,1,White,0,20170110153047755
26_0_2_20170104023102422.jpg,26,Male,0,Asian,2,20170104023102422
89_0_1_20170117193440263.jpg,89,Male,0,Black,1,20170117193440263
24_0_1_20170117194403765.jpg,24,Male,0,Black,1,20170117194403765
8_1_0_20170109204920415.jpg,8,Female,1,White,0,20170109204920415
21_0_3_20170119153827185.jpg,21,Male,0,Indian,3,20170119153827185
1_0_3_20161219230224536.jpg,1,Male,0,Indian,3,20161219230224536
85_1_0_20170110181049060.jpg,85,Female,1,White,0,20170110181049060
25_1_0_20170103182309849.jpg,25,Female,1,White,0,20170103182309849
30_0_2_20170116173516742.jpg,30,Male,0,Asian,2,20170116173516742
26_1_1_20170116155801198.jpg,26,Female,1,Black,1,20170116155801198
1_0_2_20161220144914327.jpg,1,Male,0,Asian,2,20161220144914327
70_1_3_20170119150943854.jpg,70,Female,1,Indian,3,20170119150943854
42_0_2_20170112192928782.jpg,42,Male,0,Asian,2,20170112192928782
75_1_0_20170110182543266.jpg,75,Female,1,White,0,20170110182543266
90_0_2_20170111210212331.jpg,90,Male,0,Asian,2,20170111210212331
20_0_0_20170116205352042.jpg,20,Male,0,White,0,20170116205352042
14_1_0_20170117135203837.jpg,14,Female,1,White,0,20170117135203837
65_0_0_20170117161049678.jpg,65,Male,0,White,0,20170117161049678
10_0_0_20170110220644705.jpg,10,Male,0,White,0,20170110220644705
28_0_0_20170116220747543.jpg,28,Male,0,White,0,20170116220747543
21_1_0_20170104020509980.jpg,21,Female,1,White,0,20170104020509980
58_0_0_20170104212603957.jpg,58,Male,0,White,0,20170104212603957
46_0_0_20170104203859666.jpg,46,Male,0,White,0,20170104203859666
1_0_0_20170110212652648.jpg,1,Male,0,White,0,20170110212652648
10_1_1_20170117134313205.jpg,10,Female,1,Black,1,20170117134313205
2_0_2_20161219194123523.jpg,2,Male,0,Asian,2,20161219194123523
58_0_1_20170113184850673.jpg,58,Male,0,Black,1,20170113184850673
42_0_4_20170104204413955.jpg,42,Male,0,Others,4,20170104204413955
36_1_2_20170115234956957.jpg,36,Female,1,Asian,2,20170115234956957
31_0_1_20170117203020591.jpg,31,Male,0,Black,1,20170117203020591
32_1_3_20170104235157578.jpg,32,Female,1,Indian,3,20170104235157578
29_1_3_20170117180824298.jpg,29,Female,1,Indian,3,20170117180824298
21_1_0_20170117193737828.jpg,21,Female,1,White,0,20170117193737828
72_0_0_20170111181750515.jpg,72,Male,0,White,0,20170111181750515
1_1_3_20161219225015272.jpg,1,Female,1,Indian,3,20161219225015272
32_0_2_20170116191425413.jpg,32,Male,0,Asian,2,20170116191425413
20_1_4_20170103224540624.jpg,20,Female,1,Others,4,20170103224540624
38_0_1_20170103183118882.jpg,38,Male,0,Black,1,20170103183118882
29_0_1_20170113173014241.jpg,29,Male,0,Black,1,20170113173014241
30_1_2_20170116163322535.jpg,30,Female,1,Asian,2,20170116163322535
50_0_1_20170117135655702.jpg,50,Male,0,Black,1,20170117135655702
24_1_3_20170117150120578.jpg,24,Female,1,Indian,3,20170117150120578
46_0_2_20170116224908862.jpg,46,Male,0,Asian,2,20170116224908862
2_1_2_20161219153833780.jpg,2,Female,1,Asian,2,20161219153833780
63_0_0_20170113210318902.jpg,63,Male,0,White,0,20170113210318902
2_1_2_20161219211923782.jpg,2,Female,1,Asian,2,20161219211923782
63_0_0_20170117192213796.jpg,63,Male,0,White,0,20170117192213796
22_1_0_20170112233731616.jpg,22,Female,1,White,0,20170112233731616
75_0_0_20170117175212732.jpg,75,Male,0,White,0,20170117175212732
3_0_1_20170109194623635.jpg,3,Male,0,Black,1,20170109194623635
52_0_2_20170116192904934.jpg,52,Male,0,Asian,2,20170116192904934
26_0_0_20170113210126726.jpg,26,Male,0,White,0,20170113210126726
16_0_0_20170103201044224.jpg,16,Male,0,White,0,20170103201044224
21_1_0_20170117142648466.jpg,21,Female,1,White,0,20170117142648466
63_0_0_20170111171747613.jpg,63,Male,0,White,0,20170111171747613
30_1_0_20170103182425185.jpg,30,Female,1,White,0,20170103182425185
23_1_2_20170116173100087.jpg,23,Female,1,Asian,2,20170116173100087
50_0_2_20170116191949008.jpg,50,Male,0,Asian,2,20170116191949008
32_0_3_20170119200338892.jpg,32,Male,0,Indian,3,20170119200338892
32_0_0_20170117133449807.jpg,32,Male,0,White,0,20170117133449807
38_1_0_20170104171602219.jpg,38,Female,1,White,0,20170104171602219
37_1_3_20170119193409372.jpg,37,Female,1,Indian,3,20170119193409372
26_0_1_20170113151630983.jpg,26,Male,0,Black,1,20170113151630983
75_0_0_20170117174918045.jpg,75,Male,0,White,0,20170117174918045
39_1_3_20170119204014702.jpg,39,Female,1,Indian,3,20170119204014702
56_1_1_20170112210514093.jpg,56,Female,1,Black,1,20170112210514093
5_0_0_20170110215925587.jpg,5,Male,0,White,0,20170110215925587
1_0_2_20161219203154684.jpg,1,Male,0,Asian,2,20161219203154684
16_1_0_20170117133441179.jpg,16,Female,1,White,0,20170117133441179
57_0_0_20170117192020506.jpg,57,Male,0,White,0,20170117192020506
81_1_0_20170120225516057.jpg,81,Female,1,White,0,20170120225516057
26_1_2_20170116183011989.jpg,26,Female,1,Asian,2,20170116183011989
61_1_3_20170109131931185.jpg,61,Female,1,Indian,3,20170109131931185
24_1_3_20170104222414918.jpg,24,Female,1,Indian,3,20170104222414918
60_0_0_20170120223409123.jpg,60,Male,0,White,0,20170120223409123
26_0_0_20170117195612332.jpg,26,Male,0,White,0,20170117195612332
35_1_0_20170117091849716.jpg,35,Female,1,White,0,20170117091849716
80_1_0_20170120223534893.jpg,80,Female,1,White,0,20170120223534893
73_1_0_20170110154151795.jpg,73,Female,1,White,0,20170110154151795
51_0_3_20170119211842089.jpg,51,Male,0,Indian,3,20170119211842089
32_0_3_20170117120702808.jpg,32,Male,0,Indian,3,20170117120702808
40_0_1_20170117195245795.jpg,40,Male,0,Black,1,20170117195245795
1_0_4_20161221193016140.jpg,1,Male,0,Others,4,20161221193016140
27_1_1_20170117010343271.jpg,27,Female,1,Black,1,20170117010343271
36_0_0_20170117163601353.jpg,36,Male,0,White,0,20170117163601353
88_0_0_20170113185121024.jpg,88,Male,0,White,0,20170113185121024
26_1_0_20170116175417440.jpg,26,Female,1,White,0,20170116175417440
36_0_3_20170119201833789.jpg,36,Male,0,Indian,3,20170119201833789
26_0_0_20170119180141460.jpg,26,Male,0,White,0,20170119180141460
48_1_1_20170117175130020.jpg,48,Female,1,Black,1,20170117175130020
45_1_1_20170112234408154.jpg,45,Female,1,Black,1,20170112234408154
35_0_1_20170114034617407.jpg,35,Male,0,Black,1,20170114034617407
26_0_3_20170119184303327.jpg,26,Male,0,Indian,3,20170119184303327
50_0_0_20170104021859988.jpg,50,Male,0,White,0,20170104021859988
26_0_0_20170113133551354.jpg,26,Male,0,White,0,20170113133551354
1_0_2_20161219140811232.jpg,1,Male,0,Asian,2,20161219140811232
1_1_2_20161219195107011.jpg,1,Female,1,Asian,2,20161219195107011
54_0_0_20170117191422211.jpg,54,Male,0,White,0,20170117191422211
3_1_0_20170109191231140.jpg,3,Female,1,White,0,20170109191231140
40_1_0_20170117150823490.jpg,40,Female,1,White,0,20170117150823490
51_0_3_20170119205626592.jpg,51,Male,0,Indian,3,20170119205626592
25_0_1_20170117183525355.jpg,25,Male,0,Black,1,20170117183525355
25_1_4_20170117195141428.jpg,25,Female,1,Others,4,20170117195141428
60_0_3_20170117155910858.jpg,60,Male,0,Indian,3,20170117155910858
85_1_0_20170110155144403.jpg,85,Female,1,White,0,20170110155144403
24_1_2_20170116174806841.jpg,24,Female,1,Asian,2,20170116174806841
12_1_2_20170109203838187.jpg,12,Female,1,Asian,2,20170109203838187
18_1_0_20170109213922168.jpg,18,Female,1,White,0,20170109213922168
27_1_3_20170109132133665.jpg,27,Female,1,Indian,3,20170109132133665
1_1_0_20161219190725427.jpg,1,Female,1,White,0,20161219190725427
37_0_0_20170119202225685.jpg,37,Male,0,White,0,20170119202225685
24_1_3_20170104223152030.jpg,24,Female,1,Indian,3,20170104223152030
35_1_3_20170109140914004.jpg,35,Female,1,Indian,3,20170109140914004
23_0_2_20170116172904718.jpg,23,Male,0,Asian,2,20170116172904718
35_1_0_20170116203950507.jpg,35,Female,1,White,0,20170116203950507
55_0_0_20170111194750534.jpg,55,Male,0,White,0,20170111194750534
35_0_1_20170117005850627.jpg,35,Male,0,Black,1,20170117005850627
85_0_0_20170117192351268.jpg,85,Male,0,White,0,20170117192351268
53_1_0_20170109221042561.jpg,53,Female,1,White,0,20170109221042561
52_0_0_20170104210032733.jpg,52,Male,0,White,0,20170104210032733
28_1_1_20170112234557232.jpg,28,Female,1,Black,1,20170112234557232
32_0_3_20170119200400215.jpg,32,Male,0,Indian,3,20170119200400215
57_0_0_20170104185225142.jpg,57,Male,0,White,0,20170104185225142
29_1_1_20170117193933170.jpg,29,Female,1,Black,1,20170117193933170
40_0_4_20170117194620611.jpg,40,Male,0,Others,4,20170117194620611
2_0_2_20161219203828132.jpg,2,Male,0,Asian,2,20161219203828132
26_1_3_20170119180539188.jpg,26,Female,1,Indian,3,20170119180539188
21_1_1_20170114032208983.jpg,21,Female,1,Black,1,20170114032208983
9_1_1_20170117105556810.jpg,9,Female,1,Black,1,20170117105556810
1_0_1_20170110213113882.jpg,1,Male,0,Black,1,20170110213113882
26_1_3_20170119193141890.jpg,26,Female,1,Indian,3,20170119193141890
25_1_3_20170104231305129.jpg,25,Female,1,Indian,3,20170104231305129
2_1_0_20170109191841423.jpg,2,Female,1,White,0,20170109191841423
24_1_2_20170116165537446.jpg,24,Female,1,Asian,2,20170116165537446
66_0_0_20170109015504776.jpg,66,Male,0,White,0,20170109015504776
36_1_0_20170103182854050.jpg,36,Female,1,White,0,20170103182854050
26_1_1_20170116160647680.jpg,26,Female,1,Black,1,20170116160647680
34_1_3_20170119200905525.jpg,34,Female,1,Indian,3,20170119200905525
1_0_0_20170110213519404.jpg,1,Male,0,White,0,20170110213519404
55_0_0_20170104201309249.jpg,55,Male,0,White,0,20170104201309249
38_1_1_20170112205041100.jpg,38,Female,1,Black,1,20170112205041100
40_0_0_20170117203820721.jpg,40,Male,0,White,0,20170117203820721
80_0_1_20170111181750520.jpg,80,Male,0,Black,1,20170111181750520
56_1_1_20170110153706986.jpg,56,Female,1,Black,1,20170110153706986
42_0_3_20170119204447575.jpg,42,Male,0,Indian,3,20170119204447575
19_0_2_20170102234958195.jpg,19,Male,0,Asian,2,20170102234958195
67_0_1_20170117172510754.jpg,67,Male,0,Black,1,20170117172510754
8_0_0_20170117175629731.jpg,8,Male,0,White,0,20170117175629731
62_1_0_20170110160643829.jpg,62,Female,1,White,0,20170110160643829
31_1_1_20170117133156180.jpg,31,Female,1,Black,1,20170117133156180
32_0_1_20170117135749048.jpg,32,Male,0,Black,1,20170117135749048
28_1_2_20170116190119282.jpg,28,Female,1,Asian,2,20170116190119282
26_1_3_20170117174059493.jpg,26,Female,1,Indian,3,20170117174059493
85_0_0_20170111210559755.jpg,85,Male,0,White,0,20170111210559755
32_1_0_20170117134814159.jpg,32,Female,1,White,0,20170117134814159
30_1_1_20170117133936142.jpg,30,Female,1,Black,1,20170117133936142
3_1_2_20161219141805465.jpg,3,Female,1,Asian,2,20161219141805465
52_1_0_20170110153654447.jpg,52,Female,1,White,0,20170110153654447
65_0_1_20170111181750510.jpg,65,Male,0,Black,1,20170111181750510
34_0_3_20170119171715544.jpg,34,Male,0,Indian,3,20170119171715544
24_0_2_20161219192221394.jpg,24,Male,0,Asian,2,20161219192221394
60_1_0_20170110150258412.jpg,60,Female,1,White,0,20170110150258412
35_1_0_20170117191417058.jpg,35,Female,1,White,0,20170117191417058
14_1_4_20170103200917543.jpg,14,Female,1,Others,4,20170103200917543
26_1_3_20170104232329458.jpg,26,Female,1,Indian,3,20170104232329458
53_0_0_20170109012810348.jpg,53,Male,0,White,0,20170109012810348
6_1_1_20170114024747282.jpg,6,Female,1,Black,1,20170114024747282
49_0_3_20170119201605981.jpg,49,Male,0,Indian,3,20170119201605981
25_0_3_20170119171837104.jpg,25,Male,0,Indian,3,20170119171837104
38_0_0_20170116214350647.jpg,38,Male,0,White,0,20170116214350647
22_1_4_20170103223002341.jpg,22,Female,1,Others,4,20170103223002341
32_1_0_20170116222855361.jpg,32,Female,1,White,0,20170116222855361
25_0_4_20170113180523812.jpg,25,Male,0,Others,4,20170113180523812
26_1_3_20170104223130527.jpg,26,Female,1,Indian,3,20170104223130527
38_1_4_20170117203738528.jpg,38,Female,1,Others,4,20170117203738528
47_0_0_20170104210309196.jpg,47,Male,0,White,0,20170104210309196
32_1_0_20170117134822038.jpg,32,Female,1,White,0,20170117134822038
28_0_0_20170116232628323.jpg,28,Male,0,White,0,20170116232628323
26_0_1_20170117195559692.jpg,26,Male,0,Black,1,20170117195559692
24_1_2_20170116174400891.jpg,24,Female,1,Asian,2,20170116174400891
26_0_0_20170117173120220.jpg,26,Male,0,White,0,20170117173120220
61_0_0_20170104185643766.jpg,61,Male,0,White,0,20170104185643766
31_1_3_20170119200101732.jpg,31,Female,1,Indian,3,20170119200101732
55_0_1_20170117170627262.jpg,55,Male,0,Black,1,20170117170627262
47_1_3_20170119202206348.jpg,47,Female,1,Indian,3,20170119202206348
62_0_2_20170104213224957.jpg,62,Male,0,Asian,2,20170104213224957
26_0_0_20170117091532995.jpg,26,Male,0,White,0,20170117091532995
21_0_2_20170107213417643.jpg,21,Male,0,Asian,2,20170107213417643
29_0_1_20170117103809403.jpg,29,Male,0,Black,1,20170117103809403
45_1_0_20170117174627560.jpg,45,Female,1,White,0,20170117174627560
26_0_4_20170117153015117.jpg,26,Male,0,Others,4,20170117153015117
45_0_3_20170119171812944.jpg,45,Male,0,Indian,3,20170119171812944
36_1_0_20170117091704944.jpg,36,Female,1,White,0,20170117091704944
49_0_0_20170116192750301.jpg,49,Male,0,White,0,20170116192750301
1_0_3_20161220222642427.jpg,1,Male,0,Indian,3,20161220222642427
22_1_3_20170104223125535.jpg,22,Female,1,Indian,3,20170104223125535
39_0_0_20170117154216307.jpg,39,Male,0,White,0,20170117154216307
36_0_0_20170108235343740.jpg,36,Male,0,White,0,20170108235343740
53_1_1_20170116175619856.jpg,53,Female,1,Black,1,20170116175619856
25_1_0_20170116223826765.jpg,25,Female,1,White,0,20170116223826765
55_0_3_20170119203918423.jpg,55,Male,0,Indian,3,20170119203918423
12_0_0_20170117141849040.jpg,12,Male,0,White,0,20170117141849040
1_0_2_20161219222459119.jpg,1,Male,0,Asian,2,20161219222459119
26_1_1_20170116011406006.jpg,26,Female,1,Black,1,20170116011406006
3_1_4_20170103205114064.jpg,3,Female,1,Others,4,20170103205114064
1_0_2_20161219202752764.jpg,1,Male,0,Asian,2,20161219202752764
46_1_1_20170112211410525.jpg,46,Female,1,Black,1,20170112211410525
26_0_1_20170116204952113.jpg,26,Male,0,Black,1,20170116204952113
41_0_3_20170119204231207.jpg,41,Male,0,Indian,3,20170119204231207
30_0_0_20170117130636837.jpg,30,Male,0,White,0,20170117130636837
26_0_2_20170116183020432.jpg,26,Male,0,Asian,2,20170116183020432
1_0_2_20161219142124569.jpg,1,Male,0,Asian,2,20161219142124569
23_0_1_20170120133824503.jpg,23,Male,0,Black,1,20170120133824503
75_0_0_20170111205635250.jpg,75,Male,0,White,0,20170111205635250
32_0_0_20170117133625422.jpg,32,Male,0,White,0,20170117133625422
39_1_0_20170117185231233.jpg,39,Female,1,White,0,20170117185231233
75_1_0_20170110183657201.jpg,75,Female,1,White,0,20170110183657201
36_0_3_20170119194621194.jpg,36,Male,0,Indian,3,20170119194621194
39_1_4_20170104201147354.jpg,39,Female,1,Others,4,20170104201147354
45_0_0_20170120134450959.jpg,45,Male,0,White,0,20170120134450959
62_0_0_20170111171747595.jpg,62,Male,0,White,0,20170111171747595
101_0_0_20170112213500903.jpg,101,Male,0,White,0,20170112213500903
10_1_1_20170109203520178.jpg,10,Female,1,Black,1,20170109203520178
73_0_0_20170111221837125.jpg,73,Male,0,White,0,20170111221837125
1_1_0_20170109192755957.jpg,1,Female,1,White,0,20170109192755957
42_0_0_20170103181301064.jpg,42,Male,0,White,0,20170103181301064
26_1_0_20170104165749289.jpg,26,Female,1,White,0,20170104165749289
1_0_3_20161219225241152.jpg,1,Male,0,Indian,3,20161219225241152
64_1_0_20170110160643892.jpg,64,Female,1,White,0,20170110160643892
1_0_2_20161219162847615.jpg,1,Male,0,Asian,2,20161219162847615
99_1_0_20170113013141679.jpg,99,Female,1,White,0,20170113013141679
15_1_4_20170104005847968.jpg,15,Female,1,Others,4,20170104005847968
28_0_3_20170119194436435.jpg,28,Male,0,Indian,3,20170119194436435
7_0_0_20170110225222391.jpg,7,Male,0,White,0,20170110225222391
31_1_0_20170117182013925.jpg,31,Female,1,White,0,20170117182013925
35_0_0_20170117134941492.jpg,35,Male,0,White,0,20170117134941492
56_0_1_20170117143218188.jpg,56,Male,0,Black,1,20170117143218188
55_0_3_20170119201207516.jpg,55,Male,0,Indian,3,20170119201207516
50_1_0_20170119205609399.jpg,50,Female,1,White,0,20170119205609399
20_1_3_20170104233643891.jpg,20,Female,1,Indian,3,20170104233643891
29_1_0_20170117130628854.jpg,29,Female,1,White,0,20170117130628854
34_0_1_20170113173642027.jpg,34,Male,0,Black,1,20170113173642027
16_0_4_20170110232131606.jpg,16,Male,0,Others,4,20170110232131606
1_0_2_20161219203236876.jpg,1,Male,0,Asian,2,20161219203236876
60_1_0_20170109221030205.jpg,60,Female,1,White,0,20170109221030205
25_0_1_20170102233534138.jpg,25,Male,0,Black,1,20170102233534138
20_0_4_20170102233239947.jpg,20,Male,0,Others,4,20170102233239947
28_1_1_20170115235013113.jpg,28,Female,1,Black,1,20170115235013113
22_1_4_20170103233803763.jpg,22,Female,1,Others,4,20170103233803763
7_1_3_20161220221712842.jpg,7,Female,1,Indian,3,20161220221712842
38_0_0_20170116190022195.jpg,38,Male,0,White,0,20170116190022195
29_0_1_20170113141729547.jpg,29,Male,0,Black,1,20170113141729547
26_1_3_20170119192422098.jpg,26,Female,1,Indian,3,20170119192422098
25_1_4_20161221193646742.jpg,25,Female,1,Others,4,20161221193646742
35_0_0_20170117135011230.jpg,35,Male,0,White,0,20170117135011230
52_0_0_20170117154831559.jpg,52,Male,0,White,0,20170117154831559
32_1_2_20170116180734484.jpg,32,Female,1,Asian,2,20170116180734484
18_0_1_20170109214734802.jpg,18,Male,0,Black,1,20170109214734802
32_1_2_20170116190147549.jpg,32,Female,1,Asian,2,20170116190147549
26_0_1_20170116024646322.jpg,26,Male,0,Black,1,20170116024646322
75_0_1_20170116204836635.jpg,75,Male,0,Black,1,20170116204836635
27_1_4_20170117202236181.jpg,27,Female,1,Others,4,20170117202236181
62_0_1_20170113182604718.jpg,62,Male,0,Black,1,20170113182604718
27_0_1_20170113183057766.jpg,27,Male,0,Black,1,20170113183057766
17_1_3_20170119153612825.jpg,17,Female,1,Indian,3,20170119153612825
43_0_3_20170119162826244.jpg,43,Male,0,Indian,3,20170119162826244
30_0_0_20170117140805766.jpg,30,Male,0,White,0,20170117140805766
1_0_0_20161219191012803.jpg,1,Male,0,White,0,20161219191012803
28_1_2_20170116165530274.jpg,28,Female,1,Asian,2,20170116165530274
32_0_0_20170117092643676.jpg,32,Male,0,White,0,20170117092643676
28_1_0_20170117092254042.jpg,28,Female,1,White,0,20170117092254042
64_0_0_20170111222707336.jpg,64,Male,0,White,0,20170111222707336
72_1_0_20170110180409214.jpg,72,Female,1,White,0,20170110180409214
30_1_0_20170117131055904.jpg,30,Female,1,White,0,20170117131055904
35_1_0_20170103230424865.jpg,35,Female,1,White,0,20170103230424865
37_0_3_20170119175010298.jpg,37,Male,0,Indian,3,20170119175010298
33_0_3_20170119200502940.jpg,33,Male,0,Indian,3,20170119200502940
23_1_1_20170113010457776.jpg,23,Female,1,Black,1,20170113010457776
34_1_2_20170104201443273.jpg,34,Female,1,Asian,2,20170104201443273
68_0_0_20170105173736735.jpg,68,Male,0,White,0,20170105173736735
9_0_0_20170110225018913.jpg,9,Male,0,White,0,20170110225018913
26_1_2_20170116180008794.jpg,26,Female,1,Asian,2,20170116180008794
6_1_3_20161220222420627.jpg,6,Female,1,Indian,3,20161220222420627
26_1_2_20170116180307033.jpg,26,Female,1,Asian,2,20170116180307033
40_0_1_20170113152103014.jpg,40,Male,0,Black,1,20170113152103014
75_0_2_20170112202930960.jpg,75,Male,0,Asian,2,20170112202930960
8_1_0_20170109205426790.jpg,8,Female,1,White,0,20170109205426790
24_1_2_20170112204741443.jpg,24,Female,1,Asian,2,20170112204741443
55_0_0_20170117191610740.jpg,55,Male,0,White,0,20170117191610740
60_1_0_20170110143523078.jpg,60,Female,1,White,0,20170110143523078
5_0_0_20170110220049707.jpg,5,Male,0,White,0,20170110220049707
14_0_1_20170104012054585.jpg,14,Male,0,Black,1,20170104012054585
16_0_0_20170110232742700.jpg,16,Male,0,White,0,20170110232742700
6_1_0_20170119155357730.jpg,6,Female,1,White,0,20170119155357730
26_0_2_20170116181322065.jpg,26,Male,0,Asian,2,20170116181322065
21_1_2_20170116171009058.jpg,21,Female,1,Asian,2,20170116171009058
55_0_0_20170117185713024.jpg,55,Male,0,White,0,20170117185713024
3_1_2_20161219151111483.jpg,3,Female,1,Asian,2,20161219151111483
27_1_3_20170116200945357.jpg,27,Female,1,Indian,3,20170116200945357
60_0_2_20170116182801456.jpg,60,Male,0,Asian,2,20170116182801456
85_1_0_20170110184107806.jpg,85,Female,1,White,0,20170110184107806
21_1_2_20170116171010589.jpg,21,Female,1,Asian,2,20170116171010589
26_1_1_20170116231826726.jpg,26,Female,1,Black,1,20170116231826726
35_0_0_20170120222700840.jpg,35,Male,0,White,0,20170120222700840
31_0_3_20170117181555388.jpg,31,Male,0,Indian,3,20170117181555388
58_0_1_20170117192230322.jpg,58,Male,0,Black,1,20170117192230322
49_1_3_20170113190751369.jpg,49,Female,1,Indian,3,20170113190751369
18_0_4_20170103234736836.jpg,18,Male,0,Others,4,20170103234736836
25_0_0_20170116201855919.jpg,25,Male,0,White,0,20170116201855919
47_0_1_20170117171504577.jpg,47,Male,0,Black,1,20170117171504577
50_0_2_20170116175220841.jpg,50,Male,0,Asian,2,20170116175220841
3_1_4_20161221192909421.jpg,3,Female,1,Others,4,20161221192909421
55_0_0_20170117190413331.jpg,55,Male,0,White,0,20170117190413331
38_0_0_20170104170126057.jpg,38,Male,0,White,0,20170104170126057
2_0_3_20161219224850392.jpg,2,Male,0,Indian,3,20161219224850392
60_1_0_20170110132415610.jpg,60,Female,1,White,0,20170110132415610
26_0_0_20170113210319790.jpg,26,Male,0,White,0,20170113210319790
24_0_2_20170119165700590.jpg,24,Male,0,Asian,2,20170119165700590
33_0_3_20170117154355516.jpg,33,Male,0,Indian,3,20170117154355516
26_1_3_20170104232150859.jpg,26,Female,1,Indian,3,20170104232150859
68_0_1_20170117170414776.jpg,68,Male,0,Black,1,20170117170414776
1_0_2_20161219160949398.jpg,1,Male,0,Asian,2,20161219160949398
1_0_0_20170110212658392.jpg,1,Male,0,White,0,20170110212658392
29_0_1_20170117184719100.jpg,29,Male,0,Black,1,20170117184719100
1_0_3_20161219225021361.jpg,1,Male,0,Indian,3,20161219225021361
28_0_0_20170117180607705.jpg,28,Male,0,White,0,20170117180607705
25_1_2_20170116175243754.jpg,25,Female,1,Asian,2,20170116175243754
59_0_0_20170108235700268.jpg,59,Male,0,White,0,20170108235700268
26_1_2_20170116173710627.jpg,26,Female,1,Asian,2,20170116173710627
16_0_0_20170110231720674.jpg,16,Male,0,White,0,20170110231720674
26_0_1_20170117171618235.jpg,26,Male,0,Black,1,20170117171618235
34_1_1_20170116165755990.jpg,34,Female,1,Black,1,20170116165755990
26_0_2_20170119184053318.jpg,26,Male,0,Asian,2,20170119184053318
58_0_0_20170109013804013.jpg,58,Male,0,White,0,20170109013804013
40_0_2_20170116192534886.jpg,40,Male,0,Asian,2,20170116192534886
20_0_1_20170113133046720.jpg,20,Male,0,Black,1,20170113133046720
35_0_1_20170116003600500.jpg,35,Male,0,Black,1,20170116003600500
26_0_3_20170119192253329.jpg,26,Male,0,Indian,3,20170119192253329
34_1_0_20170103183147490.jpg,34,Female,1,White,0,20170103183147490
26_1_3_20170104232550697.jpg,26,Female,1,Indian,3,20170104232550697
54_1_0_20170117171505517.jpg,54,Female,1,White,0,20170117171505517
58_0_0_20170109012537557.jpg,58,Male,0,White,0,20170109012537557
40_0_0_20170117152243349.jpg,40,Male,0,White,0,20170117152243349
1_0_0_20170109193052283.jpg,1,Male,0,White,0,20170109193052283
32_1_1_20170115234837392.jpg,32,Female,1,Black,1,20170115234837392
24_0_2_20170119165656526.jpg,24,Male,0,Asian,2,20170119165656526
73_0_0_20170111223400971.jpg,73,Male,0,White,0,20170111223400971
24_1_3_20170104235106686.jpg,24,Female,1,Indian,3,20170104235106686
12_1_0_20170109200852145.jpg,12,Female,1,White,0,20170109200852145
55_0_0_20170120222221343.jpg,55,Male,0,White,0,20170120222221343
39_1_0_20170103182515161.jpg,39,Female,1,White,0,20170103182515161
18_1_0_20170103180718335.jpg,18,Female,1,White,0,20170103180718335
13_0_0_20170110220458081.jpg,13,Male,0,White,0,20170110220458081
54_0_0_20170117163731945.jpg,54,Male,0,White,0,20170117163731945
9_0_2_20170110215518068.jpg,9,Male,0,Asian,2,20170110215518068
56_0_1_20170120222838627.jpg,56,Male,0,Black,1,20170120222838627
57_0_1_20170117141704960.jpg,57,Male,0,Black,1,20170117141704960
53_0_2_20170116192934154.jpg,53,Male,0,Asian,2,20170116192934154
21_0_4_20161223214834033.jpg,21,Male,0,Others,4,20161223214834033
35_0_0_20170105163316787.jpg,35,Male,0,White,0,20170105163316787
29_1_3_20170119195530916.jpg,29,Female,1,Indian,3,20170119195530916
1_1_2_20161219161741126.jpg,1,Female,1,Asian,2,20161219161741126
1_0_2_20161219222219286.jpg,1,Male,0,Asian,2,20161219222219286
60_0_2_20170117160025977.jpg,60,Male,0,Asian,2,20170117160025977
51_1_1_20170115235508848.jpg,51,Female,1,Black,1,20170115235508848
31_1_2_20170116191358955.jpg,31,Female,1,Asian,2,20170116191358955
23_0_4_20170117194048925.jpg,23,Male,0,Others,4,20170117194048925
2_1_2_20161219162237149.jpg,2,Female,1,Asian,2,20161219162237149
23_1_4_20170103225140728.jpg,23,Female,1,Others,4,20170103225140728
29_1_0_20170103181425489.jpg,29,Female,1,White,0,20170103181425489
34_0_1_20170113142138427.jpg,34,Male,0,Black,1,20170113142138427
9_0_0_20170110220311291.jpg,9,Male,0,White,0,20170110220311291
27_0_4_20170117202055676.jpg,27,Male,0,Others,4,20170117202055676
21_1_1_20170112193012350.jpg,21,Female,1,Black,1,20170112193012350
4_1_2_20161219142742801.jpg,4,Female,1,Asian,2,20161219142742801
27_0_0_20170105175510406.jpg,27,Male,0,White,0,20170105175510406
26_1_2_20170116184626759.jpg,26,Female,1,Asian,2,20170116184626759
28_1_3_20170104231853785.jpg,28,Female,1,Indian,3,20170104231853785
52_1_3_20170109133341959.jpg,52,Female,1,Indian,3,20170109133341959
14_1_0_20170109204200483.jpg,14,Female,1,White,0,20170109204200483
5_1_2_20161219192448674.jpg,5,Female,1,Asian,2,20161219192448674
69_1_0_20170110131727840.jpg,69,Female,1,White,0,20170110131727840
27_0_2_20170116193532653.jpg,27,Male,0,Asian,2,20170116193532653
1_0_2_20161219222602319.jpg,1,Male,0,Asian,2,20161219222602319
16_0_0_20170110231725022.jpg,16,Male,0,White,0,20170110231725022
24_0_2_20170112003933482.jpg,24,Male,0,Asian,2,20170112003933482
6_1_3_20170104222423463.jpg,6,Female,1,Indian,3,20170104222423463
35_0_0_20170117121726176.jpg,35,Male,0,White,0,20170117121726176
21_1_2_20170116171146065.jpg,21,Female,1,Asian,2,20170116171146065
18_1_4_20170117193229357.jpg,18,Female,1,Others,4,20170117193229357
66_1_0_20170110131727840.jpg,66,Female,1,White,0,20170110131727840
70_0_0_20170120223159907.jpg,70,Male,0,White,0,20170120223159907
32_0_1_20170113135620561.jpg,32,Male,0,Black,1,20170113135620561
32_1_1_20170116173307655.jpg,32,Female,1,Black,1,20170116173307655
32_0_0_20170104202215275.jpg,32,Male,0,White,0,20170104202215275
55_0_0_20170117175529999.jpg,55,Male,0,White,0,20170117175529999
25_1_1_20170114032215402.jpg,25,Female,1,Black,1,20170114032215402
26_1_2_20170116182242873.jpg,26,Female,1,Asian,2,20170116182242873
35_0_0_20170105172518557.jpg,35,Male,0,White,0,20170105172518557
78_0_1_20170111222446247.jpg,78,Male,0,Black,1,20170111222446247
32_1_0_20170109133037167.jpg,32,Female,1,White,0,20170109133037167
21_1_1_20170113005736069.jpg,21,Female,1,Black,1,20170113005736069
75_0_0_20170111205238382.jpg,75,Male,0,White,0,20170111205238382
37_0_1_20170117164405007.jpg,37,Male,0,Black,1,20170117164405007
30_1_0_20170117135257534.jpg,30,Female,1,White,0,20170117135257534
24_0_3_20170119165947103.jpg,24,Male,0,Indian,3,20170119165947103
32_1_0_20170117134815003.jpg,32,Female,1,White,0,20170117134815003
1_0_2_20161219161623174.jpg,1,Male,0,Asian,2,20161219161623174
70_1_1_20170117174530078.jpg,70,Female,1,Black,1,20170117174530078
36_1_0_20170105161643483.jpg,36,Female,1,White,0,20170105161643483
49_0_3_20170119205447575.jpg,49,Male,0,Indian,3,20170119205447575
39_1_0_20170105164247586.jpg,39,Female,1,White,0,20170105164247586
26_1_1_20170112230519613.jpg,26,Female,1,Black,1,20170112230519613
52_0_0_20170103183604970.jpg,52,Male,0,White,0,20170103183604970
39_0_0_20170105172508901.jpg,39,Male,0,White,0,20170105172508901
22_1_0_20170105183534558.jpg,22,Female,1,White,0,20170105183534558
35_0_1_20170116234332976.jpg,35,Male,0,Black,1,20170116234332976
52_0_0_20170111201135454.jpg,52,Male,0,White,0,20170111201135454
31_1_1_20170117135046063.jpg,31,Female,1,Black,1,20170117135046063
17_1_0_20170109212812805.jpg,17,Female,1,White,0,20170109212812805
31_1_1_20170104165300328.jpg,31,Female,1,Black,1,20170104165300328
35_0_0_20170117000310436.jpg,35,Male,0,White,0,20170117000310436
40_1_0_20170104192805191.jpg,40,Female,1,White,0,20170104192805191
41_0_4_20170117022116049.jpg,41,Male,0,Others,4,20170117022116049
31_0_3_20170119195940339.jpg,31,Male,0,Indian,3,20170119195940339
26_1_1_20170116153221266.jpg,26,Female,1,Black,1,20170116153221266
26_0_1_20170113135339953.jpg,26,Male,0,Black,1,20170113135339953
42_0_0_20170117185759113.jpg,42,Male,0,White,0,20170117185759113
24_0_3_20170104214346781.jpg,24,Male,0,Indian,3,20170104214346781
30_0_0_20170117140008320.jpg,30,Male,0,White,0,20170117140008320
29_1_2_20170116164953746.jpg,29,Female,1,Asian,2,20170116164953746
6_1_3_20170117135341759.jpg,6,Female,1,Indian,3,20170117135341759
1_0_2_20161219141101408.jpg,1,Male,0,Asian,2,20161219141101408
32_1_0_20170117134735611.jpg,32,Female,1,White,0,20170117134735611
22_1_2_20170116162944219.jpg,22,Female,1,Asian,2,20170116162944219
56_0_0_20170111201143803.jpg,56,Male,0,White,0,20170111201143803
20_1_1_20170113005418295.jpg,20,Female,1,Black,1,20170113005418295
20_1_0_20170117141358391.jpg,20,Female,1,White,0,20170117141358391
52_1_0_20170110151342799.jpg,52,Female,1,White,0,20170110151342799
79_1_0_20170120225601889.jpg,79,Female,1,White,0,20170120225601889
54_0_1_20170117191450148.jpg,54,Male,0,Black,1,20170117191450148
44_0_1_20170111181750405.jpg,44,Male,0,Black,1,20170111181750405
90_1_0_20170120225317689.jpg,90,Female,1,White,0,20170120225317689
40_0_0_20170117143324026.jpg,40,Male,0,White,0,20170117143324026
1_0_3_20161219225616560.jpg,1,Male,0,Indian,3,20161219225616560
49_0_0_20170104184239893.jpg,49,Male,0,White,0,20170104184239893
45_0_0_20170113183730823.jpg,45,Male,0,White,0,20170113183730823
8_0_0_20170110215618155.jpg,8,Male,0,White,0,20170110215618155
16_1_2_20170109214552372.jpg,16,Female,1,Asian,2,20170109214552372
29_0_1_20170104172519610.jpg,29,Male,0,Black,1,20170104172519610
52_1_0_20170108235321768.jpg,52,Female,1,White,0,20170108235321768
23_1_2_20170116172830806.jpg,23,Female,1,Asian,2,20170116172830806
35_1_2_20170116164727094.jpg,35,Female,1,Asian,2,20170116164727094
65_0_0_20170117172713976.jpg,65,Male,0,White,0,20170117172713976
1_0_3_20161219225149888.jpg,1,Male,0,Indian,3,20161219225149888
25_0_3_20170119144812749.jpg,25,Male,0,Indian,3,20170119144812749
27_1_1_20170117193211345.jpg,27,Female,1,Black,1,20170117193211345
9_0_0_20170110215653284.jpg,9,Male,0,White,0,20170110215653284
26_1_3_20170117174606847.jpg,26,Female,1,Indian,3,20170117174606847
31_0_1_20170116003537510.jpg,31,Male,0,Black,1,20170116003537510
4_0_2_20161219162919806.jpg,4,Male,0,Asian,2,20161219162919806
26_1_2_20170116184821778.jpg,26,Female,1,Asian,2,20170116184821778
65_0_0_20170117171106484.jpg,65,Male,0,White,0,20170117171106484
35_0_1_20170117141840057.jpg,35,Male,0,Black,1,20170117141840057
23_1_0_20170117144822363.jpg,23,Female,1,White,0,20170117144822363
73_0_2_20170112224711435.jpg,73,Male,0,Asian,2,20170112224711435
30_1_0_20170117181548404.jpg,30,Female,1,White,0,20170117181548404
35_0_2_20170116172822574.jpg,35,Male,0,Asian,2,20170116172822574
32_0_0_20170117182419741.jpg,32,Male,0,White,0,20170117182419741
27_1_0_20170116173136538.jpg,27,Female,1,White,0,20170116173136538
26_1_4_20170117174023997.jpg,26,Female,1,Others,4,20170117174023997
2_1_3_20161219225311520.jpg,2,Female,1,Indian,3,20161219225311520
4_0_4_20161221195021183.jpg,4,Male,0,Others,4,20161221195021183
27_0_1_20170117164520983.jpg,27,Male,0,Black,1,20170117164520983
24_1_3_20170104235417596.jpg,24,Female,1,Indian,3,20170104235417596
47_0_0_20170120222544769.jpg,47,Male,0,White,0,20170120222544769
26_1_0_20170117154817805.jpg,26,Female,1,White,0,20170117154817805
19_1_4_20170103223231399.jpg,19,Female,1,Others,4,20170103223231399
49_0_0_20170104212516069.jpg,49,Male,0,White,0,20170104212516069
57_0_0_20170116214453175.jpg,57,Male,0,White,0,20170116214453175
26_0_0_20170119184314895.jpg,26,Male,0,White,0,20170119184314895
79_1_0_20170110131753196.jpg,79,Female,1,White,0,20170110131753196
26_1_4_20170117154047070.jpg,26,Female,1,Others,4,20170117154047070
35_0_2_20170116191223232.jpg,35,Male,0,Asian,2,20170116191223232
54_1_0_20170113002044715.jpg,54,Female,1,White,0,20170113002044715
39_0_0_20170104210052987.jpg,39,Male,0,White,0,20170104210052987
21_1_0_20170117142326768.jpg,21,Female,1,White,0,20170117142326768
53_0_3_20170119201334485.jpg,53,Male,0,Indian,3,20170119201334485
80_0_0_20170111211628015.jpg,80,Male,0,White,0,20170111211628015
57_0_0_20170111171747492.jpg,57,Male,0,White,0,20170111171747492
29_1_1_20170116171310427.jpg,29,Female,1,Black,1,20170116171310427
37_0_0_20170105172702509.jpg,37,Male,0,White,0,20170105172702509
8_0_4_20170117133054476.jpg,8,Male,0,Others,4,20170117133054476
58_0_0_20170109015156022.jpg,58,Male,0,White,0,20170109015156022
13_1_4_20170103200733438.jpg,13,Female,1,Others,4,20170103200733438
26_0_1_20170117173148204.jpg,26,Male,0,Black,1,20170117173148204
26_0_3_20170104232129634.jpg,26,Male,0,Indian,3,20170104232129634
25_0_4_20170116001358842.jpg,25,Male,0,Others,4,20170116001358842
27_0_0_20170117175751139.jpg,27,Male,0,White,0,20170117175751139
35_1_1_20170113012005143.jpg,35,Female,1,Black,1,20170113012005143
36_1_1_20170117141102516.jpg,36,Female,1,Black,1,20170117141102516
10_1_0_20170109204844109.jpg,10,Female,1,White,0,20170109204844109
80_1_1_20170120222433936.jpg,80,Female,1,Black,1,20170120222433936
30_1_2_20170116191220057.jpg,30,Female,1,Asian,2,20170116191220057
24_0_0_20170117194640228.jpg,24,Male,0,White,0,20170117194640228
50_0_0_20170117184546608.jpg,50,Male,0,White,0,20170117184546608
65_1_0_20170110160643954.jpg,65,Female,1,White,0,20170110160643954
62_1_0_20170104183415429.jpg,62,Female,1,White,0,20170104183415429
35_1_1_20170117154114285.jpg,35,Female,1,Black,1,20170117154114285
28_1_0_20170105162552899.jpg,28,Female,1,White,0,20170105162552899
12_0_0_20170104013257914.jpg,12,Male,0,White,0,20170104013257914
53_1_0_20170109220402884.jpg,53,Female,1,White,0,20170109220402884
10_0_3_20170104225238736.jpg,10,Male,0,Indian,3,20170104225238736
51_0_2_20170112202949866.jpg,51,Male,0,Asian,2,20170112202949866
26_0_0_20170117172041755.jpg,26,Male,0,White,0,20170117172041755
55_0_0_20170105161419947.jpg,55,Male,0,White,0,20170105161419947
24_0_2_20170116001001063.jpg,24,Male,0,Asian,2,20170116001001063
34_0_1_20170112214929038.jpg,34,Male,0,Black,1,20170112214929038
22_0_1_20170113155002433.jpg,22,Male,0,Black,1,20170113155002433
40_1_0_20170117092603386.jpg,40,Female,1,White,0,20170117092603386
89_1_3_20170110183718790.jpg,89,Female,1,Indian,3,20170110183718790
31_0_0_20170116195723154.jpg,31,Male,0,White,0,20170116195723154
5_0_2_20161219222736055.jpg,5,Male,0,Asian,2,20161219222736055
35_1_1_20170113011402287.jpg,35,Female,1,Black,1,20170113011402287
45_0_0_20170116232936514.jpg,45,Male,0,White,0,20170116232936514
78_0_0_20170120225240993.jpg,78,Male,0,White,0,20170120225240993
77_0_2_20170112220236152.jpg,77,Male,0,Asian,2,20170112220236152
1_0_3_20161220145820446.jpg,1,Male,0,Indian,3,20161220145820446
16_1_0_20170109213440225.jpg,16,Female,1,White,0,20170109213440225
24_1_2_20170116174805466.jpg,24,Female,1,Asian,2,20170116174805466
4_1_2_20161219192055923.jpg,4,Female,1,Asian,2,20161219192055923
60_0_0_20170117204804937.jpg,60,Male,0,White,0,20170117204804937
12_0_0_20170103201859385.jpg,12,Male,0,White,0,20170103201859385
30_0_3_20170117143039026.jpg,30,Male,0,Indian,3,20170117143039026
42_0_4_20170104202505130.jpg,42,Male,0,Others,4,20170104202505130
30_1_3_20170117181341092.jpg,30,Female,1,Indian,3,20170117181341092
20_1_0_20170103163040136.jpg,20,Female,1,White,0,20170103163040136
13_1_0_20170109204923296.jpg,13,Female,1,White,0,20170109204923296
51_1_0_20170110123256915.jpg,51,Female,1,White,0,20170110123256915
44_1_0_20170104210419052.jpg,44,Female,1,White,0,20170104210419052
32_1_2_20170116180211518.jpg,32,Female,1,Asian,2,20170116180211518
60_0_0_20170117160535000.jpg,60,Male,0,White,0,20170117160535000
35_1_4_20170117201724582.jpg,35,Female,1,Others,4,20170117201724582
28_1_3_20170117180646529.jpg,28,Female,1,Indian,3,20170117180646529
22_1_4_20170112233746160.jpg,22,Female,1,Others,4,20170112233746160
65_1_0_20170110141251497.jpg,65,Female,1,White,0,20170110141251497
2_1_3_20161220145346192.jpg,2,Female,1,Indian,3,20161220145346192
22_0_0_20170104225920241.jpg,22,Male,0,White,0,20170104225920241
40_0_3_20170119205959119.jpg,40,Male,0,Indian,3,20170119205959119
1_1_0_20161219221127151.jpg,1,Female,1,White,0,20161219221127151
27_0_1_20170117013745353.jpg,27,Male,0,Black,1,20170117013745353
28_1_1_20170113012805025.jpg,28,Female,1,Black,1,20170113012805025
21_1_3_20170117142147306.jpg,21,Female,1,Indian,3,20170117142147306
26_1_3_20170119193106881.jpg,26,Female,1,Indian,3,20170119193106881
45_0_3_20170119144853174.jpg,45,Male,0,Indian,3,20170119144853174
80_1_0_20170110154556609.jpg,80,Female,1,White,0,20170110154556609
80_0_0_20170111201430389.jpg,80,Male,0,White,0,20170111201430389
9_0_0_20170110225249086.jpg,9,Male,0,White,0,20170110225249086
49_0_0_20170112222149209.jpg,49,Male,0,White,0,20170112222149209
56_1_0_20170104235032259.jpg,56,Female,1,White,0,20170104235032259
13_1_4_20170103201542217.jpg,13,Female,1,Others,4,20170103201542217
27_0_2_20170119193329569.jpg,27,Male,0,Asian,2,20170119193329569
25_0_2_20170104021424381.jpg,25,Male,0,Asian,2,20170104021424381
23_1_0_20170117145132068.jpg,23,Female,1,White,0,20170117145132068
26_1_1_20170116232255273.jpg,26,Female,1,Black,1,20170116232255273
31_1_1_20170113001544326.jpg,31,Female,1,Black,1,20170113001544326
23_0_1_20170113133832321.jpg,23,Male,0,Black,1,20170113133832321
39_1_0_20170103183459755.jpg,39,Female,1,White,0,20170103183459755
46_0_0_20170109015549957.jpg,46,Male,0,White,0,20170109015549957
36_0_1_20170117194044752.jpg,36,Male,0,Black,1,20170117194044752
84_1_0_20170120225946337.jpg,84,Female,1,White,0,20170120225946337
39_1_0_20170103181459801.jpg,39,Female,1,White,0,20170103181459801
1_0_3_20161220221723490.jpg,1,Male,0,Indian,3,20161220221723490
32_0_3_20170119181014212.jpg,32,Male,0,Indian,3,20170119181014212
55_0_0_20170117183249550.jpg,55,Male,0,White,0,20170117183249550
50_0_0_20170120220738491.jpg,50,Male,0,White,0,20170120220738491
16_0_1_20170110231925176.jpg,16,Male,0,Black,1,20170110231925176
37_0_2_20170116192031601.jpg,37,Male,0,Asian,2,20170116192031601
1_0_3_20161220220529033.jpg,1,Male,0,Indian,3,20161220220529033
23_1_1_20170112204436531.jpg,23,Female,1,Black,1,20170112204436531
58_0_0_20170120224926808.jpg,58,Male,0,White,0,20170120224926808
25_0_0_20170117134007900.jpg,25,Male,0,White,0,20170117134007900
46_1_0_20170110154306423.jpg,46,Female,1,White,0,20170110154306423
26_0_4_20170117153648990.jpg,26,Male,0,Others,4,20170117153648990
28_1_1_20170116231836061.jpg,28,Female,1,Black,1,20170116231836061
14_0_0_20170116211955846.jpg,14,Male,0,White,0,20170116211955846
18_1_0_20170103175433456.jpg,18,Female,1,White,0,20170103175433456
9_0_0_20170110224607682.jpg,9,Male,0,White,0,20170110224607682
29_0_3_20170117180744344.jpg,29,Male,0,Indian,3,20170117180744344
24_1_4_20170117194845444.jpg,24,Female,1,Others,4,20170117194845444
2_0_2_20161219202639225.jpg,2,Male,0,Asian,2,20161219202639225
30_1_0_20170103182948122.jpg,30,Female,1,White,0,20170103182948122
26_1_2_20170116175437182.jpg,26,Female,1,Asian,2,20170116175437182
73_0_1_20170117195353786.jpg,73,Male,0,Black,1,20170117195353786
26_1_1_20170116153749007.jpg,26,Female,1,Black,1,20170116153749007
62_0_0_20170111205902585.jpg,62,Male,0,White,0,20170111205902585
33_1_0_20170103181128408.jpg,33,Female,1,White,0,20170103181128408
32_1_2_20170104165057208.jpg,32,Female,1,Asian,2,20170104165057208
35_0_1_20170117135003701.jpg,35,Male,0,Black,1,20170117135003701
23_0_1_20170114033506795.jpg,23,Male,0,Black,1,20170114033506795
8_1_0_20170109205018500.jpg,8,Female,1,White,0,20170109205018500
45_0_0_20170111195417833.jpg,45,Male,0,White,0,20170111195417833
15_1_1_20170112210325253.jpg,15,Female,1,Black,1,20170112210325253
65_0_3_20170119205222598.jpg,65,Male,0,Indian,3,20170119205222598
3_1_3_20161220222009699.jpg,3,Female,1,Indian,3,20161220222009699
31_0_1_20170117135505116.jpg,31,Male,0,Black,1,20170117135505116
74_1_0_20170120225056705.jpg,74,Female,1,White,0,20170120225056705
59_1_1_20170112210446395.jpg,59,Female,1,Black,1,20170112210446395
9_1_0_20170103212649164.jpg,9,Female,1,White,0,20170103212649164
1_0_2_20161219195639772.jpg,1,Male,0,Asian,2,20161219195639772
3_0_0_20170110225025587.jpg,3,Male,0,White,0,20170110225025587
15_1_0_20170109213448729.jpg,15,Female,1,White,0,20170109213448729
67_1_0_20170110152923990.jpg,67,Female,1,White,0,20170110152923990
24_0_2_20170116192955075.jpg,24,Male,0,Asian,2,20170116192955075
53_0_0_20170109012751966.jpg,53,Male,0,White,0,20170109012751966
27_0_4_20170117150054594.jpg,27,Male,0,Others,4,20170117150054594
40_0_0_20170116233237768.jpg,40,Male,0,White,0,20170116233237768
26_0_3_20170119183051629.jpg,26,Male,0,Indian,3,20170119183051629
31_0_1_20170117135112522.jpg,31,Male,0,Black,1,20170117135112522
6_1_2_20161219190053203.jpg,6,Female,1,Asian,2,20161219190053203
85_1_0_20170110183410318.jpg,85,Female,1,White,0,20170110183410318
19_1_4_20170103233712235.jpg,19,Female,1,Others,4,20170103233712235
31_0_1_20170114032310376.jpg,31,Male,0,Black,1,20170114032310376
54_0_0_20170120223350413.jpg,54,Male,0,White,0,20170120223350413
51_0_0_20170117154738754.jpg,51,Male,0,White,0,20170117154738754
35_1_0_20170117185517162.jpg,35,Female,1,White,0,20170117185517162
60_0_1_20170117175043836.jpg,60,Male,0,Black,1,20170117175043836
30_0_1_20170117130040363.jpg,30,Male,0,Black,1,20170117130040363
24_0_0_20170104230108767.jpg,24,Male,0,White,0,20170104230108767
41_0_0_20170116214404363.jpg,41,Male,0,White,0,20170116214404363
63_1_3_20170109134308184.jpg,63,Female,1,Indian,3,20170109134308184
26_1_1_20170116180048447.jpg,26,Female,1,Black,1,20170116180048447
32_1_3_20170109132040475.jpg,32,Female,1,Indian,3,20170109132040475
26_1_0_20170117153717556.jpg,26,Female,1,White,0,20170117153717556
44_0_3_20170119195210483.jpg,44,Male,0,Indian,3,20170119195210483
37_0_0_20170116200645679.jpg,37,Male,0,White,0,20170116200645679
47_0_1_20170114034328343.jpg,47,Male,0,Black,1,20170114034328343
47_0_0_20170119205052663.jpg,47,Male,0,White,0,20170119205052663
10_1_0_20170109203501969.jpg,10,Female,1,White,0,20170109203501969
36_1_1_20170113001049181.jpg,36,Female,1,Black,1,20170113001049181
55_0_3_20170119204549750.jpg,55,Male,0,Indian,3,20170119204549750
25_0_1_20170117164554362.jpg,25,Male,0,Black,1,20170117164554362
62_0_3_20170117154850387.jpg,62,Male,0,Indian,3,20170117154850387
26_0_0_20170113210604814.jpg,26,Male,0,White,0,20170113210604814
57_1_1_20170109133029617.jpg,57,Female,1,Black,1,20170109133029617
26_0_3_20170119181609780.jpg,26,Male,0,Indian,3,20170119181609780
73_0_0_20170117192346540.jpg,73,Male,0,White,0,20170117192346540
36_0_0_20170113183245622.jpg,36,Male,0,White,0,20170113183245622
32_1_1_20170112220414584.jpg,32,Female,1,Black,1,20170112220414584
38_0_2_20170116192319328.jpg,38,Male,0,Asian,2,20170116192319328
28_1_0_20170117021234085.jpg,28,Female,1,White,0,20170117021234085
34_0_0_20170104181316780.jpg,34,Male,0,White,0,20170104181316780
10_0_0_20170117135444407.jpg,10,Male,0,White,0,20170117135444407
26_1_1_20170112211311571.jpg,26,Female,1,Black,1,20170112211311571
7_1_1_20170112211336710.jpg,7,Female,1,Black,1,20170112211336710
1_1_3_20161219224553880.jpg,1,Female,1,Indian,3,20161219224553880
37_0_0_20170104201816626.jpg,37,Male,0,White,0,20170104201816626
6_1_4_20170103213155772.jpg,6,Female,1,Others,4,20170103213155772
68_1_1_20170113012709282.jpg,68,Female,1,Black,1,20170113012709282
30_0_2_20170116171830989.jpg,30,Male,0,Asian,2,20170116171830989
28_0_0_20170117021818299.jpg,28,Male,0,White,0,20170117021818299
31_1_1_20170112235234538.jpg,31,Female,1,Black,1,20170112235234538
32_0_0_20170113183159286.jpg,32,Male,0,White,0,20170113183159286
44_1_4_20170104170219257.jpg,44,Female,1,Others,4,20170104170219257
1_0_2_20161219213454832.jpg,1,Male,0,Asian,2,20161219213454832
21_1_0_20170105183522855.jpg,21,Female,1,White,0,20170105183522855
25_1_3_20170104231357826.jpg,25,Female,1,Indian,3,20170104231357826
22_0_1_20170102233341092.jpg,22,Male,0,Black,1,20170102233341092
55_0_3_20170119201651189.jpg,55,Male,0,Indian,3,20170119201651189
33_0_1_20170113001600274.jpg,33,Male,0,Black,1,20170113001600274
61_0_3_20170109141653583.jpg,61,Male,0,Indian,3,20170109141653583
34_0_1_20170116202042710.jpg,34,Male,0,Black,1,20170116202042710
55_0_0_20170117185957338.jpg,55,Male,0,White,0,20170117185957338
1_1_0_20170109193015973.jpg,1,Female,1,White,0,20170109193015973
26_1_2_20170116184151568.jpg,26,Female,1,Asian,2,20170116184151568
54_1_3_20170109131821873.jpg,54,Female,1,Indian,3,20170109131821873
28_0_4_20170117020801701.jpg,28,Male,0,Others,4,20170117020801701
2_1_3_20161220222832003.jpg,2,Female,1,Indian,3,20161220222832003
36_0_0_20170104173013523.jpg,36,Male,0,White,0,20170104173013523
47_0_0_20170117165141482.jpg,47,Male,0,White,0,20170117165141482
24_0_1_20170114030404017.jpg,24,Male,0,Black,1,20170114030404017
46_0_0_20170113181403980.jpg,46,Male,0,White,0,20170113181403980
27_0_0_20170117120426927.jpg,27,Male,0,White,0,20170117120426927
15_0_0_20170117134820249.jpg,15,Male,0,White,0,20170117134820249
52_0_0_20170104212228222.jpg,52,Male,0,White,0,20170104212228222
33_0_0_20170117155210391.jpg,33,Male,0,White,0,20170117155210391
42_1_0_20170117204000071.jpg,42,Female,1,White,0,20170117204000071
32_1_0_20170117134819735.jpg,32,Female,1,White,0,20170117134819735
58_0_3_20170119211702050.jpg,58,Male,0,Indian,3,20170119211702050
28_0_0_20170117180520264.jpg,28,Male,0,White,0,20170117180520264
58_0_0_20170120224611152.jpg,58,Male,0,White,0,20170120224611152
17_1_0_20170109204406514.jpg,17,Female,1,White,0,20170109204406514
54_0_3_20170119184252470.jpg,54,Male,0,Indian,3,20170119184252470
48_0_1_20170113173459020.jpg,48,Male,0,Black,1,20170113173459020
1_1_2_20161219205522365.jpg,1,Female,1,Asian,2,20161219205522365
60_1_1_20170112210519379.jpg,60,Female,1,Black,1,20170112210519379
45_0_0_20170120222004116.jpg,45,Male,0,White,0,20170120222004116
16_0_0_20170110231841292.jpg,16,Male,0,White,0,20170110231841292
36_0_1_20170116203518157.jpg,36,Male,0,Black,1,20170116203518157
26_1_1_20170116011417813.jpg,26,Female,1,Black,1,20170116011417813
71_0_0_20170104185305424.jpg,71,Male,0,White,0,20170104185305424
62_0_0_20170104213020629.jpg,62,Male,0,White,0,20170104213020629
57_1_0_20170110160643579.jpg,57,Female,1,White,0,20170110160643579
60_0_0_20170111171747549.jpg,60,Male,0,White,0,20170111171747549
2_0_0_20161219204329404.jpg,2,Male,0,White,0,20161219204329404
28_1_4_20170117145659083.jpg,28,Female,1,Others,4,20170117145659083
19_0_0_20170114030748851.jpg,19,Male,0,White,0,20170114030748851
38_1_1_20170113012719329.jpg,38,Female,1,Black,1,20170113012719329
57_0_0_20170111171747487.jpg,57,Male,0,White,0,20170111171747487
50_1_0_20170117160740015.jpg,50,Female,1,White,0,20170117160740015
1_1_0_20170109192159501.jpg,1,Female,1,White,0,20170109192159501
28_0_0_20170117180555824.jpg,28,Male,0,White,0,20170117180555824
29_0_0_20170104165110771.jpg,29,Male,0,White,0,20170104165110771
32_1_2_20170116190151626.jpg,32,Female,1,Asian,2,20170116190151626
25_1_3_20170109132228225.jpg,25,Female,1,Indian,3,20170109132228225
36_1_1_20170116153744623.jpg,36,Female,1,Black,1,20170116153744623
17_1_4_20170102234911226.jpg,17,Female,1,Others,4,20170102234911226
1_1_0_20170109194142307.jpg,1,Female,1,White,0,20170109194142307
35_0_1_20170117151527396.jpg,35,Male,0,Black,1,20170117151527396
16_1_0_20170109214508303.jpg,16,Female,1,White,0,20170109214508303
55_0_0_20170120223714006.jpg,55,Male,0,White,0,20170120223714006
2_0_2_20161219142704833.jpg,2,Male,0,Asian,2,20161219142704833
16_0_0_20170110232040957.jpg,16,Male,0,White,0,20170110232040957
70_0_0_20170111200707164.jpg,70,Male,0,White,0,20170111200707164
1_1_3_20161219224751288.jpg,1,Female,1,Indian,3,20161219224751288
29_0_3_20170117180746585.jpg,29,Male,0,Indian,3,20170117180746585
18_1_0_20170102235007970.jpg,18,Female,1,White,0,20170102235007970
70_0_0_20170111205843899.jpg,70,Male,0,White,0,20170111205843899
30_1_0_20170117150839178.jpg,30,Female,1,White,0,20170117150839178
23_1_3_20170119152429983.jpg,23,Female,1,Indian,3,20170119152429983
29_0_0_20170104202110730.jpg,29,Male,0,White,0,20170104202110730
26_0_1_20170113151702303.jpg,26,Male,0,Black,1,20170113151702303
30_0_4_20170103230144585.jpg,30,Male,0,Others,4,20170103230144585
26_0_0_20170119175528635.jpg,26,Male,0,White,0,20170119175528635
35_0_3_20170119201258580.jpg,35,Male,0,Indian,3,20170119201258580
21_0_4_20161223214838473.jpg,21,Male,0,Others,4,20161223214838473
42_0_1_20170113174159700.jpg,42,Male,0,Black,1,20170113174159700
32_0_1_20170113142507421.jpg,32,Male,0,Black,1,20170113142507421
32_0_0_20170117133741076.jpg,32,Male,0,White,0,20170117133741076
26_0_2_20170104022540590.jpg,26,Male,0,Asian,2,20170104022540590
45_0_1_20170117140619918.jpg,45,Male,0,Black,1,20170117140619918
31_0_2_20161219192759515.jpg,31,Male,0,Asian,2,20161219192759515
32_1_2_20170116162312021.jpg,32,Female,1,Asian,2,20170116162312021
39_1_1_20170113000820292.jpg,39,Female,1,Black,1,20170113000820292
62_1_0_20170110180540639.jpg,62,Female,1,White,0,20170110180540639
30_0_4_20170117200730006.jpg,30,Male,0,Others,4,20170117200730006
26_0_1_20170116221022120.jpg,26,Male,0,Black,1,20170116221022120
26_1_3_20170117154838647.jpg,26,Female,1,Indian,3,20170117154838647
37_0_3_20170119202500878.jpg,37,Male,0,Indian,3,20170119202500878
4_1_0_20170109192418427.jpg,4,Female,1,White,0,20170109192418427
48_1_0_20170120222703841.jpg,48,Female,1,White,0,20170120222703841
36_0_1_20170113184110991.jpg,36,Male,0,Black,1,20170113184110991
12_1_0_20170109200904988.jpg,12,Female,1,White,0,20170109200904988
32_0_1_20170113173617737.jpg,32,Male,0,Black,1,20170113173617737
30_1_0_20170117141830737.jpg,30,Female,1,White,0,20170117141830737
29_1_1_20170112214912446.jpg,29,Female,1,Black,1,20170112214912446
26_0_4_20170104170011130.jpg,26,Male,0,Others,4,20170104170011130
35_0_0_20170117201026397.jpg,35,Male,0,White,0,20170117201026397
2_1_2_20161219153759916.jpg,2,Female,1,Asian,2,20161219153759916
31_0_1_20170116010634833.jpg,31,Male,0,Black,1,20170116010634833
30_1_4_20170104171702193.jpg,30,Female,1,Others,4,20170104171702193
60_1_0_20170117153656364.jpg,60,Female,1,White,0,20170117153656364
31_0_3_20170119195950692.jpg,31,Male,0,Indian,3,20170119195950692
85_1_0_20170110182358244.jpg,85,Female,1,White,0,20170110182358244
70_0_0_20170117173832407.jpg,70,Male,0,White,0,20170117173832407
34_1_1_20170116222859953.jpg,34,Female,1,Black,1,20170116222859953
68_0_0_20170117172924008.jpg,68,Male,0,White,0,20170117172924008
16_0_0_20170110231918993.jpg,16,Male,0,White,0,20170110231918993
17_1_1_20170114030014850.jpg,17,Female,1,Black,1,20170114030014850
58_0_0_20170117191807907.jpg,58,Male,0,White,0,20170117191807907
61_1_0_20170117192159555.jpg,61,Female,1,White,0,20170117192159555
35_0_0_20170116201759726.jpg,35,Male,0,White,0,20170116201759726
49_1_0_20170109220855652.jpg,49,Female,1,White,0,20170109220855652
36_0_1_20170117154338564.jpg,36,Male,0,Black,1,20170117154338564
85_0_0_20170117174438038.jpg,85,Male,0,White,0,20170117174438038
26_0_1_20170116204859144.jpg,26,Male,0,Black,1,20170116204859144
23_0_0_20170117144618155.jpg,23,Male,0,White,0,20170117144618155
21_0_1_20170116030053264.jpg,21,Male,0,Black,1,20170116030053264
27_1_0_20170117144358667.jpg,27,Female,1,White,0,20170117144358667
35_0_0_20170104202556995.jpg,35,Male,0,White,0,20170104202556995
1_0_2_20161219153300420.jpg,1,Male,0,Asian,2,20161219153300420
19_0_0_20170117140603777.jpg,19,Male,0,White,0,20170117140603777
1_0_2_20161219141817185.jpg,1,Male,0,Asian,2,20161219141817185
12_1_3_20170104013517483.jpg,12,Female,1,Indian,3,20170104013517483
27_0_3_20170119193246961.jpg,27,Male,0,Indian,3,20170119193246961
45_0_1_20170111200809203.jpg,45,Male,0,Black,1,20170111200809203
36_0_0_20170117181851709.jpg,36,Male,0,White,0,20170117181851709
31_1_1_20170116002105934.jpg,31,Female,1,Black,1,20170116002105934
26_1_0_20170117174807127.jpg,26,Female,1,White,0,20170117174807127
14_0_4_20170117193432868.jpg,14,Male,0,Others,4,20170117193432868
4_1_4_20161221201901345.jpg,4,Female,1,Others,4,20161221201901345
68_0_0_20170104184637742.jpg,68,Male,0,White,0,20170104184637742
35_0_0_20170117170519707.jpg,35,Male,0,White,0,20170117170519707
34_0_2_20170105172336996.jpg,34,Male,0,Asian,2,20170105172336996
30_1_1_20170114031528104.jpg,30,Female,1,Black,1,20170114031528104
28_0_0_20170116212102377.jpg,28,Male,0,White,0,20170116212102377
32_1_1_20170103162943271.jpg,32,Female,1,Black,1,20170103162943271
27_1_0_20170103182501706.jpg,27,Female,1,White,0,20170103182501706
80_1_2_20170119211723865.jpg,80,Female,1,Asian,2,20170119211723865
27_1_0_20170117175951091.jpg,27,Female,1,White,0,20170117175951091
30_0_2_20170116173655735.jpg,30,Male,0,Asian,2,20170116173655735
65_1_0_20170110160643923.jpg,65,Female,1,White,0,20170110160643923
34_0_0_20170104204349707.jpg,34,Male,0,White,0,20170104204349707
30_1_2_20170116192341274.jpg,30,Female,1,Asian,2,20170116192341274
21_0_3_20170104230524803.jpg,21,Male,0,Indian,3,20170104230524803
24_0_3_20170119144739660.jpg,24,Male,0,Indian,3,20170119144739660
5_1_2_20161219192039498.jpg,5,Female,1,Asian,2,20161219192039498
52_1_0_20170109220625669.jpg,52,Female,1,White,0,20170109220625669
24_1_0_20170105000615467.jpg,24,Female,1,White,0,20170105000615467
55_0_0_20170120222352831.jpg,55,Male,0,White,0,20170120222352831
8_1_0_20170109204452579.jpg,8,Female,1,White,0,20170109204452579
28_0_1_20170113175230916.jpg,28,Male,0,Black,1,20170113175230916
30_1_2_20170117154700223.jpg,30,Female,1,Asian,2,20170117154700223
35_0_0_20170117175619787.jpg,35,Male,0,White,0,20170117175619787
58_0_0_20170113185238311.jpg,58,Male,0,White,0,20170113185238311
34_0_3_20170119171627440.jpg,34,Male,0,Indian,3,20170119171627440
8_1_1_20170117135414790.jpg,8,Female,1,Black,1,20170117135414790
61_0_0_20170117192038683.jpg,61,Male,0,White,0,20170117192038683
26_1_3_20170104222725472.jpg,26,Female,1,Indian,3,20170104222725472
24_0_1_20170116205610920.jpg,24,Male,0,Black,1,20170116205610920
18_1_3_20170104221920967.jpg,18,Female,1,Indian,3,20170104221920967
35_0_4_20170117203249167.jpg,35,Male,0,Others,4,20170117203249167
74_0_0_20170111224032125.jpg,74,Male,0,White,0,20170111224032125
3_1_0_20170109192750346.jpg,3,Female,1,White,0,20170109192750346
36_1_3_20170117173858390.jpg,36,Female,1,Indian,3,20170117173858390
43_1_0_20170108234555262.jpg,43,Female,1,White,0,20170108234555262
54_0_3_20170119210102142.jpg,54,Male,0,Indian,3,20170119210102142
32_0_0_20170116235740282.jpg,32,Male,0,White,0,20170116235740282
43_0_0_20170117171713186.jpg,43,Male,0,White,0,20170117171713186
45_1_0_20170117185215951.jpg,45,Female,1,White,0,20170117185215951
25_1_1_20170112233635032.jpg,25,Female,1,Black,1,20170112233635032
39_0_3_20170119203900686.jpg,39,Male,0,Indian,3,20170119203900686
26_0_0_20170117171702618.jpg,26,Male,0,White,0,20170117171702618
30_1_0_20170117131111201.jpg,30,Female,1,White,0,20170117131111201
28_0_4_20170103184156947.jpg,28,Male,0,Others,4,20170103184156947
84_1_0_20170120225859818.jpg,84,Female,1,White,0,20170120225859818
58_0_3_20170119211646161.jpg,58,Male,0,Indian,3,20170119211646161
38_1_3_20170119202728862.jpg,38,Female,1,Indian,3,20170119202728862
26_0_0_20170120134635670.jpg,26,Male,0,White,0,20170120134635670
26_1_0_20170117003226902.jpg,26,Female,1,White,0,20170117003226902
26_1_4_20161221193657350.jpg,26,Female,1,Others,4,20161221193657350
29_1_0_20170113012617623.jpg,29,Female,1,White,0,20170113012617623
85_0_2_20170112224145130.jpg,85,Male,0,Asian,2,20170112224145130
60_0_0_20170117162852563.jpg,60,Male,0,White,0,20170117162852563
18_1_0_20170109213130477.jpg,18,Female,1,White,0,20170109213130477
22_1_1_20170112230554655.jpg,22,Female,1,Black,1,20170112230554655
28_1_0_20170116165656582.jpg,28,Female,1,White,0,20170116165656582
16_0_0_20170110232039461.jpg,16,Male,0,White,0,20170110232039461
49_1_0_20170109221102358.jpg,49,Female,1,White,0,20170109221102358
50_0_1_20170117172803693.jpg,50,Male,0,Black,1,20170117172803693
40_0_0_20170116225114199.jpg,40,Male,0,White,0,20170116225114199
56_0_0_20170113182426934.jpg,56,Male,0,White,0,20170113182426934
54_0_3_20170119210101042.jpg,54,Male,0,Indian,3,20170119210101042
35_1_1_20170117135357361.jpg,35,Female,1,Black,1,20170117135357361
23_0_0_20170117194041797.jpg,23,Male,0,White,0,20170117194041797
4_0_1_20170104010848776.jpg,4,Male,0,Black,1,20170104010848776
36_0_1_20170116191931354.jpg,36,Male,0,Black,1,20170116191931354
10_0_1_20170116225209209.jpg,10,Male,0,Black,1,20170116225209209
28_0_3_20170119194452931.jpg,28,Male,0,Indian,3,20170119194452931
65_0_1_20170117190534925.jpg,65,Male,0,Black,1,20170117190534925
10_0_4_20170103223451479.jpg,10,Male,0,Others,4,20170103223451479
26_0_0_20170113210127487.jpg,26,Male,0,White,0,20170113210127487
6_1_4_20170119204208503.jpg,6,Female,1,Others,4,20170119204208503
27_0_4_20170117202119374.jpg,27,Male,0,Others,4,20170117202119374
27_0_0_20170117202049702.jpg,27,Male,0,White,0,20170117202049702
54_1_3_20170109150539338.jpg,54,Female,1,Indian,3,20170109150539338
56_0_1_20170117191856555.jpg,56,Male,0,Black,1,20170117191856555
26_0_1_20170113135547147.jpg,26,Male,0,Black,1,20170113135547147
32_1_0_20170111182452820.jpg,32,Female,1,White,0,20170111182452820
32_1_0_20170116220919526.jpg,32,Female,1,White,0,20170116220919526
22_0_4_20170103210108168.jpg,22,Male,0,Others,4,20170103210108168
32_1_2_20170104165117233.jpg,32,Female,1,Asian,2,20170104165117233
37_1_0_20170109134546708.jpg,37,Female,1,White,0,20170109134546708
23_0_1_20170114033536005.jpg,23,Male,0,Black,1,20170114033536005
2_1_3_20161219225435504.jpg,2,Female,1,Indian,3,20161219225435504
45_0_0_20170117170038938.jpg,45,Male,0,White,0,20170117170038938
86_1_0_20170110180113129.jpg,86,Female,1,White,0,20170110180113129
42_0_0_20170112220250648.jpg,42,Male,0,White,0,20170112220250648
78_0_0_20170111222500159.jpg,78,Male,0,White,0,20170111222500159
44_0_3_20170113001948987.jpg,44,Male,0,Indian,3,20170113001948987
27_1_2_20170116163739668.jpg,27,Female,1,Asian,2,20170116163739668
3_0_2_20161219141852353.jpg,3,Male,0,Asian,2,20161219141852353
26_0_1_20170116010530676.jpg,26,Male,0,Black,1,20170116010530676
45_0_4_20170108230309811.jpg,45,Male,0,Others,4,20170108230309811
50_0_0_20170111171747287.jpg,50,Male,0,White,0,20170111171747287
29_0_1_20170117022435965.jpg,29,Male,0,Black,1,20170117022435965
11_1_0_20170109203353740.jpg,11,Female,1,White,0,20170109203353740
30_1_3_20170117120626251.jpg,30,Female,1,Indian,3,20170117120626251
1_0_3_20170104230640081.jpg,1,Male,0,Indian,3,20170104230640081
26_0_3_20170119191757778.jpg,26,Male,0,Indian,3,20170119191757778
68_0_0_20170117172618723.jpg,68,Male,0,White,0,20170117172618723
28_1_1_20170112211124102.jpg,28,Female,1,Black,1,20170112211124102
51_0_0_20170109012545153.jpg,51,Male,0,White,0,20170109012545153
24_1_4_20170103224843361.jpg,24,Female,1,Others,4,20170103224843361
26_1_2_20170116184149022.jpg,26,Female,1,Asian,2,20170116184149022
65_1_0_20170110141104816.jpg,65,Female,1,White,0,20170110141104816
28_1_3_20170109131950179.jpg,28,Female,1,Indian,3,20170109131950179
32_0_2_20170116182306316.jpg,32,Male,0,Asian,2,20170116182306316
69_1_0_20170110152927513.jpg,69,Female,1,White,0,20170110152927513
47_0_3_20170117020747617.jpg,47,Male,0,Indian,3,20170117020747617
30_1_3_20170117153305045.jpg,30,Female,1,Indian,3,20170117153305045
37_1_0_20170105172735429.jpg,37,Female,1,White,0,20170105172735429
40_1_0_20170117154628772.jpg,40,Female,1,White,0,20170117154628772
50_1_1_20170113012828731.jpg,50,Female,1,Black,1,20170113012828731
26_1_1_20170112235057871.jpg,26,Female,1,Black,1,20170112235057871
21_1_3_20170119155651002.jpg,21,Female,1,Indian,3,20170119155651002
35_1_0_20170117170842874.jpg,35,Female,1,White,0,20170117170842874
23_0_3_20170119164051638.jpg,23,Male,0,Indian,3,20170119164051638
35_0_3_20170109132951262.jpg,35,Male,0,Indian,3,20170109132951262
60_0_0_20170104212556604.jpg,60,Male,0,White,0,20170104212556604
42_1_0_20170109004749442.jpg,42,Female,1,White,0,20170109004749442
21_1_4_20170103223237335.jpg,21,Female,1,Others,4,20170103223237335
75_1_0_20170110181942190.jpg,75,Female,1,White,0,20170110181942190
26_1_1_20170116231924481.jpg,26,Female,1,Black,1,20170116231924481
24_1_1_20170113003752421.jpg,24,Female,1,Black,1,20170113003752421
28_1_3_20170104232946267.jpg,28,Female,1,Indian,3,20170104232946267
21_1_1_20170114031610229.jpg,21,Female,1,Black,1,20170114031610229
4_1_2_20161219221140063.jpg,4,Female,1,Asian,2,20161219221140063
28_1_1_20170117140921395.jpg,28,Female,1,Black,1,20170117140921395
73_1_0_20170110125254674.jpg,73,Female,1,White,0,20170110125254674
36_0_1_20170117163447723.jpg,36,Male,0,Black,1,20170117163447723
24_1_3_20170104222408639.jpg,24,Female,1,Indian,3,20170104222408639
45_0_1_20170117171145629.jpg,45,Male,0,Black,1,20170117171145629
9_0_0_20170110221701052.jpg,9,Male,0,White,0,20170110221701052
19_1_0_20170103175624137.jpg,19,Female,1,White,0,20170103175624137
37_0_3_20170119152336983.jpg,37,Male,0,Indian,3,20170119152336983
53_1_0_20170110141003065.jpg,53,Female,1,White,0,20170110141003065
24_0_0_20170117145303338.jpg,24,Male,0,White,0,20170117145303338
56_0_1_20170113142254836.jpg,56,Male,0,Black,1,20170113142254836
26_0_1_20170117091506354.jpg,26,Male,0,Black,1,20170117091506354
24_1_1_20170115235433094.jpg,24,Female,1,Black,1,20170115235433094
27_0_0_20170103182122389.jpg,27,Male,0,White,0,20170103182122389
26_1_0_20170116184526152.jpg,26,Female,1,White,0,20170116184526152
23_1_3_20170119164559398.jpg,23,Female,1,Indian,3,20170119164559398
69_0_0_20170117185705145.jpg,69,Male,0,White,0,20170117185705145
24_1_1_20170112234558855.jpg,24,Female,1,Black,1,20170112234558855
50_1_0_20170104213643230.jpg,50,Female,1,White,0,20170104213643230
8_1_4_20170109201742209.jpg,8,Female,1,Others,4,20170109201742209
26_0_3_20170117154627472.jpg,26,Male,0,Indian,3,20170117154627472
41_0_2_20170117154704827.jpg,41,Male,0,Asian,2,20170117154704827
55_1_0_20170110160643438.jpg,55,Female,1,White,0,20170110160643438
26_0_2_20170116182459791.jpg,26,Male,0,Asian,2,20170116182459791
36_0_0_20170117202645622.jpg,36,Male,0,White,0,20170117202645622
88_0_2_20170112224251748.jpg,88,Male,0,Asian,2,20170112224251748
88_0_0_20170113185429450.jpg,88,Male,0,White,0,20170113185429450
70_0_0_20170117174556670.jpg,70,Male,0,White,0,20170117174556670
26_1_3_20170117174543231.jpg,26,Female,1,Indian,3,20170117174543231
26_1_1_20170116231530890.jpg,26,Female,1,Black,1,20170116231530890
24_1_3_20170119170926830.jpg,24,Female,1,Indian,3,20170119170926830
59_0_0_20170116215844539.jpg,59,Male,0,White,0,20170116215844539
27_0_3_20170119193214716.jpg,27,Male,0,Indian,3,20170119193214716
21_1_0_20170117193748045.jpg,21,Female,1,White,0,20170117193748045
72_1_0_20170110181628038.jpg,72,Female,1,White,0,20170110181628038
26_1_3_20170119192127618.jpg,26,Female,1,Indian,3,20170119192127618
26_1_1_20170116154333887.jpg,26,Female,1,Black,1,20170116154333887
82_0_0_20170111210140987.jpg,82,Male,0,White,0,20170111210140987
27_1_0_20170111182452802.jpg,27,Female,1,White,0,20170111182452802
29_1_1_20170105163256379.jpg,29,Female,1,Black,1,20170105163256379
36_0_0_20170117162925765.jpg,36,Male,0,White,0,20170117162925765
42_0_0_20170117185637738.jpg,42,Male,0,White,0,20170117185637738
15_0_0_20170103201301966.jpg,15,Male,0,White,0,20170103201301966
3_1_2_20161219140825328.jpg,3,Female,1,Asian,2,20161219140825328
26_0_3_20170104230403674.jpg,26,Male,0,Indian,3,20170104230403674
27_1_2_20170116163729639.jpg,27,Female,1,Asian,2,20170116163729639
45_0_1_20170113183252060.jpg,45,Male,0,Black,1,20170113183252060
25_0_3_20170119153857705.jpg,25,Male,0,Indian,3,20170119153857705
55_0_0_20170117135625808.jpg,55,Male,0,White,0,20170117135625808
1_0_3_20161219224544080.jpg,1,Male,0,Indian,3,20161219224544080
9_0_0_20170110224747751.jpg,9,Male,0,White,0,20170110224747751
25_1_0_20170105183547063.jpg,25,Female,1,White,0,20170105183547063
31_0_0_20170113142314661.jpg,31,Male,0,White,0,20170113142314661
52_0_0_20170111171747376.jpg,52,Male,0,White,0,20170111171747376
28_0_0_20170114030950715.jpg,28,Male,0,White,0,20170114030950715
63_0_1_20170117194724477.jpg,63,Male,0,Black,1,20170117194724477
60_1_0_20170110140651218.jpg,60,Female,1,White,0,20170110140651218
34_1_0_20170103163601073.jpg,34,Female,1,White,0,20170103163601073
50_0_0_20170117160733057.jpg,50,Male,0,White,0,20170117160733057
58_0_0_20170109010542295.jpg,58,Male,0,White,0,20170109010542295
54_0_0_20170111222018526.jpg,54,Male,0,White,0,20170111222018526
18_0_1_20170114025501676.jpg,18,Male,0,Black,1,20170114025501676
75_0_0_20170111204138781.jpg,75,Male,0,White,0,20170111204138781
90_0_0_20170120230038954.jpg,90,Male,0,White,0,20170120230038954
34_0_1_20170113190513145.jpg,34,Male,0,Black,1,20170113190513145
16_1_0_20170109213044006.jpg,16,Female,1,White,0,20170109213044006
11_0_3_20170104013250186.jpg,11,Male,0,Indian,3,20170104013250186
9_0_0_20170110224437980.jpg,9,Male,0,White,0,20170110224437980
24_1_1_20170115235615800.jpg,24,Female,1,Black,1,20170115235615800
29_1_3_20170109141114301.jpg,29,Female,1,Indian,3,20170109141114301
37_0_0_20170104174218803.jpg,37,Male,0,White,0,20170104174218803
34_0_0_20170117134916472.jpg,34,Male,0,White,0,20170117134916472
64_0_0_20170111203901318.jpg,64,Male,0,White,0,20170111203901318
46_0_1_20170117182528088.jpg,46,Male,0,Black,1,20170117182528088
52_1_1_20170113000523249.jpg,52,Female,1,Black,1,20170113000523249
52_0_3_20170119205733615.jpg,52,Male,0,Indian,3,20170119205733615
30_0_0_20170117152404661.jpg,30,Male,0,White,0,20170117152404661
28_1_3_20170104223241929.jpg,28,Female,1,Indian,3,20170104223241929
42_0_0_20170105173000197.jpg,42,Male,0,White,0,20170105173000197
23_1_3_20170119164546693.jpg,23,Female,1,Indian,3,20170119164546693
58_0_0_20170111202848963.jpg,58,Male,0,White,0,20170111202848963
28_1_3_20170119195104970.jpg,28,Female,1,Indian,3,20170119195104970
4_1_2_20161219204019100.jpg,4,Female,1,Asian,2,20161219204019100
58_1_1_20170112224110700.jpg,58,Female,1,Black,1,20170112224110700
9_0_0_20170110224351698.jpg,9,Male,0,White,0,20170110224351698
23_0_0_20170117134919191.jpg,23,Male,0,White,0,20170117134919191
40_0_0_20170117134621935.jpg,40,Male,0,White,0,20170117134621935
43_0_4_20170104174223892.jpg,43,Male,0,Others,4,20170104174223892
18_1_1_20170109214221868.jpg,18,Female,1,Black,1,20170109214221868
52_1_4_20170104185604990.jpg,52,Female,1,Others,4,20170104185604990
1_0_3_20161220215945524.jpg,1,Male,0,Indian,3,20161220215945524
26_0_1_20170113151632526.jpg,26,Male,0,Black,1,20170113151632526
40_0_1_20170117170545162.jpg,40,Male,0,Black,1,20170117170545162
78_1_0_20170120230348881.jpg,78,Female,1,White,0,20170120230348881
41_0_1_20170113152808025.jpg,41,Male,0,Black,1,20170113152808025
67_0_0_20170117195143525.jpg,67,Male,0,White,0,20170117195143525
24_0_1_20170112204730931.jpg,24,Male,0,Black,1,20170112204730931
32_0_1_20170113155305504.jpg,32,Male,0,Black,1,20170113155305504
63_1_0_20170109221021608.jpg,63,Female,1,White,0,20170109221021608
20_0_1_20170113133037011.jpg,20,Male,0,Black,1,20170113133037011
54_0_0_20170104212610221.jpg,54,Male,0,White,0,20170104212610221
52_0_3_20170104220841902.jpg,52,Male,0,Indian,3,20170104220841902
19_0_2_20170110225634087.jpg,19,Male,0,Asian,2,20170110225634087
50_0_3_20170119204844983.jpg,50,Male,0,Indian,3,20170119204844983
37_1_0_20170103183009635.jpg,37,Female,1,White,0,20170103183009635
32_1_0_20170103182605514.jpg,32,Female,1,White,0,20170103182605514
62_1_0_20170110175644800.jpg,62,Female,1,White,0,20170110175644800
4_0_2_20161219153822276.jpg,4,Male,0,Asian,2,20161219153822276
29_0_1_20170116002244586.jpg,29,Male,0,Black,1,20170116002244586
35_0_2_20170116173652735.jpg,35,Male,0,Asian,2,20170116173652735
63_0_3_20170105180905510.jpg,63,Male,0,Indian,3,20170105180905510
30_0_0_20170117130646482.jpg,30,Male,0,White,0,20170117130646482
25_1_1_20170112191300605.jpg,25,Female,1,Black,1,20170112191300605
36_0_3_20170119201908108.jpg,36,Male,0,Indian,3,20170119201908108
27_1_0_20170117202246110.jpg,27,Female,1,White,0,20170117202246110
18_1_0_20170109213544430.jpg,18,Female,1,White,0,20170109213544430
18_1_0_20170109214503497.jpg,18,Female,1,White,0,20170109214503497
53_0_0_20170113184941808.jpg,53,Male,0,White,0,20170113184941808
25_0_0_20170117195255340.jpg,25,Male,0,White,0,20170117195255340
21_1_4_20170103201905647.jpg,21,Female,1,Others,4,20170103201905647
25_1_2_20170104020655188.jpg,25,Female,1,Asian,2,20170104020655188
27_0_3_20170119193231250.jpg,27,Male,0,Indian,3,20170119193231250
76_1_3_20170109150736001.jpg,76,Female,1,Indian,3,20170109150736001
40_0_0_20170116210116677.jpg,40,Male,0,White,0,20170116210116677
40_0_4_20170108231125827.jpg,40,Male,0,Others,4,20170108231125827
67_0_0_20170112205632732.jpg,67,Male,0,White,0,20170112205632732
54_1_0_20170103183742275.jpg,54,Female,1,White,0,20170103183742275
9_0_0_20170110220148443.jpg,9,Male,0,White,0,20170110220148443
29_0_3_20170119195313651.jpg,29,Male,0,Indian,3,20170119195313651
25_0_3_20170117151819492.jpg,25,Male,0,Indian,3,20170117151819492
26_1_2_20170116184155381.jpg,26,Female,1,Asian,2,20170116184155381
35_0_2_20170116181056835.jpg,35,Male,0,Asian,2,20170116181056835
18_0_4_20170103205858722.jpg,18,Male,0,Others,4,20170103205858722
45_0_3_20170120222425936.jpg,45,Male,0,Indian,3,20170120222425936
82_0_0_20170111210604164.jpg,82,Male,0,White,0,20170111210604164
1_1_3_20161219224454728.jpg,1,Female,1,Indian,3,20161219224454728
8_1_0_20170109205351904.jpg,8,Female,1,White,0,20170109205351904
39_0_1_20170117154230635.jpg,39,Male,0,Black,1,20170117154230635
31_1_1_20170112234534056.jpg,31,Female,1,Black,1,20170112234534056
16_0_0_20170110232432328.jpg,16,Male,0,White,0,20170110232432328
49_0_0_20170104185007076.jpg,49,Male,0,White,0,20170104185007076
35_1_0_20170104171655778.jpg,35,Female,1,White,0,20170104171655778
65_0_1_20170117194017535.jpg,65,Male,0,Black,1,20170117194017535
25_1_4_20170103223722679.jpg,25,Female,1,Others,4,20170103223722679
27_1_2_20170116192014113.jpg,27,Female,1,Asian,2,20170116192014113
47_1_1_20170113012000953.jpg,47,Female,1,Black,1,20170113012000953
26_1_1_20170117202000565.jpg,26,Female,1,Black,1,20170117202000565
1_1_0_20170103213335661.jpg,1,Female,1,White,0,20170103213335661
32_0_1_20170113145227206.jpg,32,Male,0,Black,1,20170113145227206
28_1_4_20170103181212270.jpg,28,Female,1,Others,4,20170103181212270
36_1_1_20170112235521289.jpg,36,Female,1,Black,1,20170112235521289
1_0_2_20161219141023272.jpg,1,Male,0,Asian,2,20161219141023272
17_1_0_20170109214048004.jpg,17,Female,1,White,0,20170109214048004
50_0_0_20170117160624326.jpg,50,Male,0,White,0,20170117160624326
32_1_3_20170119200440516.jpg,32,Female,1,Indian,3,20170119200440516
42_0_0_20170119204245311.jpg,42,Male,0,White,0,20170119204245311
30_1_2_20170116192527784.jpg,30,Female,1,Asian,2,20170116192527784
16_1_0_20170109213954271.jpg,16,Female,1,White,0,20170109213954271
30_1_1_20170112234617032.jpg,30,Female,1,Black,1,20170112234617032
1_0_2_20170110213009014.jpg,1,Male,0,Asian,2,20170110213009014
9_0_0_20170110220601810.jpg,9,Male,0,White,0,20170110220601810
70_0_0_20170117172840833.jpg,70,Male,0,White,0,20170117172840833
58_0_0_20170109015209205.jpg,58,Male,0,White,0,20170109015209205
39_0_4_20170104000800885.jpg,39,Male,0,Others,4,20170104000800885
1_0_0_20161219204741557.jpg,1,Male,0,White,0,20161219204741557
2_0_3_20161219225453639.jpg,2,Male,0,Indian,3,20161219225453639
7_1_3_20170104223307815.jpg,7,Female,1,Indian,3,20170104223307815
25_0_1_20170116002814761.jpg,25,Male,0,Black,1,20170116002814761
37_0_3_20170120221511381.jpg,37,Male,0,Indian,3,20170120221511381
42_1_0_20170103183330514.jpg,42,Female,1,White,0,20170103183330514
49_1_1_20170113173337426.jpg,49,Female,1,Black,1,20170113173337426
36_1_0_20170117091726944.jpg,36,Female,1,White,0,20170117091726944
2_1_4_20170103213232676.jpg,2,Female,1,Others,4,20170103213232676
16_1_0_20170109212525685.jpg,16,Female,1,White,0,20170109212525685
38_0_2_20170116192316995.jpg,38,Male,0,Asian,2,20170116192316995
30_0_2_20170116173633448.jpg,30,Male,0,Asian,2,20170116173633448
13_0_0_20170110220242419.jpg,13,Male,0,White,0,20170110220242419
60_0_0_20170120221103380.jpg,60,Male,0,White,0,20170120221103380
27_1_1_20170117013821300.jpg,27,Female,1,Black,1,20170117013821300
14_0_3_20170104230143521.jpg,14,Male,0,Indian,3,20170104230143521
24_0_1_20170117170559987.jpg,24,Male,0,Black,1,20170117170559987
53_0_0_20170111171747419.jpg,53,Male,0,White,0,20170111171747419
2_0_0_20170117192756285.jpg,2,Male,0,White,0,20170117192756285
35_0_1_20170116225124900.jpg,35,Male,0,Black,1,20170116225124900
24_1_3_20170117145441075.jpg,24,Female,1,Indian,3,20170117145441075
28_0_1_20170117020658579.jpg,28,Male,0,Black,1,20170117020658579
38_0_0_20170117184513097.jpg,38,Male,0,White,0,20170117184513097
24_1_0_20170116205900085.jpg,24,Female,1,White,0,20170116205900085
55_1_3_20170119180703420.jpg,55,Female,1,Indian,3,20170119180703420
60_0_3_20170119205909616.jpg,60,Male,0,Indian,3,20170119205909616
80_0_0_20170117173234032.jpg,80,Male,0,White,0,20170117173234032
27_0_3_20170119194354476.jpg,27,Male,0,Indian,3,20170119194354476
28_1_1_20170112230622262.jpg,28,Female,1,Black,1,20170112230622262
22_1_1_20170114033252419.jpg,22,Female,1,Black,1,20170114033252419
43_0_0_20170104172942851.jpg,43,Male,0,White,0,20170104172942851
17_0_4_20170103201055366.jpg,17,Male,0,Others,4,20170103201055366
28_0_1_20170113141527026.jpg,28,Male,0,Black,1,20170113141527026
54_0_0_20170120134341414.jpg,54,Male,0,White,0,20170120134341414
50_0_3_20170119205537439.jpg,50,Male,0,Indian,3,20170119205537439
62_1_0_20170110173810498.jpg,62,Female,1,White,0,20170110173810498
4_0_3_20161219230501650.jpg,4,Male,0,Indian,3,20161219230501650
31_1_1_20170116222848038.jpg,31,Female,1,Black,1,20170116222848038
55_0_0_20170117135534039.jpg,55,Male,0,White,0,20170117135534039
54_0_0_20170117171526283.jpg,54,Male,0,White,0,20170117171526283
25_0_0_20170104004153743.jpg,25,Male,0,White,0,20170104004153743
63_0_0_20170117195107740.jpg,63,Male,0,White,0,20170117195107740
28_0_3_20170119194439188.jpg,28,Male,0,Indian,3,20170119194439188
40_1_0_20170117170612507.jpg,40,Female,1,White,0,20170117170612507
26_1_2_20170116180503250.jpg,26,Female,1,Asian,2,20170116180503250
28_0_4_20170103235818508.jpg,28,Male,0,Others,4,20170103235818508
84_1_0_20170120223609069.jpg,84,Female,1,White,0,20170120223609069
21_0_1_20170117195323136.jpg,21,Male,0,Black,1,20170117195323136
12_0_4_20170103200538198.jpg,12,Male,0,Others,4,20170103200538198
26_1_3_20170104214731389.jpg,26,Female,1,Indian,3,20170104214731389
21_1_0_20170117142329848.jpg,21,Female,1,White,0,20170117142329848
22_1_3_20170119160417027.jpg,22,Female,1,Indian,3,20170119160417027
60_1_0_20170110131759572.jpg,60,Female,1,White,0,20170110131759572
20_0_0_20170116205028194.jpg,20,Male,0,White,0,20170116205028194
17_0_0_20170117134955265.jpg,17,Male,0,White,0,20170117134955265
25_1_2_20170116175148849.jpg,25,Female,1,Asian,2,20170116175148849
26_1_2_20170116181301976.jpg,26,Female,1,Asian,2,20170116181301976
35_0_2_20170117182954110.jpg,35,Male,0,Asian,2,20170117182954110
26_1_3_20170104232333226.jpg,26,Female,1,Indian,3,20170104232333226
9_0_0_20170110215447268.jpg,9,Male,0,White,0,20170110215447268
24_0_0_20170114032026665.jpg,24,Male,0,White,0,20170114032026665
1_1_0_20170109194256082.jpg,1,Female,1,White,0,20170109194256082
53_1_1_20170117175751930.jpg,53,Female,1,Black,1,20170117175751930
62_1_1_20170112233640592.jpg,62,Female,1,Black,1,20170112233640592
24_1_2_20170116172622785.jpg,24,Female,1,Asian,2,20170116172622785
47_0_4_20170104210453028.jpg,47,Male,0,Others,4,20170104210453028
34_0_1_20170104173008466.jpg,34,Male,0,Black,1,20170104173008466
34_0_0_20170117203213479.jpg,34,Male,0,White,0,20170117203213479
31_0_1_20170113173408993.jpg,31,Male,0,Black,1,20170113173408993
59_0_0_20170109012750162.jpg,59,Male,0,White,0,20170109012750162
55_0_0_20170104205336259.jpg,55,Male,0,White,0,20170104205336259
2_1_2_20161219161912078.jpg,2,Female,1,Asian,2,20161219161912078
26_1_2_20170116180541533.jpg,26,Female,1,Asian,2,20170116180541533
35_1_3_20170104223440424.jpg,35,Female,1,Indian,3,20170104223440424
26_0_0_20170116152556326.jpg,26,Male,0,White,0,20170116152556326
8_0_0_20170110220345778.jpg,8,Male,0,White,0,20170110220345778
25_1_0_20170116223848612.jpg,25,Female,1,White,0,20170116223848612
26_1_3_20170117153340356.jpg,26,Female,1,Indian,3,20170117153340356
5_1_4_20161221201710702.jpg,5,Female,1,Others,4,20161221201710702
110_0_0_20170112213500903.jpg,110,Male,0,White,0,20170112213500903
47_0_1_20170117190323954.jpg,47,Male,0,Black,1,20170117190323954
43_0_3_20170112220309502.jpg,43,Male,0,Indian,3,20170112220309502
50_0_1_20170111204143668.jpg,50,Male,0,Black,1,20170111204143668
60_0_3_20170117174145046.jpg,60,Male,0,Indian,3,20170117174145046
26_1_2_20170116184020867.jpg,26,Female,1,Asian,2,20170116184020867
88_1_1_20170116233427954.jpg,88,Female,1,Black,1,20170116233427954
19_1_0_20170119145731470.jpg,19,Female,1,White,0,20170119145731470
35_1_0_20170117192840324.jpg,35,Female,1,White,0,20170117192840324
52_0_0_20170103183600794.jpg,52,Male,0,White,0,20170103183600794
32_0_1_20170120220852396.jpg,32,Male,0,Black,1,20170120220852396
24_1_2_20170104020306436.jpg,24,Female,1,Asian,2,20170104020306436
16_0_4_20170103233832570.jpg,16,Male,0,Others,4,20170103233832570
5_0_0_20170110212757355.jpg,5,Male,0,White,0,20170110212757355
26_0_1_20170113135255058.jpg,26,Male,0,Black,1,20170113135255058
2_0_0_20161219160731126.jpg,2,Male,0,White,0,20161219160731126
1_0_3_20161219230002417.jpg,1,Male,0,Indian,3,20161219230002417
32_0_0_20170117091009872.jpg,32,Male,0,White,0,20170117091009872
31_1_0_20170105162708403.jpg,31,Female,1,White,0,20170105162708403
25_1_3_20170119163748638.jpg,25,Female,1,Indian,3,20170119163748638
50_1_3_20170117151044708.jpg,50,Female,1,Indian,3,20170117151044708
24_1_2_20170116174456238.jpg,24,Female,1,Asian,2,20170116174456238
53_0_0_20170111201804638.jpg,53,Male,0,White,0,20170111201804638
36_1_0_20170103183128874.jpg,36,Female,1,White,0,20170103183128874
24_1_4_20170104005830151.jpg,24,Female,1,Others,4,20170104005830151
66_1_0_20170110122210413.jpg,66,Female,1,White,0,20170110122210413
32_1_0_20170103182609772.jpg,32,Female,1,White,0,20170103182609772
51_1_1_20170114030618551.jpg,51,Female,1,Black,1,20170114030618551
2_1_2_20161219140840080.jpg,2,Female,1,Asian,2,20161219140840080
26_1_2_20170116180543835.jpg,26,Female,1,Asian,2,20170116180543835
73_0_0_20170117204851351.jpg,73,Male,0,White,0,20170117204851351
8_1_0_20170109202317876.jpg,8,Female,1,White,0,20170109202317876
27_0_0_20170116182634081.jpg,27,Male,0,White,0,20170116182634081
38_1_0_20170111182452859.jpg,38,Female,1,White,0,20170111182452859
10_0_0_20170110224238891.jpg,10,Male,0,White,0,20170110224238891
37_1_2_20170116192038085.jpg,37,Female,1,Asian,2,20170116192038085
12_0_3_20170104013451506.jpg,12,Male,0,Indian,3,20170104013451506
1_1_0_20170109190810090.jpg,1,Female,1,White,0,20170109190810090
35_0_1_20170117141828539.jpg,35,Male,0,Black,1,20170117141828539
32_1_1_20170116153759560.jpg,32,Female,1,Black,1,20170116153759560
36_0_3_20170119183309303.jpg,36,Male,0,Indian,3,20170119183309303
30_0_0_20170104000150443.jpg,30,Male,0,White,0,20170104000150443
85_1_0_20170110181732789.jpg,85,Female,1,White,0,20170110181732789
82_0_0_20170111210449740.jpg,82,Male,0,White,0,20170111210449740
80_0_0_20170111222138149.jpg,80,Male,0,White,0,20170111222138149
2_1_3_20161219225526407.jpg,2,Female,1,Indian,3,20161219225526407
18_1_0_20170109205411880.jpg,18,Female,1,White,0,20170109205411880
55_0_0_20170120222359871.jpg,55,Male,0,White,0,20170120222359871
15_0_3_20170104225525049.jpg,15,Male,0,Indian,3,20170104225525049
50_0_3_20170119205531336.jpg,50,Male,0,Indian,3,20170119205531336
54_0_1_20170117191411795.jpg,54,Male,0,Black,1,20170117191411795
51_0_0_20170105172830957.jpg,51,Male,0,White,0,20170105172830957
45_0_1_20170117175348238.jpg,45,Male,0,Black,1,20170117175348238
35_0_2_20170104191720503.jpg,35,Male,0,Asian,2,20170104191720503
26_1_3_20170119192522130.jpg,26,Female,1,Indian,3,20170119192522130
61_0_0_20170117175110925.jpg,61,Male,0,White,0,20170117175110925
56_1_3_20170109132208103.jpg,56,Female,1,Indian,3,20170109132208103
60_0_0_20170104184725621.jpg,60,Male,0,White,0,20170104184725621
45_0_3_20170119165720733.jpg,45,Male,0,Indian,3,20170119165720733
1_1_2_20161219193510436.jpg,1,Female,1,Asian,2,20161219193510436
6_0_0_20170110224828816.jpg,6,Male,0,White,0,20170110224828816
26_0_3_20170104230509745.jpg,26,Male,0,Indian,3,20170104230509745
26_0_3_20170119192438322.jpg,26,Male,0,Indian,3,20170119192438322
34_0_1_20170116030144661.jpg,34,Male,0,Black,1,20170116030144661
3_1_2_20161219211558470.jpg,3,Female,1,Asian,2,20161219211558470
24_1_3_20170104231937977.jpg,24,Female,1,Indian,3,20170104231937977
28_0_1_20170116192119455.jpg,28,Male,0,Black,1,20170116192119455
26_1_3_20170119193118067.jpg,26,Female,1,Indian,3,20170119193118067
36_1_2_20170105172631405.jpg,36,Female,1,Asian,2,20170105172631405
26_1_0_20170117154814509.jpg,26,Female,1,White,0,20170117154814509
36_0_0_20170109010229413.jpg,36,Male,0,White,0,20170109010229413
20_1_0_20170109213016635.jpg,20,Female,1,White,0,20170109213016635
49_0_0_20170119201555940.jpg,49,Male,0,White,0,20170119201555940
47_0_3_20170119152344615.jpg,47,Male,0,Indian,3,20170119152344615
54_0_0_20170117191328833.jpg,54,Male,0,White,0,20170117191328833
1_0_2_20161219141758721.jpg,1,Male,0,Asian,2,20161219141758721
18_1_0_20170109212826322.jpg,18,Female,1,White,0,20170109212826322
30_0_1_20170113152824163.jpg,30,Male,0,Black,1,20170113152824163
30_0_2_20170116193953384.jpg,30,Male,0,Asian,2,20170116193953384
32_0_0_20170116224633761.jpg,32,Male,0,White,0,20170116224633761
23_0_0_20170117194151965.jpg,23,Male,0,White,0,20170117194151965
17_0_0_20170110231233724.jpg,17,Male,0,White,0,20170110231233724
23_1_0_20170116222839270.jpg,23,Female,1,White,0,20170116222839270
47_0_3_20170119205127722.jpg,47,Male,0,Indian,3,20170119205127722
23_1_2_20170116172816125.jpg,23,Female,1,Asian,2,20170116172816125
26_0_2_20170116180011320.jpg,26,Male,0,Asian,2,20170116180011320
48_0_4_20170117204131728.jpg,48,Male,0,Others,4,20170117204131728
8_1_0_20170109204818624.jpg,8,Female,1,White,0,20170109204818624
25_0_1_20170113151354352.jpg,25,Male,0,Black,1,20170113151354352
50_0_0_20170111181750454.jpg,50,Male,0,White,0,20170111181750454
20_1_0_20170105000707730.jpg,20,Female,1,White,0,20170105000707730
6_0_4_20161221200807209.jpg,6,Male,0,Others,4,20161221200807209
44_1_3_20170119164705141.jpg,44,Female,1,Indian,3,20170119164705141
26_0_1_20170117195815907.jpg,26,Male,0,Black,1,20170117195815907
42_1_1_20170113005717990.jpg,42,Female,1,Black,1,20170113005717990
20_0_4_20170103234738979.jpg,20,Male,0,Others,4,20170103234738979
30_0_2_20170116170852517.jpg,30,Male,0,Asian,2,20170116170852517
5_1_1_20161220220819682.jpg,5,Female,1,Black,1,20161220220819682
26_1_2_20170116180824329.jpg,26,Female,1,Asian,2,20170116180824329
35_0_0_20170117172848396.jpg,35,Male,0,White,0,20170117172848396
16_1_1_20170109214212884.jpg,16,Female,1,Black,1,20170109214212884
43_1_0_20170117155110305.jpg,43,Female,1,White,0,20170117155110305
26_0_1_20170117195923557.jpg,26,Male,0,Black,1,20170117195923557
15_0_0_20170104011728017.jpg,15,Male,0,White,0,20170104011728017
46_1_0_20170119192512353.jpg,46,Female,1,White,0,20170119192512353
34_1_0_20170115235719543.jpg,34,Female,1,White,0,20170115235719543
23_1_3_20170104220147782.jpg,23,Female,1,Indian,3,20170104220147782
45_0_1_20170113175345292.jpg,45,Male,0,Black,1,20170113175345292
16_1_1_20170117172336195.jpg,16,Female,1,Black,1,20170117172336195
29_1_1_20170112211511508.jpg,29,Female,1,Black,1,20170112211511508
52_0_0_20170111204457405.jpg,52,Male,0,White,0,20170111204457405
50_0_0_20170104212142572.jpg,50,Male,0,White,0,20170104212142572
3_1_2_20161219160007413.jpg,3,Female,1,Asian,2,20161219160007413
53_1_0_20170104202409738.jpg,53,Female,1,White,0,20170104202409738
58_0_2_20170104213251605.jpg,58,Male,0,Asian,2,20170104213251605
27_1_2_20170116170959436.jpg,27,Female,1,Asian,2,20170116170959436
10_1_3_20170119150820222.jpg,10,Female,1,Indian,3,20170119150820222
28_0_1_20170116200710476.jpg,28,Male,0,Black,1,20170116200710476
26_1_0_20170117174641318.jpg,26,Female,1,White,0,20170117174641318
90_1_2_20170111205444634.jpg,90,Female,1,Asian,2,20170111205444634
65_1_0_20170110154550300.jpg,65,Female,1,White,0,20170110154550300
23_1_4_20170117194306603.jpg,23,Female,1,Others,4,20170117194306603
26_0_4_20170117195551948.jpg,26,Male,0,Others,4,20170117195551948
39_1_4_20170105001146812.jpg,39,Female,1,Others,4,20170105001146812
32_1_0_20170117134802979.jpg,32,Female,1,White,0,20170117134802979
46_0_4_20170117171327063.jpg,46,Male,0,Others,4,20170117171327063
21_1_2_20170116170754019.jpg,21,Female,1,Asian,2,20170116170754019
16_0_0_20170110232724382.jpg,16,Male,0,White,0,20170110232724382
29_1_1_20170112205213493.jpg,29,Female,1,Black,1,20170112205213493
65_0_0_20170104213523774.jpg,65,Male,0,White,0,20170104213523774
28_0_0_20170117134849833.jpg,28,Male,0,White,0,20170117134849833
32_1_2_20170116175121187.jpg,32,Female,1,Asian,2,20170116175121187
4_0_2_20161219195053667.jpg,4,Male,0,Asian,2,20161219195053667
3_0_2_20161219142553649.jpg,3,Male,0,Asian,2,20161219142553649
38_0_1_20170116205307165.jpg,38,Male,0,Black,1,20170116205307165
1_1_3_20161219230239192.jpg,1,Female,1,Indian,3,20161219230239192
2_1_2_20161219222054159.jpg,2,Female,1,Asian,2,20161219222054159
58_0_0_20170104185326934.jpg,58,Male,0,White,0,20170104185326934
30_1_2_20170116163932623.jpg,30,Female,1,Asian,2,20170116163932623
48_0_3_20170119192924313.jpg,48,Male,0,Indian,3,20170119192924313
82_0_0_20170111223748572.jpg,82,Male,0,White,0,20170111223748572
15_1_1_20170112230550725.jpg,15,Female,1,Black,1,20170112230550725
47_0_0_20170119145412957.jpg,47,Male,0,White,0,20170119145412957
52_0_3_20170104202143258.jpg,52,Male,0,Indian,3,20170104202143258
45_0_0_20170117135648206.jpg,45,Male,0,White,0,20170117135648206
20_1_0_20170119153717575.jpg,20,Female,1,White,0,20170119153717575
25_0_3_20170104214610101.jpg,25,Male,0,Indian,3,20170104214610101
1_0_0_20170109193431882.jpg,1,Male,0,White,0,20170109193431882
24_1_4_20170117194829684.jpg,24,Female,1,Others,4,20170117194829684
14_1_0_20170109213221821.jpg,14,Female,1,White,0,20170109213221821
23_1_4_20170117194311620.jpg,23,Female,1,Others,4,20170117194311620
33_0_3_20170117134831656.jpg,33,Male,0,Indian,3,20170117134831656
23_1_3_20170119164425613.jpg,23,Female,1,Indian,3,20170119164425613
78_0_2_20170112205619428.jpg,78,Male,0,Asian,2,20170112205619428
10_0_0_20170117175625724.jpg,10,Male,0,White,0,20170117175625724
26_0_0_20170120134358310.jpg,26,Male,0,White,0,20170120134358310
18_1_1_20170117140105352.jpg,18,Female,1,Black,1,20170117140105352
9_0_0_20170110224838965.jpg,9,Male,0,White,0,20170110224838965
42_0_0_20170117185757210.jpg,42,Male,0,White,0,20170117185757210
27_0_3_20170119193205856.jpg,27,Male,0,Indian,3,20170119193205856
20_1_0_20170103175525991.jpg,20,Female,1,White,0,20170103175525991
36_1_0_20170120140736273.jpg,36,Female,1,White,0,20170120140736273
14_0_1_20170117133924867.jpg,14,Male,0,Black,1,20170117133924867
24_0_2_20170104021847349.jpg,24,Male,0,Asian,2,20170104021847349
65_0_3_20170117190407347.jpg,65,Male,0,Indian,3,20170117190407347
31_1_4_20170112235504601.jpg,31,Female,1,Others,4,20170112235504601
1_0_2_20161219211231133.jpg,1,Male,0,Asian,2,20161219211231133
1_1_0_20161219212433510.jpg,1,Female,1,White,0,20161219212433510
72_0_0_20170113185248248.jpg,72,Male,0,White,0,20170113185248248
23_0_1_20170116010954423.jpg,23,Male,0,Black,1,20170116010954423
1_0_3_20161219224645904.jpg,1,Male,0,Indian,3,20161219224645904
1_1_4_20161221201921929.jpg,1,Female,1,Others,4,20161221201921929
45_0_0_20170105172826437.jpg,45,Male,0,White,0,20170105172826437
65_0_0_20170112205749338.jpg,65,Male,0,White,0,20170112205749338
35_1_0_20170104165401426.jpg,35,Female,1,White,0,20170104165401426
56_0_3_20170119195816363.jpg,56,Male,0,Indian,3,20170119195816363
20_1_2_20170116165621526.jpg,20,Female,1,Asian,2,20170116165621526
51_0_0_20170117162917059.jpg,51,Male,0,White,0,20170117162917059
62_0_0_20170120223830886.jpg,62,Male,0,White,0,20170120223830886
56_1_2_20170109010140329.jpg,56,Female,1,Asian,2,20170109010140329
35_1_1_20170113001901555.jpg,35,Female,1,Black,1,20170113001901555
37_1_1_20170105172932885.jpg,37,Female,1,Black,1,20170105172932885
41_0_2_20170104204700955.jpg,41,Male,0,Asian,2,20170104204700955
25_0_0_20170117143313929.jpg,25,Male,0,White,0,20170117143313929
5_1_2_20161219151834275.jpg,5,Female,1,Asian,2,20161219151834275
37_0_0_20170117140009463.jpg,37,Male,0,White,0,20170117140009463
1_1_0_20170103213137956.jpg,1,Female,1,White,0,20170103213137956
14_0_0_20170110225725643.jpg,14,Male,0,White,0,20170110225725643
39_1_0_20170117175641921.jpg,39,Female,1,White,0,20170117175641921
54_0_0_20170105173228717.jpg,54,Male,0,White,0,20170105173228717
78_0_0_20170111222529376.jpg,78,Male,0,White,0,20170111222529376
28_0_0_20170116003131512.jpg,28,Male,0,White,0,20170116003131512
65_0_0_20170120223336620.jpg,65,Male,0,White,0,20170120223336620
28_1_4_20170117170432153.jpg,28,Female,1,Others,4,20170117170432153
26_1_2_20170116175512769.jpg,26,Female,1,Asian,2,20170116175512769
32_0_0_20170117121634502.jpg,32,Male,0,White,0,20170117121634502
9_0_0_20170110223425782.jpg,9,Male,0,White,0,20170110223425782
26_1_3_20170119192405417.jpg,26,Female,1,Indian,3,20170119192405417
44_1_0_20170116222639625.jpg,44,Female,1,White,0,20170116222639625
52_0_1_20170111200619762.jpg,52,Male,0,Black,1,20170111200619762
36_0_0_20170117183231302.jpg,36,Male,0,White,0,20170117183231302
34_1_0_20170105164257004.jpg,34,Female,1,White,0,20170105164257004
26_1_0_20170116233751506.jpg,26,Female,1,White,0,20170116233751506
58_0_1_20170111170138036.jpg,58,Male,0,Black,1,20170111170138036
13_1_0_20170109214402325.jpg,13,Female,1,White,0,20170109214402325
21_1_0_20170109214656355.jpg,21,Female,1,White,0,20170109214656355
30_1_2_20170116164657011.jpg,30,Female,1,Asian,2,20170116164657011
45_0_2_20170112205737971.jpg,45,Male,0,Asian,2,20170112205737971
40_0_0_20170117134704557.jpg,40,Male,0,White,0,20170117134704557
26_1_3_20170117154510952.jpg,26,Female,1,Indian,3,20170117154510952
1_0_4_20170103210958819.jpg,1,Male,0,Others,4,20170103210958819
6_0_3_20161220145409927.jpg,6,Male,0,Indian,3,20161220145409927
60_1_0_20170110143449132.jpg,60,Female,1,White,0,20170110143449132
32_1_0_20170116220856474.jpg,32,Female,1,White,0,20170116220856474
57_0_0_20170117191706202.jpg,57,Male,0,White,0,20170117191706202
24_1_3_20161220221647314.jpg,24,Female,1,Indian,3,20161220221647314
56_1_0_20170113182536919.jpg,56,Female,1,White,0,20170113182536919
29_1_3_20170119195529348.jpg,29,Female,1,Indian,3,20170119195529348
36_1_0_20170105163423874.jpg,36,Female,1,White,0,20170105163423874
44_0_1_20170113185004294.jpg,44,Male,0,Black,1,20170113185004294
24_1_2_20170116173417614.jpg,24,Female,1,Asian,2,20170116173417614
54_0_1_20170117191441764.jpg,54,Male,0,Black,1,20170117191441764
25_0_3_20170119171224184.jpg,25,Male,0,Indian,3,20170119171224184
36_0_0_20170117135559253.jpg,36,Male,0,White,0,20170117135559253
31_1_0_20170117181604195.jpg,31,Female,1,White,0,20170117181604195
22_1_3_20170104222553543.jpg,22,Female,1,Indian,3,20170104222553543
4_0_0_20170109192342033.jpg,4,Male,0,White,0,20170109192342033
5_0_2_20161219222232487.jpg,5,Male,0,Asian,2,20161219222232487
26_0_3_20170119180536092.jpg,26,Male,0,Indian,3,20170119180536092
30_0_3_20170119155845146.jpg,30,Male,0,Indian,3,20170119155845146
32_1_2_20170116164214489.jpg,32,Female,1,Asian,2,20170116164214489
38_0_1_20170117012906285.jpg,38,Male,0,Black,1,20170117012906285
86_1_0_20170109150945088.jpg,86,Female,1,White,0,20170109150945088
50_0_0_20170117160626703.jpg,50,Male,0,White,0,20170117160626703
24_1_1_20170113003543637.jpg,24,Female,1,Black,1,20170113003543637
24_1_0_20170117194528243.jpg,24,Female,1,White,0,20170117194528243
24_1_0_20170111182452767.jpg,24,Female,1,White,0,20170111182452767
29_1_1_20170116162458302.jpg,29,Female,1,Black,1,20170116162458302
56_0_0_20170111202842202.jpg,56,Male,0,White,0,20170111202842202
3_0_1_20170110213755346.jpg,3,Male,0,Black,1,20170110213755346
30_1_3_20170117181356814.jpg,30,Female,1,Indian,3,20170117181356814
60_1_0_20170120221739950.jpg,60,Female,1,White,0,20170120221739950
1_0_2_20161219142306002.jpg,1,Male,0,Asian,2,20161219142306002
51_0_0_20170120222842138.jpg,51,Male,0,White,0,20170120222842138
26_0_1_20170117195155997.jpg,26,Male,0,Black,1,20170117195155997
63_0_0_20170105180928702.jpg,63,Male,0,White,0,20170105180928702
1_1_0_20170109192728714.jpg,1,Female,1,White,0,20170109192728714
32_1_3_20170104235603636.jpg,32,Female,1,Indian,3,20170104235603636
26_1_0_20170116180349689.jpg,26,Female,1,White,0,20170116180349689
24_0_0_20170117150104363.jpg,24,Male,0,White,0,20170117150104363
27_1_0_20170103181541352.jpg,27,Female,1,White,0,20170103181541352
50_1_1_20170117001143232.jpg,50,Female,1,Black,1,20170117001143232
34_0_1_20170113151838664.jpg,34,Male,0,Black,1,20170113151838664
26_1_2_20170116180305369.jpg,26,Female,1,Asian,2,20170116180305369
85_1_2_20170110183010789.jpg,85,Female,1,Asian,2,20170110183010789
80_0_0_20170117172958840.jpg,80,Male,0,White,0,20170117172958840
20_0_4_20170103234731301.jpg,20,Male,0,Others,4,20170103234731301
35_0_4_20170117194209748.jpg,35,Male,0,Others,4,20170117194209748
3_1_2_20161219155421253.jpg,3,Female,1,Asian,2,20161219155421253
45_0_0_20170117155740145.jpg,45,Male,0,White,0,20170117155740145
34_0_0_20170117182749686.jpg,34,Male,0,White,0,20170117182749686
22_1_2_20170116172707989.jpg,22,Female,1,Asian,2,20170116172707989
26_1_0_20170117144831027.jpg,26,Female,1,White,0,20170117144831027
35_0_2_20170117191008778.jpg,35,Male,0,Asian,2,20170117191008778
24_1_2_20170116170015633.jpg,24,Female,1,Asian,2,20170116170015633
26_0_0_20170117171932498.jpg,26,Male,0,White,0,20170117171932498
29_1_3_20170103214234261.jpg,29,Female,1,Indian,3,20170103214234261
65_0_0_20170117162848739.jpg,65,Male,0,White,0,20170117162848739
31_1_1_20170116173814201.jpg,31,Female,1,Black,1,20170116173814201
39_1_0_20170109012128721.jpg,39,Female,1,White,0,20170109012128721
3_1_0_20170109192805549.jpg,3,Female,1,White,0,20170109192805549
10_1_0_20170109202251032.jpg,10,Female,1,White,0,20170109202251032
53_1_0_20170110122404436.jpg,53,Female,1,White,0,20170110122404436
73_0_1_20170117194956074.jpg,73,Male,0,Black,1,20170117194956074
1_0_1_20170110213111809.jpg,1,Male,0,Black,1,20170110213111809
26_0_3_20170117153142796.jpg,26,Male,0,Indian,3,20170117153142796
22_1_3_20170119152638326.jpg,22,Female,1,Indian,3,20170119152638326
51_1_0_20170109132703508.jpg,51,Female,1,White,0,20170109132703508
40_1_3_20170117151929587.jpg,40,Female,1,Indian,3,20170117151929587
30_1_3_20170119144121804.jpg,30,Female,1,Indian,3,20170119144121804
26_1_1_20170116165630173.jpg,26,Female,1,Black,1,20170116165630173
105_1_0_20170112213001988.jpg,105,Female,1,White,0,20170112213001988
55_1_0_20170109220443515.jpg,55,Female,1,White,0,20170109220443515
24_1_0_20170117145637012.jpg,24,Female,1,White,0,20170117145637012
52_1_0_20170110153711933.jpg,52,Female,1,White,0,20170110153711933
26_1_3_20170119192844345.jpg,26,Female,1,Indian,3,20170119192844345
35_0_0_20170104210200460.jpg,35,Male,0,White,0,20170104210200460
26_0_1_20170116193350792.jpg,26,Male,0,Black,1,20170116193350792
12_0_2_20170105000510274.jpg,12,Male,0,Asian,2,20170105000510274
30_1_1_20170112210348446.jpg,30,Female,1,Black,1,20170112210348446
2_1_2_20161219203838084.jpg,2,Female,1,Asian,2,20161219203838084
65_0_0_20170117191819572.jpg,65,Male,0,White,0,20170117191819572
55_0_3_20170119201015604.jpg,55,Male,0,Indian,3,20170119201015604
25_0_0_20170117193011274.jpg,25,Male,0,White,0,20170117193011274
27_1_1_20170113000852746.jpg,27,Female,1,Black,1,20170113000852746
26_1_2_20170104020149844.jpg,26,Female,1,Asian,2,20170104020149844
55_0_1_20170117180249950.jpg,55,Male,0,Black,1,20170117180249950
29_0_0_20170117122015236.jpg,29,Male,0,White,0,20170117122015236
27_1_2_20161219204245668.jpg,27,Female,1,Asian,2,20161219204245668
57_0_0_20170111203811339.jpg,57,Male,0,White,0,20170111203811339
30_1_2_20170116170703197.jpg,30,Female,1,Asian,2,20170116170703197
26_1_3_20170119180229629.jpg,26,Female,1,Indian,3,20170119180229629
4_0_3_20170119150403983.jpg,4,Male,0,Indian,3,20170119150403983
2_1_4_20161221202436617.jpg,2,Female,1,Others,4,20161221202436617
26_0_3_20170119183729879.jpg,26,Male,0,Indian,3,20170119183729879
30_1_2_20170116162634192.jpg,30,Female,1,Asian,2,20170116162634192
24_0_2_20170116165033311.jpg,24,Male,0,Asian,2,20170116165033311
42_1_0_20170117121915102.jpg,42,Female,1,White,0,20170117121915102
90_0_2_20170112224517852.jpg,90,Male,0,Asian,2,20170112224517852
51_0_3_20170119205627558.jpg,51,Male,0,Indian,3,20170119205627558
26_1_1_20170116164358291.jpg,26,Female,1,Black,1,20170116164358291
9_0_0_20170110220700428.jpg,9,Male,0,White,0,20170110220700428
24_1_3_20170117150528724.jpg,24,Female,1,Indian,3,20170117150528724
35_0_4_20170117153255579.jpg,35,Male,0,Others,4,20170117153255579
32_0_2_20170116180704767.jpg,32,Male,0,Asian,2,20170116180704767
35_1_1_20170117154027218.jpg,35,Female,1,Black,1,20170117154027218
45_1_3_20170119171447928.jpg,45,Female,1,Indian,3,20170119171447928
53_0_1_20170117181950281.jpg,53,Male,0,Black,1,20170117181950281
24_1_0_20170103163129280.jpg,24,Female,1,White,0,20170103163129280
3_0_0_20170110213628669.jpg,3,Male,0,White,0,20170110213628669
30_1_0_20170117000354691.jpg,30,Female,1,White,0,20170117000354691
3_1_2_20161219141659416.jpg,3,Female,1,Asian,2,20161219141659416
35_1_1_20170113001239705.jpg,35,Female,1,Black,1,20170113001239705
40_0_0_20170104170254385.jpg,40,Male,0,White,0,20170104170254385
28_1_2_20170116190129400.jpg,28,Female,1,Asian,2,20170116190129400
55_0_0_20170117191627092.jpg,55,Male,0,White,0,20170117191627092
115_1_1_20170112213257263.jpg,115,Female,1,Black,1,20170112213257263
26_1_3_20170104232413655.jpg,26,Female,1,Indian,3,20170104232413655
24_1_3_20170119164644510.jpg,24,Female,1,Indian,3,20170119164644510
34_0_2_20170116193015006.jpg,34,Male,0,Asian,2,20170116193015006
35_1_3_20170117183037421.jpg,35,Female,1,Indian,3,20170117183037421
40_1_2_20170116162621368.jpg,40,Female,1,Asian,2,20170116162621368
23_0_1_20170114033532450.jpg,23,Male,0,Black,1,20170114033532450
1_1_1_20170109190848182.jpg,1,Female,1,Black,1,20170109190848182
28_1_2_20170116162607800.jpg,28,Female,1,Asian,2,20170116162607800
29_0_2_20170116182206717.jpg,29,Male,0,Asian,2,20170116182206717
1_0_2_20161219155413397.jpg,1,Male,0,Asian,2,20161219155413397
31_1_1_20170112211518637.jpg,31,Female,1,Black,1,20170112211518637
50_1_0_20170116235501107.jpg,50,Female,1,White,0,20170116235501107
68_0_0_20170111204848471.jpg,68,Male,0,White,0,20170111204848471
34_0_2_20170116193324984.jpg,34,Male,0,Asian,2,20170116193324984
14_0_0_20170110224516539.jpg,14,Male,0,White,0,20170110224516539
12_1_0_20170109204431716.jpg,12,Female,1,White,0,20170109204431716
38_0_2_20170119193322618.jpg,38,Male,0,Asian,2,20170119193322618
85_1_0_20170110183057797.jpg,85,Female,1,White,0,20170110183057797
26_1_1_20170116223115624.jpg,26,Female,1,Black,1,20170116223115624
65_0_0_20170111210257547.jpg,65,Male,0,White,0,20170111210257547
22_1_2_20170116165023471.jpg,22,Female,1,Asian,2,20170116165023471
57_1_0_20170109220740803.jpg,57,Female,1,White,0,20170109220740803
52_0_3_20170119205717649.jpg,52,Male,0,Indian,3,20170119205717649
34_1_2_20170104172537171.jpg,34,Female,1,Asian,2,20170104172537171
35_0_1_20170116030207320.jpg,35,Male,0,Black,1,20170116030207320
30_1_0_20170117131022202.jpg,30,Female,1,White,0,20170117131022202
39_0_0_20170104204347174.jpg,39,Male,0,White,0,20170104204347174
52_0_0_20170117161010863.jpg,52,Male,0,White,0,20170117161010863
54_0_3_20170119210220552.jpg,54,Male,0,Indian,3,20170119210220552
27_1_1_20170117014022812.jpg,27,Female,1,Black,1,20170117014022812
26_0_1_20170113154704138.jpg,26,Male,0,Black,1,20170113154704138
30_1_2_20170117091935370.jpg,30,Female,1,Asian,2,20170117091935370
26_1_1_20170117153641469.jpg,26,Female,1,Black,1,20170117153641469
73_1_0_20170110140448378.jpg,73,Female,1,White,0,20170110140448378
47_0_0_20170113184617953.jpg,47,Male,0,White,0,20170113184617953
24_1_2_20170105184025097.jpg,24,Female,1,Asian,2,20170105184025097
4_0_2_20161219194148499.jpg,4,Male,0,Asian,2,20161219194148499
47_1_0_20170119205252879.jpg,47,Female,1,White,0,20170119205252879
24_0_2_20170116170804180.jpg,24,Male,0,Asian,2,20170116170804180
2_1_2_20161219160809142.jpg,2,Female,1,Asian,2,20161219160809142
34_1_0_20170116172016963.jpg,34,Female,1,White,0,20170116172016963
43_1_3_20170119195521961.jpg,43,Female,1,Indian,3,20170119195521961
1_1_0_20170109193018259.jpg,1,Female,1,White,0,20170109193018259
23_1_0_20170103233631243.jpg,23,Female,1,White,0,20170103233631243
27_0_0_20170114033204410.jpg,27,Male,0,White,0,20170114033204410
32_0_2_20170104192811687.jpg,32,Male,0,Asian,2,20170104192811687
10_1_0_20170109204502951.jpg,10,Female,1,White,0,20170109204502951
26_1_1_20170116231226803.jpg,26,Female,1,Black,1,20170116231226803
2_1_4_20161221195444552.jpg,2,Female,1,Others,4,20161221195444552
62_1_0_20170110141039449.jpg,62,Female,1,White,0,20170110141039449
39_1_2_20170116164304221.jpg,39,Female,1,Asian,2,20170116164304221
26_0_1_20170116235506865.jpg,26,Male,0,Black,1,20170116235506865
30_1_0_20170117143902329.jpg,30,Female,1,White,0,20170117143902329
40_0_0_20170104174309067.jpg,40,Male,0,White,0,20170104174309067
29_0_0_20170117180855986.jpg,29,Male,0,White,0,20170117180855986
71_1_1_20170117194632791.jpg,71,Female,1,Black,1,20170117194632791
2_1_2_20161219162336446.jpg,2,Female,1,Asian,2,20161219162336446
31_0_2_20170104021231011.jpg,31,Male,0,Asian,2,20170104021231011
39_0_1_20170116011220421.jpg,39,Male,0,Black,1,20170116011220421
40_1_0_20170112233604223.jpg,40,Female,1,White,0,20170112233604223
32_0_0_20170116201315769.jpg,32,Male,0,White,0,20170116201315769
74_0_0_20170120224009436.jpg,74,Male,0,White,0,20170120224009436
36_1_1_20170117183237374.jpg,36,Female,1,Black,1,20170117183237374
45_0_0_20170120220710500.jpg,45,Male,0,White,0,20170120220710500
65_0_3_20170119205855505.jpg,65,Male,0,Indian,3,20170119205855505
26_1_3_20170117174259928.jpg,26,Female,1,Indian,3,20170117174259928
46_0_0_20170104205340845.jpg,46,Male,0,White,0,20170104205340845
28_0_0_20170117180135357.jpg,28,Male,0,White,0,20170117180135357
53_0_0_20170117161105279.jpg,53,Male,0,White,0,20170117161105279
34_1_4_20170103230336761.jpg,34,Female,1,Others,4,20170103230336761
26_1_2_20170116184313292.jpg,26,Female,1,Asian,2,20170116184313292
40_1_0_20170104205021796.jpg,40,Female,1,White,0,20170104205021796
30_1_1_20170112210336469.jpg,30,Female,1,Black,1,20170112210336469
14_0_0_20170104013338922.jpg,14,Male,0,White,0,20170104013338922
28_1_2_20170116164200987.jpg,28,Female,1,Asian,2,20170116164200987
84_1_4_20170105001517613.jpg,84,Female,1,Others,4,20170105001517613
45_0_3_20170119201940309.jpg,45,Male,0,Indian,3,20170119201940309
4_1_2_20161219141811089.jpg,4,Female,1,Asian,2,20161219141811089
40_0_0_20170116211616639.jpg,40,Male,0,White,0,20170116211616639
33_0_3_20170117153916421.jpg,33,Male,0,Indian,3,20170117153916421
27_1_1_20170113011238888.jpg,27,Female,1,Black,1,20170113011238888
36_1_4_20170112234015846.jpg,36,Female,1,Others,4,20170112234015846
52_1_1_20170110153724776.jpg,52,Female,1,Black,1,20170110153724776
58_0_1_20170113190654777.jpg,58,Male,0,Black,1,20170113190654777
7_1_4_20161221202624721.jpg,7,Female,1,Others,4,20161221202624721
90_0_1_20170113184758168.jpg,90,Male,0,Black,1,20170113184758168
23_0_4_20170117194059597.jpg,23,Male,0,Others,4,20170117194059597
49_0_3_20170104220818198.jpg,49,Male,0,Indian,3,20170104220818198
35_1_0_20170117183012966.jpg,35,Female,1,White,0,20170117183012966
61_1_0_20170110122324992.jpg,61,Female,1,White,0,20170110122324992
35_1_3_20170104220136126.jpg,35,Female,1,Indian,3,20170104220136126
15_1_0_20170116201351655.jpg,15,Female,1,White,0,20170116201351655
32_0_2_20170116164447916.jpg,32,Male,0,Asian,2,20170116164447916
29_1_2_20170116161428854.jpg,29,Female,1,Asian,2,20170116161428854
1_1_4_20170103210113314.jpg,1,Female,1,Others,4,20170103210113314
27_0_1_20170117120450912.jpg,27,Male,0,Black,1,20170117120450912
57_0_1_20170117171247961.jpg,57,Male,0,Black,1,20170117171247961
27_1_2_20170116162537496.jpg,27,Female,1,Asian,2,20170116162537496
21_1_2_20170116165009080.jpg,21,Female,1,Asian,2,20170116165009080
26_1_2_20170116184528621.jpg,26,Female,1,Asian,2,20170116184528621
1_0_0_20161219205141196.jpg,1,Male,0,White,0,20161219205141196
2_1_0_20170110213155874.jpg,2,Female,1,White,0,20170110213155874
42_1_1_20170116153229826.jpg,42,Female,1,Black,1,20170116153229826
1_0_4_20170103202356872.jpg,1,Male,0,Others,4,20170103202356872
24_1_2_20170116173421517.jpg,24,Female,1,Asian,2,20170116173421517
25_1_3_20170117185558985.jpg,25,Female,1,Indian,3,20170117185558985
29_1_0_20170116180417150.jpg,29,Female,1,White,0,20170116180417150
16_0_0_20170110232142982.jpg,16,Male,0,White,0,20170110232142982
56_0_1_20170113184540735.jpg,56,Male,0,Black,1,20170113184540735
37_0_3_20170119202313708.jpg,37,Male,0,Indian,3,20170119202313708
75_1_0_20170110131723117.jpg,75,Female,1,White,0,20170110131723117
86_1_0_20170110183800477.jpg,86,Female,1,White,0,20170110183800477
70_0_0_20170117160051432.jpg,70,Male,0,White,0,20170117160051432
1_0_3_20161220222459155.jpg,1,Male,0,Indian,3,20161220222459155
35_1_1_20170112211404045.jpg,35,Female,1,Black,1,20170112211404045
18_1_1_20170109214355606.jpg,18,Female,1,Black,1,20170109214355606
62_0_2_20170112205718780.jpg,62,Male,0,Asian,2,20170112205718780
40_1_0_20170117181413925.jpg,40,Female,1,White,0,20170117181413925
15_0_0_20170105183251055.jpg,15,Male,0,White,0,20170105183251055
9_0_0_20170110215516060.jpg,9,Male,0,White,0,20170110215516060
40_1_3_20170119204008588.jpg,40,Female,1,Indian,3,20170119204008588
52_0_0_20170104212238236.jpg,52,Male,0,White,0,20170104212238236
27_0_1_20170113155126130.jpg,27,Male,0,Black,1,20170113155126130
26_0_0_20170113135451673.jpg,26,Male,0,White,0,20170113135451673
17_1_2_20161219190706307.jpg,17,Female,1,Asian,2,20161219190706307
25_1_2_20170104200556817.jpg,25,Female,1,Asian,2,20170104200556817
85_1_0_20170120225757530.jpg,85,Female,1,White,0,20170120225757530
62_0_1_20170120221526053.jpg,62,Male,0,Black,1,20170120221526053
47_0_1_20170113184219303.jpg,47,Male,0,Black,1,20170113184219303
9_0_0_20170110220151722.jpg,9,Male,0,White,0,20170110220151722
27_0_0_20170104231544105.jpg,27,Male,0,White,0,20170104231544105
28_0_4_20170109002937845.jpg,28,Male,0,Others,4,20170109002937845
30_0_1_20170112215013928.jpg,30,Male,0,Black,1,20170112215013928
27_0_1_20170117010723234.jpg,27,Male,0,Black,1,20170117010723234
57_0_0_20170105173211517.jpg,57,Male,0,White,0,20170105173211517
2_1_2_20161219160232453.jpg,2,Female,1,Asian,2,20161219160232453
87_1_1_20170116161703647.jpg,87,Female,1,Black,1,20170116161703647
46_0_0_20170117172149820.jpg,46,Male,0,White,0,20170117172149820
21_0_3_20170119150216454.jpg,21,Male,0,Indian,3,20170119150216454
55_0_3_20170119181109749.jpg,55,Male,0,Indian,3,20170119181109749
54_1_1_20170112222302265.jpg,54,Female,1,Black,1,20170112222302265
54_0_3_20170119210003773.jpg,54,Male,0,Indian,3,20170119210003773
26_0_2_20170116182629321.jpg,26,Male,0,Asian,2,20170116182629321
26_0_1_20170113135304305.jpg,26,Male,0,Black,1,20170113135304305
28_0_4_20170113150805663.jpg,28,Male,0,Others,4,20170113150805663
23_1_3_20170117144834977.jpg,23,Female,1,Indian,3,20170117144834977
22_1_3_20170119162924172.jpg,22,Female,1,Indian,3,20170119162924172
23_0_1_20170117144346825.jpg,23,Male,0,Black,1,20170117144346825
61_0_1_20170113185412103.jpg,61,Male,0,Black,1,20170113185412103
50_0_0_20170117182857325.jpg,50,Male,0,White,0,20170117182857325
30_0_0_20170117120219701.jpg,30,Male,0,White,0,20170117120219701
38_1_3_20170119163208659.jpg,38,Female,1,Indian,3,20170119163208659
32_1_1_20170116170930529.jpg,32,Female,1,Black,1,20170116170930529
21_1_0_20170116234657499.jpg,21,Female,1,White,0,20170116234657499
24_1_1_20170112231819332.jpg,24,Female,1,Black,1,20170112231819332
1_0_2_20161219203156557.jpg,1,Male,0,Asian,2,20161219203156557
20_1_2_20170104020739364.jpg,20,Female,1,Asian,2,20170104020739364
38_0_1_20170105183954127.jpg,38,Male,0,Black,1,20170105183954127
1_0_2_20161219162118102.jpg,1,Male,0,Asian,2,20161219162118102
76_0_0_20170111201015692.jpg,76,Male,0,White,0,20170111201015692
75_0_2_20170112224221075.jpg,75,Male,0,Asian,2,20170112224221075
27_0_1_20170113142300658.jpg,27,Male,0,Black,1,20170113142300658
2_0_0_20170104011011896.jpg,2,Male,0,White,0,20170104011011896
26_0_2_20170104022441117.jpg,26,Male,0,Asian,2,20170104022441117
65_0_0_20170111201922080.jpg,65,Male,0,White,0,20170111201922080
36_0_0_20170117135436708.jpg,36,Male,0,White,0,20170117135436708
42_0_2_20170112192934683.jpg,42,Male,0,Asian,2,20170112192934683
72_1_0_20170110152914413.jpg,72,Female,1,White,0,20170110152914413
1_0_2_20161219203724580.jpg,1,Male,0,Asian,2,20161219203724580
32_0_1_20170113135300458.jpg,32,Male,0,Black,1,20170113135300458
26_0_3_20170117154224766.jpg,26,Male,0,Indian,3,20170117154224766
60_1_0_20170110140637026.jpg,60,Female,1,White,0,20170110140637026
26_0_1_20170116182256853.jpg,26,Male,0,Black,1,20170116182256853
28_0_2_20170116191850216.jpg,28,Male,0,Asian,2,20170116191850216
35_1_0_20170117171423779.jpg,35,Female,1,White,0,20170117171423779
60_1_0_20170110152939871.jpg,60,Female,1,White,0,20170110152939871
52_0_3_20170104220727902.jpg,52,Male,0,Indian,3,20170104220727902
35_0_4_20170117153804765.jpg,35,Male,0,Others,4,20170117153804765
42_0_0_20170105161358787.jpg,42,Male,0,White,0,20170105161358787
65_1_0_20170117092234692.jpg,65,Female,1,White,0,20170117092234692
30_0_2_20170116163429712.jpg,30,Male,0,Asian,2,20170116163429712
73_0_0_20170120230233019.jpg,73,Male,0,White,0,20170120230233019
26_0_1_20170113155022867.jpg,26,Male,0,Black,1,20170113155022867
16_0_0_20170110225715009.jpg,16,Male,0,White,0,20170110225715009
32_1_1_20170117183639941.jpg,32,Female,1,Black,1,20170117183639941
1_0_2_20161219221919847.jpg,1,Male,0,Asian,2,20161219221919847
36_1_1_20170117171355933.jpg,36,Female,1,Black,1,20170117171355933
13_1_0_20170109205119953.jpg,13,Female,1,White,0,20170109205119953
25_1_0_20170116223812242.jpg,25,Female,1,White,0,20170116223812242
24_1_0_20170116214532199.jpg,24,Female,1,White,0,20170116214532199
68_0_1_20170111204337366.jpg,68,Male,0,Black,1,20170111204337366
22_1_1_20170112233707846.jpg,22,Female,1,Black,1,20170112233707846
36_0_3_20170109140426932.jpg,36,Male,0,Indian,3,20170109140426932
7_1_0_20170109205100937.jpg,7,Female,1,White,0,20170109205100937
24_0_1_20170113150729383.jpg,24,Male,0,Black,1,20170113150729383
55_0_3_20170119205511952.jpg,55,Male,0,Indian,3,20170119205511952
84_0_1_20170117192953555.jpg,84,Male,0,Black,1,20170117192953555
27_0_1_20170113133630265.jpg,27,Male,0,Black,1,20170113133630265
30_1_3_20170117132700450.jpg,30,Female,1,Indian,3,20170117132700450
56_1_0_20170110125239994.jpg,56,Female,1,White,0,20170110125239994
30_0_4_20170117125946865.jpg,30,Male,0,Others,4,20170117125946865
54_0_0_20170113142429138.jpg,54,Male,0,White,0,20170113142429138
38_1_1_20170112231516417.jpg,38,Female,1,Black,1,20170112231516417
23_1_1_20170112203943260.jpg,23,Female,1,Black,1,20170112203943260
18_1_3_20170109212742369.jpg,18,Female,1,Indian,3,20170109212742369
28_1_4_20170117202452072.jpg,28,Female,1,Others,4,20170117202452072
14_0_2_20170103201038791.jpg,14,Male,0,Asian,2,20170103201038791
39_1_1_20170117154243787.jpg,39,Female,1,Black,1,20170117154243787
27_0_0_20170117010049965.jpg,27,Male,0,White,0,20170117010049965
17_0_0_20170110232022621.jpg,17,Male,0,White,0,20170110232022621
2_1_4_20161221195222927.jpg,2,Female,1,Others,4,20161221195222927
45_0_3_20170119194628649.jpg,45,Male,0,Indian,3,20170119194628649
60_1_0_20170110143525297.jpg,60,Female,1,White,0,20170110143525297
65_0_1_20170116204818030.jpg,65,Male,0,Black,1,20170116204818030
73_1_0_20170110182146582.jpg,73,Female,1,White,0,20170110182146582
2_1_4_20161221193634726.jpg,2,Female,1,Others,4,20161221193634726
24_0_0_20170116215529092.jpg,24,Male,0,White,0,20170116215529092
25_1_0_20170116165420657.jpg,25,Female,1,White,0,20170116165420657
1_0_0_20170109194350047.jpg,1,Male,0,White,0,20170109194350047
2_0_3_20161219225228376.jpg,2,Male,0,Indian,3,20161219225228376
1_0_2_20161219140952943.jpg,1,Male,0,Asian,2,20161219140952943
61_1_1_20170117173441980.jpg,61,Female,1,Black,1,20170117173441980
32_0_1_20170114032927412.jpg,32,Male,0,Black,1,20170114032927412
37_0_2_20170104022325581.jpg,37,Male,0,Asian,2,20170104022325581
26_1_0_20170117094729864.jpg,26,Female,1,White,0,20170117094729864
29_1_0_20170117130603900.jpg,29,Female,1,White,0,20170117130603900
48_0_0_20170117131143074.jpg,48,Male,0,White,0,20170117131143074
8_1_4_20170103210016155.jpg,8,Female,1,Others,4,20170103210016155
45_0_3_20170119203950879.jpg,45,Male,0,Indian,3,20170119203950879
70_0_3_20170117191256001.jpg,70,Male,0,Indian,3,20170117191256001
38_0_0_20170117153718428.jpg,38,Male,0,White,0,20170117153718428
25_0_3_20170117140644345.jpg,25,Male,0,Indian,3,20170117140644345
35_0_2_20170116172921158.jpg,35,Male,0,Asian,2,20170116172921158
44_0_3_20170119200725971.jpg,44,Male,0,Indian,3,20170119200725971
21_0_1_20170117142001073.jpg,21,Male,0,Black,1,20170117142001073
37_0_1_20170117192109027.jpg,37,Male,0,Black,1,20170117192109027
69_1_0_20170110153425759.jpg,69,Female,1,White,0,20170110153425759
32_1_2_20170116184058376.jpg,32,Female,1,Asian,2,20170116184058376
41_1_0_20170117185511874.jpg,41,Female,1,White,0,20170117185511874
32_1_0_20170109141918401.jpg,32,Female,1,White,0,20170109141918401
28_0_0_20170113210127309.jpg,28,Male,0,White,0,20170113210127309
23_0_0_20170117144622811.jpg,23,Male,0,White,0,20170117144622811
85_1_0_20170110183801752.jpg,85,Female,1,White,0,20170110183801752
30_1_0_20170117171117386.jpg,30,Female,1,White,0,20170117171117386
1_1_4_20161221202046857.jpg,1,Female,1,Others,4,20161221202046857
40_1_2_20170116191614819.jpg,40,Female,1,Asian,2,20170116191614819
31_1_3_20170104220156327.jpg,31,Female,1,Indian,3,20170104220156327
50_1_0_20170117143959322.jpg,50,Female,1,White,0,20170117143959322
78_0_2_20170112224456107.jpg,78,Male,0,Asian,2,20170112224456107
25_0_0_20170117192134028.jpg,25,Male,0,White,0,20170117192134028
1_0_4_20161221202006449.jpg,1,Male,0,Others,4,20161221202006449
35_0_0_20170120220510131.jpg,35,Male,0,White,0,20170120220510131
30_1_2_20170117141055697.jpg,30,Female,1,Asian,2,20170117141055697
13_0_0_20170103200856687.jpg,13,Male,0,White,0,20170103200856687
21_0_1_20170114032109958.jpg,21,Male,0,Black,1,20170114032109958
1_1_2_20161219210324181.jpg,1,Female,1,Asian,2,20161219210324181
56_0_3_20170119211644664.jpg,56,Male,0,Indian,3,20170119211644664
29_1_3_20170109134027563.jpg,29,Female,1,Indian,3,20170109134027563
25_1_3_20170119172048666.jpg,25,Female,1,Indian,3,20170119172048666
20_1_3_20170119180826861.jpg,20,Female,1,Indian,3,20170119180826861
2_0_2_20161219141143184.jpg,2,Male,0,Asian,2,20161219141143184
27_0_0_20170119193202931.jpg,27,Male,0,White,0,20170119193202931
35_0_0_20170120221059452.jpg,35,Male,0,White,0,20170120221059452
26_1_3_20170104232408872.jpg,26,Female,1,Indian,3,20170104232408872
23_0_4_20170117144105491.jpg,23,Male,0,Others,4,20170117144105491
31_1_1_20170117005813452.jpg,31,Female,1,Black,1,20170117005813452
28_0_3_20170119211528073.jpg,28,Male,0,Indian,3,20170119211528073
59_0_0_20170104212718142.jpg,59,Male,0,White,0,20170104212718142
36_0_3_20170119191949649.jpg,36,Male,0,Indian,3,20170119191949649
55_0_3_20170119171706159.jpg,55,Male,0,Indian,3,20170119171706159
50_0_0_20170117154624362.jpg,50,Male,0,White,0,20170117154624362
35_0_0_20170117191345092.jpg,35,Male,0,White,0,20170117191345092
30_1_0_20170103182254417.jpg,30,Female,1,White,0,20170103182254417
25_1_4_20170117150958739.jpg,25,Female,1,Others,4,20170117150958739
61_1_3_20170119211928409.jpg,61,Female,1,Indian,3,20170119211928409
28_1_2_20170117142716618.jpg,28,Female,1,Asian,2,20170117142716618
26_1_3_20170104232518026.jpg,26,Female,1,Indian,3,20170104232518026
67_0_0_20170120230048298.jpg,67,Male,0,White,0,20170120230048298
42_1_4_20170119204514367.jpg,42,Female,1,Others,4,20170119204514367
67_1_3_20170109132529672.jpg,67,Female,1,Indian,3,20170109132529672
1_1_2_20161219221237927.jpg,1,Female,1,Asian,2,20161219221237927
32_1_3_20170104223515310.jpg,32,Female,1,Indian,3,20170104223515310
29_1_0_20170120140336809.jpg,29,Female,1,White,0,20170120140336809
70_0_3_20170119205313583.jpg,70,Male,0,Indian,3,20170119205313583
67_0_3_20170105175613302.jpg,67,Male,0,Indian,3,20170105175613302
70_0_0_20170105173625820.jpg,70,Male,0,White,0,20170105173625820
26_1_0_20170105002839534.jpg,26,Female,1,White,0,20170105002839534
47_0_0_20170109012806452.jpg,47,Male,0,White,0,20170109012806452
38_1_0_20170117154128620.jpg,38,Female,1,White,0,20170117154128620
1_1_2_20161219192240930.jpg,1,Female,1,Asian,2,20161219192240930
44_0_3_20170119195216221.jpg,44,Male,0,Indian,3,20170119195216221
35_0_3_20170117134205757.jpg,35,Male,0,Indian,3,20170117134205757
26_1_2_20170116161912952.jpg,26,Female,1,Asian,2,20170116161912952
33_1_3_20170119164429486.jpg,33,Female,1,Indian,3,20170119164429486
49_0_3_20170117130532515.jpg,49,Male,0,Indian,3,20170117130532515
5_1_0_20170109194058911.jpg,5,Female,1,White,0,20170109194058911
75_1_0_20170110181540242.jpg,75,Female,1,White,0,20170110181540242
6_1_0_20170109201806817.jpg,6,Female,1,White,0,20170109201806817
1_0_3_20161220142921293.jpg,1,Male,0,Indian,3,20161220142921293
28_0_3_20170119194806419.jpg,28,Male,0,Indian,3,20170119194806419
2_0_0_20170110213051007.jpg,2,Male,0,White,0,20170110213051007
20_1_4_20170103223401848.jpg,20,Female,1,Others,4,20170103223401848
39_0_0_20170116224915569.jpg,39,Male,0,White,0,20170116224915569
51_1_3_20170105001344652.jpg,51,Female,1,Indian,3,20170105001344652
26_1_1_20170116171823756.jpg,26,Female,1,Black,1,20170116171823756
25_1_0_20170117182558966.jpg,25,Female,1,White,0,20170117182558966
59_0_0_20170116221951890.jpg,59,Male,0,White,0,20170116221951890
30_0_2_20170116164441153.jpg,30,Male,0,Asian,2,20170116164441153
60_1_0_20170110141826799.jpg,60,Female,1,White,0,20170110141826799
25_0_0_20170117142949572.jpg,25,Male,0,White,0,20170117142949572
43_0_0_20170103183348314.jpg,43,Male,0,White,0,20170103183348314
26_0_0_20170117091213670.jpg,26,Male,0,White,0,20170117091213670
38_1_0_20170117184900263.jpg,38,Female,1,White,0,20170117184900263
10_0_4_20170103200443015.jpg,10,Male,0,Others,4,20170103200443015
51_0_0_20170117130112885.jpg,51,Male,0,White,0,20170117130112885
16_0_0_20170110232141846.jpg,16,Male,0,White,0,20170110232141846
27_0_3_20170119193158553.jpg,27,Male,0,Indian,3,20170119193158553
23_1_2_20170116173159012.jpg,23,Female,1,Asian,2,20170116173159012
65_0_0_20170111210851993.jpg,65,Male,0,White,0,20170111210851993
30_0_0_20170119145340944.jpg,30,Male,0,White,0,20170119145340944
17_0_0_20170120133328941.jpg,17,Male,0,White,0,20170120133328941
54_0_0_20170119201455775.jpg,54,Male,0,White,0,20170119201455775
32_1_1_20170120220526706.jpg,32,Female,1,Black,1,20170120220526706
21_1_3_20170104231602346.jpg,21,Female,1,Indian,3,20170104231602346
52_0_0_20170111200958422.jpg,52,Male,0,White,0,20170111200958422
42_0_1_20170113155055273.jpg,42,Male,0,Black,1,20170113155055273
45_0_0_20170116222010006.jpg,45,Male,0,White,0,20170116222010006
26_0_2_20170104022626733.jpg,26,Male,0,Asian,2,20170104022626733
17_0_0_20170104011408904.jpg,17,Male,0,White,0,20170104011408904
29_0_0_20170116024240065.jpg,29,Male,0,White,0,20170116024240065
34_1_0_20170104233858010.jpg,34,Female,1,White,0,20170104233858010
16_1_0_20170109212446278.jpg,16,Female,1,White,0,20170109212446278
15_1_1_20170109214142778.jpg,15,Female,1,Black,1,20170109214142778
1_1_2_20161219205734821.jpg,1,Female,1,Asian,2,20161219205734821
32_1_0_20170116211831287.jpg,32,Female,1,White,0,20170116211831287
2_1_0_20170109194419285.jpg,2,Female,1,White,0,20170109194419285
40_0_3_20170117154652454.jpg,40,Male,0,Indian,3,20170117154652454
28_0_4_20170116210338902.jpg,28,Male,0,Others,4,20170116210338902
33_1_1_20170117014021084.jpg,33,Female,1,Black,1,20170117014021084
56_1_0_20170110154628271.jpg,56,Female,1,White,0,20170110154628271
35_0_0_20170117001240657.jpg,35,Male,0,White,0,20170117001240657
26_1_4_20170117154432964.jpg,26,Female,1,Others,4,20170117154432964
1_0_4_20161221195419136.jpg,1,Male,0,Others,4,20161221195419136
32_0_0_20170116192543457.jpg,32,Male,0,White,0,20170116192543457
26_0_1_20170113181829839.jpg,26,Male,0,Black,1,20170113181829839
40_1_0_20170116235736541.jpg,40,Female,1,White,0,20170116235736541
34_0_0_20170109013537513.jpg,34,Male,0,White,0,20170109013537513
38_1_0_20170117121950680.jpg,38,Female,1,White,0,20170117121950680
60_1_0_20170110124140071.jpg,60,Female,1,White,0,20170110124140071
25_1_2_20170103183748779.jpg,25,Female,1,Asian,2,20170103183748779
74_0_0_20170111203046542.jpg,74,Male,0,White,0,20170111203046542
26_0_1_20170116204840434.jpg,26,Male,0,Black,1,20170116204840434
30_0_1_20170116010659651.jpg,30,Male,0,Black,1,20170116010659651
1_1_3_20161219224458872.jpg,1,Female,1,Indian,3,20161219224458872
22_1_2_20170116172706771.jpg,22,Female,1,Asian,2,20170116172706771
27_0_0_20170117013808240.jpg,27,Male,0,White,0,20170117013808240
22_0_2_20170104021125111.jpg,22,Male,0,Asian,2,20170104021125111
26_1_1_20170116155039588.jpg,26,Female,1,Black,1,20170116155039588
6_1_0_20170109204602999.jpg,6,Female,1,White,0,20170109204602999
62_0_1_20170113173405674.jpg,62,Male,0,Black,1,20170113173405674
26_1_0_20170117152659255.jpg,26,Female,1,White,0,20170117152659255
17_1_4_20170103234135204.jpg,17,Female,1,Others,4,20170103234135204
55_0_2_20170109013414020.jpg,55,Male,0,Asian,2,20170109013414020
25_0_1_20170116002837310.jpg,25,Male,0,Black,1,20170116002837310
35_1_0_20170103182746666.jpg,35,Female,1,White,0,20170103182746666
29_0_0_20170104165027441.jpg,29,Male,0,White,0,20170104165027441
32_0_1_20170116193730638.jpg,32,Male,0,Black,1,20170116193730638
34_1_0_20170116231315257.jpg,34,Female,1,White,0,20170116231315257
18_0_0_20170117140723690.jpg,18,Male,0,White,0,20170117140723690
2_1_0_20170109194422798.jpg,2,Female,1,White,0,20170109194422798
1_0_2_20161219151123435.jpg,1,Male,0,Asian,2,20161219151123435
26_0_4_20170117195705718.jpg,26,Male,0,Others,4,20170117195705718
25_0_3_20170119171240216.jpg,25,Male,0,Indian,3,20170119171240216
47_0_0_20170104184157446.jpg,47,Male,0,White,0,20170104184157446
77_1_0_20170110125310561.jpg,77,Female,1,White,0,20170110125310561
1_0_3_20161219224939056.jpg,1,Male,0,Indian,3,20161219224939056
34_1_1_20170112213636293.jpg,34,Female,1,Black,1,20170112213636293
63_0_2_20170112224418403.jpg,63,Male,0,Asian,2,20170112224418403
22_0_1_20170113150441654.jpg,22,Male,0,Black,1,20170113150441654
35_1_1_20170116222842436.jpg,35,Female,1,Black,1,20170116222842436
22_0_1_20170114033132392.jpg,22,Male,0,Black,1,20170114033132392
52_0_1_20170113173047312.jpg,52,Male,0,Black,1,20170113173047312
43_0_0_20170104210618508.jpg,43,Male,0,White,0,20170104210618508
72_0_0_20170111195358992.jpg,72,Male,0,White,0,20170111195358992
30_0_2_20170117181254308.jpg,30,Male,0,Asian,2,20170117181254308
30_1_4_20170117143606826.jpg,30,Female,1,Others,4,20170117143606826
38_0_0_20170117184826871.jpg,38,Male,0,White,0,20170117184826871
39_0_2_20170104204728132.jpg,39,Male,0,Asian,2,20170104204728132
56_1_0_20170110122900947.jpg,56,Female,1,White,0,20170110122900947
24_1_0_20170105183611646.jpg,24,Female,1,White,0,20170105183611646
28_0_0_20170117180609562.jpg,28,Male,0,White,0,20170117180609562
32_1_0_20170117160432855.jpg,32,Female,1,White,0,20170117160432855
26_1_1_20170112213129055.jpg,26,Female,1,Black,1,20170112213129055
53_1_0_20170117161107736.jpg,53,Female,1,White,0,20170117161107736
22_1_2_20170116172619218.jpg,22,Female,1,Asian,2,20170116172619218
45_0_3_20170119171701550.jpg,45,Male,0,Indian,3,20170119171701550
37_0_2_20170116184924251.jpg,37,Male,0,Asian,2,20170116184924251
26_0_0_20170116205259187.jpg,26,Male,0,White,0,20170116205259187
45_0_1_20170117171914289.jpg,45,Male,0,Black,1,20170117171914289
43_0_0_20170117175406746.jpg,43,Male,0,White,0,20170117175406746
28_1_0_20170116222126409.jpg,28,Female,1,White,0,20170116222126409
4_0_0_20170110205414483.jpg,4,Male,0,White,0,20170110205414483
18_0_0_20170110231845000.jpg,18,Male,0,White,0,20170110231845000
27_1_0_20170103180554504.jpg,27,Female,1,White,0,20170103180554504
27_0_4_20170103235800445.jpg,27,Male,0,Others,4,20170103235800445
1_1_4_20170103210736044.jpg,1,Female,1,Others,4,20170103210736044
25_1_1_20161220222224947.jpg,25,Female,1,Black,1,20161220222224947
24_1_1_20170113011327776.jpg,24,Female,1,Black,1,20170113011327776
55_0_1_20170113184610639.jpg,55,Male,0,Black,1,20170113184610639
8_1_1_20170117170013457.jpg,8,Female,1,Black,1,20170117170013457
34_0_0_20170105183623375.jpg,34,Male,0,White,0,20170105183623375
45_0_3_20170105163539339.jpg,45,Male,0,Indian,3,20170105163539339
34_0_0_20170104173030290.jpg,34,Male,0,White,0,20170104173030290
1_1_3_20161219224753152.jpg,1,Female,1,Indian,3,20161219224753152
27_1_3_20170119194421382.jpg,27,Female,1,Indian,3,20170119194421382
1_1_3_20161220144435607.jpg,1,Female,1,Indian,3,20161220144435607
58_0_0_20170117191918155.jpg,58,Male,0,White,0,20170117191918155
30_0_0_20170117143512232.jpg,30,Male,0,White,0,20170117143512232
45_0_3_20170119202720533.jpg,45,Male,0,Indian,3,20170119202720533
40_0_2_20170113190426313.jpg,40,Male,0,Asian,2,20170113190426313
6_1_1_20161220220430595.jpg,6,Female,1,Black,1,20161220220430595
40_1_1_20170113001356402.jpg,40,Female,1,Black,1,20170113001356402
21_1_3_20170104222111271.jpg,21,Female,1,Indian,3,20170104222111271
1_1_3_20161220220541057.jpg,1,Female,1,Indian,3,20161220220541057
30_0_0_20170116220957524.jpg,30,Male,0,White,0,20170116220957524
42_0_3_20170119204431257.jpg,42,Male,0,Indian,3,20170119204431257
32_1_1_20170112220401025.jpg,32,Female,1,Black,1,20170112220401025
68_0_1_20170111195820243.jpg,68,Male,0,Black,1,20170111195820243
20_1_3_20170119153311735.jpg,20,Female,1,Indian,3,20170119153311735
33_1_4_20170117200817413.jpg,33,Female,1,Others,4,20170117200817413
35_1_2_20170116191842610.jpg,35,Female,1,Asian,2,20170116191842610
8_1_0_20170109204836782.jpg,8,Female,1,White,0,20170109204836782
54_0_3_20170119210217153.jpg,54,Male,0,Indian,3,20170119210217153
46_0_0_20170117173358796.jpg,46,Male,0,White,0,20170117173358796
14_0_2_20170104013318514.jpg,14,Male,0,Asian,2,20170104013318514
38_1_4_20170117203712774.jpg,38,Female,1,Others,4,20170117203712774
41_1_0_20170116235150272.jpg,41,Female,1,White,0,20170116235150272
36_1_0_20170117171707768.jpg,36,Female,1,White,0,20170117171707768
50_1_0_20170117174644414.jpg,50,Female,1,White,0,20170117174644414
36_0_3_20170117163531659.jpg,36,Male,0,Indian,3,20170117163531659
25_1_2_20170116175222886.jpg,25,Female,1,Asian,2,20170116175222886
14_0_3_20170117181642515.jpg,14,Male,0,Indian,3,20170117181642515
24_1_0_20170104022030117.jpg,24,Female,1,White,0,20170104022030117
65_0_3_20170117161025414.jpg,65,Male,0,Indian,3,20170117161025414
32_0_0_20170116213549300.jpg,32,Male,0,White,0,20170116213549300
26_1_2_20170116175858597.jpg,26,Female,1,Asian,2,20170116175858597
8_1_3_20161220222527146.jpg,8,Female,1,Indian,3,20161220222527146
23_1_2_20170104020318141.jpg,23,Female,1,Asian,2,20170104020318141
25_0_3_20170104230440360.jpg,25,Male,0,Indian,3,20170104230440360
26_0_0_20170116183026094.jpg,26,Male,0,White,0,20170116183026094
75_0_0_20170117174518205.jpg,75,Male,0,White,0,20170117174518205
41_1_1_20170117203858971.jpg,41,Female,1,Black,1,20170117203858971
24_1_2_20170116171607480.jpg,24,Female,1,Asian,2,20170116171607480
26_1_2_20170116175932810.jpg,26,Female,1,Asian,2,20170116175932810
26_1_4_20170116220414012.jpg,26,Female,1,Others,4,20170116220414012
26_1_1_20170112235952009.jpg,26,Female,1,Black,1,20170112235952009
8_0_3_20161220222825331.jpg,8,Male,0,Indian,3,20161220222825331
1_1_2_20161219222021335.jpg,1,Female,1,Asian,2,20161219222021335
50_0_3_20170119204709807.jpg,50,Male,0,Indian,3,20170119204709807
31_1_0_20170104172947139.jpg,31,Female,1,White,0,20170104172947139
29_1_0_20170103183239274.jpg,29,Female,1,White,0,20170103183239274
74_0_0_20170116232642012.jpg,74,Male,0,White,0,20170116232642012
23_1_2_20170116173155636.jpg,23,Female,1,Asian,2,20170116173155636
26_1_1_20170112210418412.jpg,26,Female,1,Black,1,20170112210418412
40_1_1_20170112231359349.jpg,40,Female,1,Black,1,20170112231359349
22_1_0_20170103183738666.jpg,22,Female,1,White,0,20170103183738666
30_1_0_20170117150844330.jpg,30,Female,1,White,0,20170117150844330
24_1_0_20170117150642259.jpg,24,Female,1,White,0,20170117150642259
31_1_1_20170116223000226.jpg,31,Female,1,Black,1,20170116223000226
13_0_0_20170110225428740.jpg,13,Male,0,White,0,20170110225428740
32_1_1_20170113000950242.jpg,32,Female,1,Black,1,20170113000950242
58_0_4_20170104212055205.jpg,58,Male,0,Others,4,20170104212055205
44_1_0_20170105001250091.jpg,44,Female,1,White,0,20170105001250091
45_0_3_20170119202559894.jpg,45,Male,0,Indian,3,20170119202559894
36_0_0_20170112003914754.jpg,36,Male,0,White,0,20170112003914754
51_0_0_20170117160746568.jpg,51,Male,0,White,0,20170117160746568
25_1_4_20170103234056789.jpg,25,Female,1,Others,4,20170103234056789
58_0_2_20170112222056864.jpg,58,Male,0,Asian,2,20170112222056864
4_1_4_20161223230120250.jpg,4,Female,1,Others,4,20161223230120250
3_1_0_20170109192746527.jpg,3,Female,1,White,0,20170109192746527
50_0_0_20170104210539348.jpg,50,Male,0,White,0,20170104210539348
24_1_0_20170117150731090.jpg,24,Female,1,White,0,20170117150731090
36_1_0_20170117005907450.jpg,36,Female,1,White,0,20170117005907450
37_0_3_20170119193258657.jpg,37,Male,0,Indian,3,20170119193258657
9_0_0_20170110220132059.jpg,9,Male,0,White,0,20170110220132059
28_1_2_20170116192106479.jpg,28,Female,1,Asian,2,20170116192106479
53_0_0_20170111200949284.jpg,53,Male,0,White,0,20170111200949284
56_1_0_20170120140341104.jpg,56,Female,1,White,0,20170120140341104
32_1_0_20170112204801955.jpg,32,Female,1,White,0,20170112204801955
61_0_2_20170112205734347.jpg,61,Male,0,Asian,2,20170112205734347
54_0_3_20170117171017251.jpg,54,Male,0,Indian,3,20170117171017251
6_0_0_20170116201052637.jpg,6,Male,0,White,0,20170116201052637
26_1_2_20170116163008149.jpg,26,Female,1,Asian,2,20170116163008149
32_0_4_20170103235510730.jpg,32,Male,0,Others,4,20170103235510730
26_0_2_20170112205708403.jpg,26,Male,0,Asian,2,20170112205708403
49_0_3_20170119204414414.jpg,49,Male,0,Indian,3,20170119204414414
29_1_0_20170103180724800.jpg,29,Female,1,White,0,20170103180724800
41_1_0_20170104234815241.jpg,41,Female,1,White,0,20170104234815241
56_0_3_20170119183551541.jpg,56,Male,0,Indian,3,20170119183551541
76_1_0_20170110180142396.jpg,76,Female,1,White,0,20170110180142396
26_1_3_20170119192312545.jpg,26,Female,1,Indian,3,20170119192312545
31_0_0_20170117181758364.jpg,31,Male,0,White,0,20170117181758364
43_0_3_20170119200911708.jpg,43,Male,0,Indian,3,20170119200911708
65_0_0_20170120221835349.jpg,65,Male,0,White,0,20170120221835349
3_1_4_20161223231741788.jpg,3,Female,1,Others,4,20161223231741788
27_1_0_20170116205911682.jpg,27,Female,1,White,0,20170116205911682
23_0_0_20170117144439657.jpg,23,Male,0,White,0,20170117144439657
25_0_0_20170119171142840.jpg,25,Male,0,White,0,20170119171142840
25_1_1_20170112230535427.jpg,25,Female,1,Black,1,20170112230535427
28_0_1_20170113151805863.jpg,28,Male,0,Black,1,20170113151805863
32_1_1_20170113012735154.jpg,32,Female,1,Black,1,20170113012735154
4_0_2_20161220220440489.jpg,4,Male,0,Asian,2,20161220220440489
85_0_2_20170111221734101.jpg,85,Male,0,Asian,2,20170111221734101
43_1_4_20170117174415686.jpg,43,Female,1,Others,4,20170117174415686
26_1_2_20170116180828579.jpg,26,Female,1,Asian,2,20170116180828579
31_1_1_20170117135704010.jpg,31,Female,1,Black,1,20170117135704010
26_1_1_20170112235250049.jpg,26,Female,1,Black,1,20170112235250049
45_1_0_20170117153716084.jpg,45,Female,1,White,0,20170117153716084
29_0_1_20170117180836731.jpg,29,Male,0,Black,1,20170117180836731
4_0_0_20161219204117636.jpg,4,Male,0,White,0,20161219204117636
23_0_0_20170105000754450.jpg,23,Male,0,White,0,20170105000754450
28_1_0_20170117121818523.jpg,28,Female,1,White,0,20170117121818523
69_1_0_20170110122730511.jpg,69,Female,1,White,0,20170110122730511
40_0_2_20170117154534091.jpg,40,Male,0,Asian,2,20170117154534091
70_1_3_20170109134219121.jpg,70,Female,1,Indian,3,20170109134219121
10_1_3_20170117144247699.jpg,10,Female,1,Indian,3,20170117144247699
40_1_1_20170117022327672.jpg,40,Female,1,Black,1,20170117022327672
26_1_1_20170116153816328.jpg,26,Female,1,Black,1,20170116153816328
24_1_0_20170116222405565.jpg,24,Female,1,White,0,20170116222405565
49_1_3_20170104235844116.jpg,49,Female,1,Indian,3,20170104235844116
16_1_0_20170109214013596.jpg,16,Female,1,White,0,20170109214013596
4_1_2_20161219204902988.jpg,4,Female,1,Asian,2,20161219204902988
31_1_1_20170113012335025.jpg,31,Female,1,Black,1,20170113012335025
26_1_2_20170116233134701.jpg,26,Female,1,Asian,2,20170116233134701
50_0_0_20170104211603916.jpg,50,Male,0,White,0,20170104211603916
31_1_0_20170119200057620.jpg,31,Female,1,White,0,20170119200057620
60_0_0_20170117162820707.jpg,60,Male,0,White,0,20170117162820707
56_0_0_20170116235429950.jpg,56,Male,0,White,0,20170116235429950
54_1_0_20170110124144003.jpg,54,Female,1,White,0,20170110124144003
35_0_0_20170104172415386.jpg,35,Male,0,White,0,20170104172415386
32_1_0_20170103183219410.jpg,32,Female,1,White,0,20170103183219410
11_0_4_20170103200621488.jpg,11,Male,0,Others,4,20170103200621488
26_1_1_20170116171052794.jpg,26,Female,1,Black,1,20170116171052794
62_0_1_20170113182556749.jpg,62,Male,0,Black,1,20170113182556749
52_0_1_20170113142156388.jpg,52,Male,0,Black,1,20170113142156388
28_0_1_20170113174923924.jpg,28,Male,0,Black,1,20170113174923924
60_1_0_20170110140725969.jpg,60,Female,1,White,0,20170110140725969
50_0_3_20170119205102983.jpg,50,Male,0,Indian,3,20170119205102983
80_0_0_20170111205921074.jpg,80,Male,0,White,0,20170111205921074
10_1_2_20170104005417671.jpg,10,Female,1,Asian,2,20170104005417671
1_0_2_20161219211823957.jpg,1,Male,0,Asian,2,20161219211823957
65_0_3_20170119203936910.jpg,65,Male,0,Indian,3,20170119203936910
29_0_0_20170104170138033.jpg,29,Male,0,White,0,20170104170138033
25_1_0_20170116003458183.jpg,25,Female,1,White,0,20170116003458183
9_0_0_20170110224545102.jpg,9,Male,0,White,0,20170110224545102
14_1_0_20170109214707410.jpg,14,Female,1,White,0,20170109214707410
36_0_0_20170117105105170.jpg,36,Male,0,White,0,20170117105105170
56_1_0_20170110132132356.jpg,56,Female,1,White,0,20170110132132356
20_1_3_20170105000847091.jpg,20,Female,1,Indian,3,20170105000847091
20_0_0_20170117141041394.jpg,20,Male,0,White,0,20170117141041394
50_0_3_20170119204347415.jpg,50,Male,0,Indian,3,20170119204347415
34_0_1_20170116002253177.jpg,34,Male,0,Black,1,20170116002253177
50_1_0_20170117203951023.jpg,50,Female,1,White,0,20170117203951023
36_0_4_20170103230431017.jpg,36,Male,0,Others,4,20170103230431017
8_1_3_20161220220233122.jpg,8,Female,1,Indian,3,20161220220233122
62_1_0_20170110183746742.jpg,62,Female,1,White,0,20170110183746742
2_0_2_20170110212538628.jpg,2,Male,0,Asian,2,20170110212538628
38_1_3_20170117121011234.jpg,38,Female,1,Indian,3,20170117121011234
24_1_2_20170116174406776.jpg,24,Female,1,Asian,2,20170116174406776
31_0_1_20170117135536116.jpg,31,Male,0,Black,1,20170117135536116
47_1_3_20170119202200788.jpg,47,Female,1,Indian,3,20170119202200788
45_1_4_20170113011721570.jpg,45,Female,1,Others,4,20170113011721570
26_1_1_20170116234738082.jpg,26,Female,1,Black,1,20170116234738082
3_0_2_20161219210918485.jpg,3,Male,0,Asian,2,20161219210918485
8_1_0_20170109202804967.jpg,8,Female,1,White,0,20170109202804967
45_0_1_20170113181946668.jpg,45,Male,0,Black,1,20170113181946668
19_1_3_20170119145633822.jpg,19,Female,1,Indian,3,20170119145633822
25_1_1_20170112205151018.jpg,25,Female,1,Black,1,20170112205151018
42_0_3_20170113190642809.jpg,42,Male,0,Indian,3,20170113190642809
26_1_2_20170116180302912.jpg,26,Female,1,Asian,2,20170116180302912
19_1_2_20170104005053831.jpg,19,Female,1,Asian,2,20170104005053831
35_1_0_20170114033327130.jpg,35,Female,1,White,0,20170114033327130
23_1_0_20170112234124928.jpg,23,Female,1,White,0,20170112234124928
21_0_1_20170113133115864.jpg,21,Male,0,Black,1,20170113133115864
25_0_1_20170113145218790.jpg,25,Male,0,Black,1,20170113145218790
32_0_1_20170113134404473.jpg,32,Male,0,Black,1,20170113134404473
23_0_0_20170113210126449.jpg,23,Male,0,White,0,20170113210126449
27_0_1_20170113000907378.jpg,27,Male,0,Black,1,20170113000907378
61_0_0_20170111203523343.jpg,61,Male,0,White,0,20170111203523343
35_0_0_20170117150214636.jpg,35,Male,0,White,0,20170117150214636
32_0_1_20170116003725128.jpg,32,Male,0,Black,1,20170116003725128
31_0_1_20170117135443579.jpg,31,Male,0,Black,1,20170117135443579
17_1_0_20170109213933756.jpg,17,Female,1,White,0,20170109213933756
1_0_2_20161219151026723.jpg,1,Male,0,Asian,2,20161219151026723
32_0_1_20170113183229559.jpg,32,Male,0,Black,1,20170113183229559
11_0_2_20170103200847287.jpg,11,Male,0,Asian,2,20170103200847287
26_1_2_20170116184131117.jpg,26,Female,1,Asian,2,20170116184131117
39_0_0_20170117154224460.jpg,39,Male,0,White,0,20170117154224460
54_0_0_20170104212539965.jpg,54,Male,0,White,0,20170104212539965
22_0_3_20170117143018402.jpg,22,Male,0,Indian,3,20170117143018402
4_1_2_20161219190751754.jpg,4,Female,1,Asian,2,20161219190751754
67_0_1_20170117143355801.jpg,67,Male,0,Black,1,20170117143355801
6_1_2_20161219190216289.jpg,6,Female,1,Asian,2,20161219190216289
42_1_0_20170103183246362.jpg,42,Female,1,White,0,20170103183246362
52_1_0_20170103183615673.jpg,52,Female,1,White,0,20170103183615673
42_1_0_20170109142131660.jpg,42,Female,1,White,0,20170109142131660
8_0_0_20170110220138938.jpg,8,Male,0,White,0,20170110220138938
47_0_1_20170117021247110.jpg,47,Male,0,Black,1,20170117021247110
27_1_2_20170116172735343.jpg,27,Female,1,Asian,2,20170116172735343
45_0_3_20170119194836227.jpg,45,Male,0,Indian,3,20170119194836227
22_1_4_20170103225134240.jpg,22,Female,1,Others,4,20170103225134240
56_0_2_20170112224648906.jpg,56,Male,0,Asian,2,20170112224648906
18_0_3_20170117153126523.jpg,18,Male,0,Indian,3,20170117153126523
22_0_0_20170116220518146.jpg,22,Male,0,White,0,20170116220518146
24_0_4_20170115205946148.jpg,24,Male,0,Others,4,20170115205946148
34_1_1_20170104165020320.jpg,34,Female,1,Black,1,20170104165020320
53_0_0_20170111171747413.jpg,53,Male,0,White,0,20170111171747413
36_0_0_20170119180045547.jpg,36,Male,0,White,0,20170119180045547
20_1_0_20170105183741919.jpg,20,Female,1,White,0,20170105183741919
20_1_1_20170114031114934.jpg,20,Female,1,Black,1,20170114031114934
20_0_0_20170105184038831.jpg,20,Male,0,White,0,20170105184038831
15_1_4_20170103200935782.jpg,15,Female,1,Others,4,20170103200935782
35_1_1_20170114024635018.jpg,35,Female,1,Black,1,20170114024635018
26_1_2_20170116180315571.jpg,26,Female,1,Asian,2,20170116180315571
26_1_0_20170117153202141.jpg,26,Female,1,White,0,20170117153202141
26_1_2_20170116184237219.jpg,26,Female,1,Asian,2,20170116184237219
40_0_3_20170119205347547.jpg,40,Male,0,Indian,3,20170119205347547
22_0_0_20170104003954062.jpg,22,Male,0,White,0,20170104003954062
36_0_3_20170117183130453.jpg,36,Male,0,Indian,3,20170117183130453
45_1_0_20170110141225753.jpg,45,Female,1,White,0,20170110141225753
17_1_0_20170113210605193.jpg,17,Female,1,White,0,20170113210605193
23_1_3_20170104231800546.jpg,23,Female,1,Indian,3,20170104231800546
72_1_3_20170109142938059.jpg,72,Female,1,Indian,3,20170109142938059
28_0_1_20170116143149179.jpg,28,Male,0,Black,1,20170116143149179
40_0_0_20170116010717610.jpg,40,Male,0,White,0,20170116010717610
1_0_2_20161219205318388.jpg,1,Male,0,Asian,2,20161219205318388
47_1_0_20170117160427895.jpg,47,Female,1,White,0,20170117160427895
35_0_2_20170116182214766.jpg,35,Male,0,Asian,2,20170116182214766
45_0_0_20170117170125010.jpg,45,Male,0,White,0,20170117170125010
65_0_3_20170117171142579.jpg,65,Male,0,Indian,3,20170117171142579
22_1_1_20170117141140945.jpg,22,Female,1,Black,1,20170117141140945
35_0_3_20170119201304861.jpg,35,Male,0,Indian,3,20170119201304861
54_0_0_20170120223234975.jpg,54,Male,0,White,0,20170120223234975
24_1_3_20170104223019607.jpg,24,Female,1,Indian,3,20170104223019607
26_1_4_20170117201502838.jpg,26,Female,1,Others,4,20170117201502838
35_0_1_20170117192142868.jpg,35,Male,0,Black,1,20170117192142868
58_0_0_20170111205019096.jpg,58,Male,0,White,0,20170111205019096
26_0_1_20170113155008827.jpg,26,Male,0,Black,1,20170113155008827
51_1_0_20170117190835331.jpg,51,Female,1,White,0,20170117190835331
52_1_0_20170110123807882.jpg,52,Female,1,White,0,20170110123807882
24_1_4_20170104005617062.jpg,24,Female,1,Others,4,20170104005617062
36_1_1_20170116223054510.jpg,36,Female,1,Black,1,20170116223054510
3_1_2_20161219142723433.jpg,3,Female,1,Asian,2,20161219142723433
85_1_0_20170110183134095.jpg,85,Female,1,White,0,20170110183134095
26_1_0_20170116234649104.jpg,26,Female,1,White,0,20170116234649104
28_1_0_20170117184735527.jpg,28,Female,1,White,0,20170117184735527
16_1_0_20170102234728107.jpg,16,Female,1,White,0,20170102234728107
36_0_4_20170117183138902.jpg,36,Male,0,Others,4,20170117183138902
40_0_0_20170117202859896.jpg,40,Male,0,White,0,20170117202859896
33_0_0_20170117145924419.jpg,33,Male,0,White,0,20170117145924419
28_0_1_20170116190105438.jpg,28,Male,0,Black,1,20170116190105438
28_1_0_20170103180500095.jpg,28,Female,1,White,0,20170103180500095
24_1_4_20170103230420760.jpg,24,Female,1,Others,4,20170103230420760
1_0_4_20161221202654538.jpg,1,Male,0,Others,4,20161221202654538
45_1_0_20170109150822520.jpg,45,Female,1,White,0,20170109150822520
65_0_1_20170113174447314.jpg,65,Male,0,Black,1,20170113174447314
32_0_1_20170113175300325.jpg,32,Male,0,Black,1,20170113175300325
28_1_2_20170116165143580.jpg,28,Female,1,Asian,2,20170116165143580
52_1_0_20170119202531405.jpg,52,Female,1,White,0,20170119202531405
44_0_3_20170119195204451.jpg,44,Male,0,Indian,3,20170119195204451
58_0_0_20170111195348887.jpg,58,Male,0,White,0,20170111195348887
3_1_2_20161219155423541.jpg,3,Female,1,Asian,2,20161219155423541
28_0_1_20170117020634195.jpg,28,Male,0,Black,1,20170117020634195
41_0_1_20170116203626044.jpg,41,Male,0,Black,1,20170116203626044
37_1_0_20170103183817362.jpg,37,Female,1,White,0,20170103183817362
46_0_1_20170113141909603.jpg,46,Male,0,Black,1,20170113141909603
35_0_4_20170117141858070.jpg,35,Male,0,Others,4,20170117141858070
31_0_0_20170120134310511.jpg,31,Male,0,White,0,20170120134310511
55_0_0_20170116232628323.jpg,55,Male,0,White,0,20170116232628323
70_0_3_20170119203826438.jpg,70,Male,0,Indian,3,20170119203826438
86_1_0_20170120225525242.jpg,86,Female,1,White,0,20170120225525242
1_1_2_20161219195923075.jpg,1,Female,1,Asian,2,20161219195923075
38_0_3_20170119202640517.jpg,38,Male,0,Indian,3,20170119202640517
29_1_2_20170105164315483.jpg,29,Female,1,Asian,2,20170105164315483
27_0_0_20170117175351801.jpg,27,Male,0,White,0,20170117175351801
35_1_0_20170103182348593.jpg,35,Female,1,White,0,20170103182348593
33_0_0_20170117182541126.jpg,33,Male,0,White,0,20170117182541126
50_0_3_20170119204352551.jpg,50,Male,0,Indian,3,20170119204352551
30_0_1_20170113141819444.jpg,30,Male,0,Black,1,20170113141819444
63_0_0_20170117161116206.jpg,63,Male,0,White,0,20170117161116206
85_1_0_20170110175705728.jpg,85,Female,1,White,0,20170110175705728
29_0_2_20170116163545392.jpg,29,Male,0,Asian,2,20170116163545392
3_1_2_20161219204608087.jpg,3,Female,1,Asian,2,20161219204608087
38_1_1_20170116160457906.jpg,38,Female,1,Black,1,20170116160457906
37_1_0_20170117140027921.jpg,37,Female,1,White,0,20170117140027921
48_0_0_20170117160506440.jpg,48,Male,0,White,0,20170117160506440
25_0_1_20170113150958863.jpg,25,Male,0,Black,1,20170113150958863
16_0_0_20170104003750790.jpg,16,Male,0,White,0,20170104003750790
25_0_2_20170117195218570.jpg,25,Male,0,Asian,2,20170117195218570
22_0_1_20170116144518064.jpg,22,Male,0,Black,1,20170116144518064
17_1_1_20170103222937063.jpg,17,Female,1,Black,1,20170103222937063
28_0_0_20170102233520314.jpg,28,Male,0,White,0,20170102233520314
54_0_0_20170111195904169.jpg,54,Male,0,White,0,20170111195904169
27_1_3_20170104231549626.jpg,27,Female,1,Indian,3,20170104231549626
29_1_2_20170116191212709.jpg,29,Female,1,Asian,2,20170116191212709
1_1_0_20170109190724839.jpg,1,Female,1,White,0,20170109190724839
58_0_0_20170120224709007.jpg,58,Male,0,White,0,20170120224709007
31_1_4_20170103182224513.jpg,31,Female,1,Others,4,20170103182224513
51_0_0_20170104205242540.jpg,51,Male,0,White,0,20170104205242540
35_1_4_20170117201052046.jpg,35,Female,1,Others,4,20170117201052046
32_0_1_20170113142304517.jpg,32,Male,0,Black,1,20170113142304517
61_0_0_20170117204809192.jpg,61,Male,0,White,0,20170117204809192
55_0_0_20170117135556303.jpg,55,Male,0,White,0,20170117135556303
35_1_0_20170105172551789.jpg,35,Female,1,White,0,20170105172551789
28_1_1_20170112222156481.jpg,28,Female,1,Black,1,20170112222156481
16_1_1_20170109214053896.jpg,16,Female,1,Black,1,20170109214053896
52_0_0_20170116192914190.jpg,52,Male,0,White,0,20170116192914190
1_1_2_20161219211316389.jpg,1,Female,1,Asian,2,20161219211316389
30_1_0_20170117144819225.jpg,30,Female,1,White,0,20170117144819225
90_1_0_20170117175312742.jpg,90,Female,1,White,0,20170117175312742
32_1_1_20170113000731466.jpg,32,Female,1,Black,1,20170113000731466
24_1_2_20170116165511429.jpg,24,Female,1,Asian,2,20170116165511429
78_0_1_20170117185943219.jpg,78,Male,0,Black,1,20170117185943219
24_1_0_20170103180642496.jpg,24,Female,1,White,0,20170103180642496
46_0_3_20170119202435756.jpg,46,Male,0,Indian,3,20170119202435756
4_1_2_20161219163910183.jpg,4,Female,1,Asian,2,20161219163910183
18_0_3_20170104225809521.jpg,18,Male,0,Indian,3,20170104225809521
30_1_0_20170117151337477.jpg,30,Female,1,White,0,20170117151337477
1_0_2_20161219153457308.jpg,1,Male,0,Asian,2,20161219153457308
36_0_2_20170103235656733.jpg,36,Male,0,Asian,2,20170103235656733
31_1_1_20170105001003876.jpg,31,Female,1,Black,1,20170105001003876
80_1_0_20170110140948978.jpg,80,Female,1,White,0,20170110140948978
41_1_0_20170104201435202.jpg,41,Female,1,White,0,20170104201435202
28_1_1_20170116234825295.jpg,28,Female,1,Black,1,20170116234825295
26_0_3_20170119180400891.jpg,26,Male,0,Indian,3,20170119180400891
1_1_2_20161219211944925.jpg,1,Female,1,Asian,2,20161219211944925
96_1_1_20170117183936388.jpg,96,Female,1,Black,1,20170117183936388
32_0_0_20170117172942268.jpg,32,Male,0,White,0,20170117172942268
2_1_2_20161219142446329.jpg,2,Female,1,Asian,2,20161219142446329
70_1_1_20170110153248874.jpg,70,Female,1,Black,1,20170110153248874
50_0_2_20170117154145796.jpg,50,Male,0,Asian,2,20170117154145796
36_1_2_20170109132405452.jpg,36,Female,1,Asian,2,20170109132405452
1_0_0_20170110212624891.jpg,1,Male,0,White,0,20170110212624891
25_1_0_20170104165326705.jpg,25,Female,1,White,0,20170104165326705
3_1_0_20170109191748314.jpg,3,Female,1,White,0,20170109191748314
39_0_0_20170104205320147.jpg,39,Male,0,White,0,20170104205320147
25_1_0_20170103180907920.jpg,25,Female,1,White,0,20170103180907920
36_0_3_20170119202117701.jpg,36,Male,0,Indian,3,20170119202117701
26_1_2_20170116184443484.jpg,26,Female,1,Asian,2,20170116184443484
38_0_4_20170109011128798.jpg,38,Male,0,Others,4,20170109011128798
58_1_0_20170117133115674.jpg,58,Female,1,White,0,20170117133115674
1_0_2_20161219194721851.jpg,1,Male,0,Asian,2,20161219194721851
26_0_1_20170113155124217.jpg,26,Male,0,Black,1,20170113155124217
62_1_0_20170110143413907.jpg,62,Female,1,White,0,20170110143413907
17_1_0_20170109201930035.jpg,17,Female,1,White,0,20170109201930035
27_1_0_20170119163226214.jpg,27,Female,1,White,0,20170119163226214
15_0_0_20170110232717464.jpg,15,Male,0,White,0,20170110232717464
36_0_2_20170104200528385.jpg,36,Male,0,Asian,2,20170104200528385
60_1_1_20170113011821480.jpg,60,Female,1,Black,1,20170113011821480
85_1_0_20170110181630306.jpg,85,Female,1,White,0,20170110181630306
40_1_1_20170117140949600.jpg,40,Female,1,Black,1,20170117140949600
35_1_3_20170119150744831.jpg,35,Female,1,Indian,3,20170119150744831
61_0_0_20170111171747565.jpg,61,Male,0,White,0,20170111171747565
13_0_4_20170103201708406.jpg,13,Male,0,Others,4,20170103201708406
26_1_3_20170113011802678.jpg,26,Female,1,Indian,3,20170113011802678
6_0_3_20161220145338758.jpg,6,Male,0,Indian,3,20161220145338758
65_0_0_20170117171404003.jpg,65,Male,0,White,0,20170117171404003
28_1_0_20170117020138207.jpg,28,Female,1,White,0,20170117020138207
20_1_3_20170117141155272.jpg,20,Female,1,Indian,3,20170117141155272
65_0_0_20170104185320086.jpg,65,Male,0,White,0,20170104185320086
38_1_1_20170109002344735.jpg,38,Female,1,Black,1,20170109002344735
22_1_4_20170112233623976.jpg,22,Female,1,Others,4,20170112233623976
1_0_0_20170109192219011.jpg,1,Male,0,White,0,20170109192219011
26_1_4_20170117195954341.jpg,26,Female,1,Others,4,20170117195954341
30_0_0_20170117135807720.jpg,30,Male,0,White,0,20170117135807720
25_1_2_20170105161718771.jpg,25,Female,1,Asian,2,20170105161718771
61_0_0_20170117192033956.jpg,61,Male,0,White,0,20170117192033956
60_1_0_20170110131846245.jpg,60,Female,1,White,0,20170110131846245
21_0_4_20161223214759249.jpg,21,Male,0,Others,4,20161223214759249
68_0_0_20170104213011828.jpg,68,Male,0,White,0,20170104213011828
4_1_0_20170109192308345.jpg,4,Female,1,White,0,20170109192308345
28_0_3_20170119194434459.jpg,28,Male,0,Indian,3,20170119194434459
16_1_0_20170109214138699.jpg,16,Female,1,White,0,20170109214138699
28_0_2_20170116163443678.jpg,28,Male,0,Asian,2,20170116163443678
24_1_3_20170119171108432.jpg,24,Female,1,Indian,3,20170119171108432
50_0_3_20170105175655598.jpg,50,Male,0,Indian,3,20170105175655598
25_1_3_20170119172149792.jpg,25,Female,1,Indian,3,20170119172149792
30_1_0_20170117091710631.jpg,30,Female,1,White,0,20170117091710631
45_0_1_20170120221116053.jpg,45,Male,0,Black,1,20170120221116053
2_1_3_20161220221639986.jpg,2,Female,1,Indian,3,20161220221639986
25_0_2_20170116174828896.jpg,25,Male,0,Asian,2,20170116174828896
27_0_3_20170119193212770.jpg,27,Male,0,Indian,3,20170119193212770
26_1_2_20170116182442130.jpg,26,Female,1,Asian,2,20170116182442130
20_1_3_20170119153755113.jpg,20,Female,1,Indian,3,20170119153755113
12_1_0_20170109204805155.jpg,12,Female,1,White,0,20170109204805155
45_0_0_20170117155728441.jpg,45,Male,0,White,0,20170117155728441
15_0_0_20170110232646170.jpg,15,Male,0,White,0,20170110232646170
73_1_2_20170110131323894.jpg,73,Female,1,Asian,2,20170110131323894
40_0_0_20170105172617405.jpg,40,Male,0,White,0,20170105172617405
60_1_0_20170110141351728.jpg,60,Female,1,White,0,20170110141351728
54_0_1_20170113135022114.jpg,54,Male,0,Black,1,20170113135022114
26_0_1_20170113133114391.jpg,26,Male,0,Black,1,20170113133114391
40_0_2_20170104170505569.jpg,40,Male,0,Asian,2,20170104170505569
8_1_4_20161221202611945.jpg,8,Female,1,Others,4,20161221202611945
26_0_4_20170117195554244.jpg,26,Male,0,Others,4,20170117195554244
18_1_0_20170109213550274.jpg,18,Female,1,White,0,20170109213550274
35_0_0_20170117192120258.jpg,35,Male,0,White,0,20170117192120258
40_0_0_20170117170711073.jpg,40,Male,0,White,0,20170117170711073
43_0_1_20170117175231213.jpg,43,Male,0,Black,1,20170117175231213
45_0_1_20170113173043145.jpg,45,Male,0,Black,1,20170113173043145
23_0_3_20170104230136617.jpg,23,Male,0,Indian,3,20170104230136617
21_1_0_20170116205856338.jpg,21,Female,1,White,0,20170116205856338
58_0_0_20170117195023639.jpg,58,Male,0,White,0,20170117195023639
35_1_1_20170117010340078.jpg,35,Female,1,Black,1,20170117010340078
48_0_0_20170104184236333.jpg,48,Male,0,White,0,20170104184236333
35_0_2_20170116180720126.jpg,35,Male,0,Asian,2,20170116180720126
1_0_2_20161219200427051.jpg,1,Male,0,Asian,2,20161219200427051
16_1_0_20170109213357694.jpg,16,Female,1,White,0,20170109213357694
72_0_2_20170112205305186.jpg,72,Male,0,Asian,2,20170112205305186
49_0_0_20170104212102972.jpg,49,Male,0,White,0,20170104212102972
47_1_0_20170111182452927.jpg,47,Female,1,White,0,20170111182452927
33_0_2_20170117182613892.jpg,33,Male,0,Asian,2,20170117182613892
9_0_0_20170110224558724.jpg,9,Male,0,White,0,20170110224558724
35_1_0_20170117203256352.jpg,35,Female,1,White,0,20170117203256352
1_0_2_20161219154354285.jpg,1,Male,0,Asian,2,20161219154354285
54_0_0_20170109010246118.jpg,54,Male,0,White,0,20170109010246118
4_0_3_20161220222705570.jpg,4,Male,0,Indian,3,20161220222705570
72_1_0_20170110175340308.jpg,72,Female,1,White,0,20170110175340308
19_1_0_20170116163837603.jpg,19,Female,1,White,0,20170116163837603
26_1_0_20170117200517726.jpg,26,Female,1,White,0,20170117200517726
29_1_0_20170117005833085.jpg,29,Female,1,White,0,20170117005833085
45_1_0_20170111182452905.jpg,45,Female,1,White,0,20170111182452905
26_1_3_20170104214236981.jpg,26,Female,1,Indian,3,20170104214236981
63_0_1_20170117194942794.jpg,63,Male,0,Black,1,20170117194942794
27_1_1_20170117120629605.jpg,27,Female,1,Black,1,20170117120629605
45_1_1_20170116234410850.jpg,45,Female,1,Black,1,20170116234410850
62_0_3_20170109134459638.jpg,62,Male,0,Indian,3,20170109134459638
52_0_3_20170119204337838.jpg,52,Male,0,Indian,3,20170119204337838
30_0_3_20170104230725129.jpg,30,Male,0,Indian,3,20170104230725129
37_1_0_20170109142928166.jpg,37,Female,1,White,0,20170109142928166
34_1_0_20170103182644010.jpg,34,Female,1,White,0,20170103182644010
29_1_1_20170112235125873.jpg,29,Female,1,Black,1,20170112235125873
31_1_1_20170112231537686.jpg,31,Female,1,Black,1,20170112231537686
35_0_0_20170117150020867.jpg,35,Male,0,White,0,20170117150020867
88_0_2_20170112223932900.jpg,88,Male,0,Asian,2,20170112223932900
2_1_2_20161219213559615.jpg,2,Female,1,Asian,2,20161219213559615
31_0_4_20170120133240958.jpg,31,Male,0,Others,4,20170120133240958
15_1_1_20170116000638538.jpg,15,Female,1,Black,1,20170116000638538
48_1_1_20170109220559770.jpg,48,Female,1,Black,1,20170109220559770
30_1_1_20170116021054972.jpg,30,Female,1,Black,1,20170116021054972
42_1_1_20170116160733333.jpg,42,Female,1,Black,1,20170116160733333
2_0_2_20161219162438366.jpg,2,Male,0,Asian,2,20161219162438366
59_0_1_20170111171747518.jpg,59,Male,0,Black,1,20170111171747518
45_0_3_20170119201748948.jpg,45,Male,0,Indian,3,20170119201748948
26_0_3_20170119180905795.jpg,26,Male,0,Indian,3,20170119180905795
32_1_0_20170117182439717.jpg,32,Female,1,White,0,20170117182439717
90_1_1_20170117194843274.jpg,90,Female,1,Black,1,20170117194843274
24_1_2_20170116173520935.jpg,24,Female,1,Asian,2,20170116173520935
48_0_0_20170117183518783.jpg,48,Male,0,White,0,20170117183518783
20_0_0_20170116213501446.jpg,20,Male,0,White,0,20170116213501446
3_1_2_20161219142458105.jpg,3,Female,1,Asian,2,20161219142458105
42_0_1_20170117171503046.jpg,42,Male,0,Black,1,20170117171503046
60_0_3_20170119205622888.jpg,60,Male,0,Indian,3,20170119205622888
4_0_0_20170110213539347.jpg,4,Male,0,White,0,20170110213539347
18_1_0_20170109212936696.jpg,18,Female,1,White,0,20170109212936696
29_0_1_20170116192954996.jpg,29,Male,0,Black,1,20170116192954996
3_1_0_20170109191527360.jpg,3,Female,1,White,0,20170109191527360
32_1_3_20170117184329913.jpg,32,Female,1,Indian,3,20170117184329913
29_1_0_20170104192921991.jpg,29,Female,1,White,0,20170104192921991
24_0_3_20170119164638750.jpg,24,Male,0,Indian,3,20170119164638750
1_1_3_20161220145435951.jpg,1,Female,1,Indian,3,20161220145435951
43_0_0_20170117185831058.jpg,43,Male,0,White,0,20170117185831058
26_1_2_20170116163019946.jpg,26,Female,1,Asian,2,20170116163019946
32_1_2_20170116181306891.jpg,32,Female,1,Asian,2,20170116181306891
29_0_4_20170103235921692.jpg,29,Male,0,Others,4,20170103235921692
40_0_0_20170117154505308.jpg,40,Male,0,White,0,20170117154505308
1_0_0_20170109193440113.jpg,1,Male,0,White,0,20170109193440113
32_0_2_20170116162322805.jpg,32,Male,0,Asian,2,20170116162322805
65_1_0_20170110140924521.jpg,65,Female,1,White,0,20170110140924521
25_1_0_20170117152038451.jpg,25,Female,1,White,0,20170117152038451
26_1_1_20170117183713316.jpg,26,Female,1,Black,1,20170117183713316
1_1_3_20161219230725192.jpg,1,Female,1,Indian,3,20161219230725192
13_1_0_20170120133325603.jpg,13,Female,1,White,0,20170120133325603
28_0_3_20170117120957310.jpg,28,Male,0,Indian,3,20170117120957310
26_1_0_20170116170915992.jpg,26,Female,1,White,0,20170116170915992
26_1_1_20170116022038426.jpg,26,Female,1,Black,1,20170116022038426
67_0_0_20170111171747651.jpg,67,Male,0,White,0,20170111171747651
33_1_1_20170113001132139.jpg,33,Female,1,Black,1,20170113001132139
36_0_1_20170117135448300.jpg,36,Male,0,Black,1,20170117135448300
26_1_0_20170117175317465.jpg,26,Female,1,White,0,20170117175317465
26_0_0_20170117120944631.jpg,26,Male,0,White,0,20170117120944631
70_1_0_20170117175349979.jpg,70,Female,1,White,0,20170117175349979
32_1_1_20170113011313056.jpg,32,Female,1,Black,1,20170113011313056
60_0_0_20170120225049193.jpg,60,Male,0,White,0,20170120225049193
29_1_0_20170114031410630.jpg,29,Female,1,White,0,20170114031410630
26_0_0_20170117172928270.jpg,26,Male,0,White,0,20170117172928270
63_1_0_20170110141744495.jpg,63,Female,1,White,0,20170110141744495
3_1_0_20170109193055962.jpg,3,Female,1,White,0,20170109193055962
40_0_0_20170116212308931.jpg,40,Male,0,White,0,20170116212308931
4_1_2_20170109192334823.jpg,4,Female,1,Asian,2,20170109192334823
26_0_1_20170114032944348.jpg,26,Male,0,Black,1,20170114032944348
45_1_0_20170105173027237.jpg,45,Female,1,White,0,20170105173027237
27_1_4_20170117175508442.jpg,27,Female,1,Others,4,20170117175508442
9_1_3_20170104222949455.jpg,9,Female,1,Indian,3,20170104222949455
90_0_0_20170111205428761.jpg,90,Male,0,White,0,20170111205428761
26_0_1_20170116185229362.jpg,26,Male,0,Black,1,20170116185229362
50_0_0_20170109010637842.jpg,50,Male,0,White,0,20170109010637842
70_0_0_20170120223312220.jpg,70,Male,0,White,0,20170120223312220
58_1_0_20170110154135560.jpg,58,Female,1,White,0,20170110154135560
34_0_1_20170117140814015.jpg,34,Male,0,Black,1,20170117140814015
1_0_2_20161219194820459.jpg,1,Male,0,Asian,2,20161219194820459
39_1_1_20170113012940833.jpg,39,Female,1,Black,1,20170113012940833
12_1_0_20170109205104124.jpg,12,Female,1,White,0,20170109205104124
26_1_3_20170117153146187.jpg,26,Female,1,Indian,3,20170117153146187
52_0_0_20170117161042224.jpg,52,Male,0,White,0,20170117161042224
67_0_3_20170119212009145.jpg,67,Male,0,Indian,3,20170119212009145
26_1_1_20170113011613638.jpg,26,Female,1,Black,1,20170113011613638
31_0_4_20170117020719427.jpg,31,Male,0,Others,4,20170117020719427
44_0_0_20170113210319338.jpg,44,Male,0,White,0,20170113210319338
35_0_2_20170117190149081.jpg,35,Male,0,Asian,2,20170117190149081
67_1_1_20170110125353438.jpg,67,Female,1,Black,1,20170110125353438
38_0_0_20170117133153508.jpg,38,Male,0,White,0,20170117133153508
17_0_4_20170103212532692.jpg,17,Male,0,Others,4,20170103212532692
60_0_0_20170119204301455.jpg,60,Male,0,White,0,20170119204301455
25_0_3_20170119163012781.jpg,25,Male,0,Indian,3,20170119163012781
38_1_2_20170108224407554.jpg,38,Female,1,Asian,2,20170108224407554
24_0_1_20170116000614713.jpg,24,Male,0,Black,1,20170116000614713
26_1_4_20170117201852933.jpg,26,Female,1,Others,4,20170117201852933
17_0_0_20170103201439825.jpg,17,Male,0,White,0,20170103201439825
39_1_0_20170117184938337.jpg,39,Female,1,White,0,20170117184938337
54_1_3_20170119211351832.jpg,54,Female,1,Indian,3,20170119211351832
1_1_0_20170109190710292.jpg,1,Female,1,White,0,20170109190710292
36_0_0_20170117183142678.jpg,36,Male,0,White,0,20170117183142678
47_1_0_20170109220604136.jpg,47,Female,1,White,0,20170109220604136
24_1_2_20170116174413898.jpg,24,Female,1,Asian,2,20170116174413898
34_1_1_20170113011657832.jpg,34,Female,1,Black,1,20170113011657832
26_1_1_20170112234340711.jpg,26,Female,1,Black,1,20170112234340711
47_0_0_20170117190258354.jpg,47,Male,0,White,0,20170117190258354
26_1_1_20170116154712959.jpg,26,Female,1,Black,1,20170116154712959
51_1_0_20170109010116440.jpg,51,Female,1,White,0,20170109010116440
42_0_0_20170117135630521.jpg,42,Male,0,White,0,20170117135630521
53_0_0_20170109012812390.jpg,53,Male,0,White,0,20170109012812390
25_1_4_20170103182320042.jpg,25,Female,1,Others,4,20170103182320042
25_1_3_20170119172028785.jpg,25,Female,1,Indian,3,20170119172028785
63_0_0_20170117195020915.jpg,63,Male,0,White,0,20170117195020915
4_1_0_20170109191152071.jpg,4,Female,1,White,0,20170109191152071
1_0_2_20161219190530474.jpg,1,Male,0,Asian,2,20161219190530474
24_1_0_20170117150740282.jpg,24,Female,1,White,0,20170117150740282
29_0_0_20170117010705850.jpg,29,Male,0,White,0,20170117010705850
35_1_2_20170116191815209.jpg,35,Female,1,Asian,2,20170116191815209
26_1_0_20170117201135295.jpg,26,Female,1,White,0,20170117201135295
1_0_2_20161219155701277.jpg,1,Male,0,Asian,2,20161219155701277
60_0_0_20170117160634375.jpg,60,Male,0,White,0,20170117160634375
20_0_3_20170104214325910.jpg,20,Male,0,Indian,3,20170104214325910
25_1_3_20170104222305855.jpg,25,Female,1,Indian,3,20170104222305855
32_0_2_20170116191450850.jpg,32,Male,0,Asian,2,20170116191450850
26_0_4_20170104200600267.jpg,26,Male,0,Others,4,20170104200600267
26_0_0_20170117144704233.jpg,26,Male,0,White,0,20170117144704233
23_1_2_20170116172910708.jpg,23,Female,1,Asian,2,20170116172910708
1_0_2_20161219202914180.jpg,1,Male,0,Asian,2,20161219202914180
36_0_0_20170117135846415.jpg,36,Male,0,White,0,20170117135846415
26_0_3_20170119192402842.jpg,26,Male,0,Indian,3,20170119192402842
62_0_0_20170104184818725.jpg,62,Male,0,White,0,20170104184818725
60_0_0_20170120221518539.jpg,60,Male,0,White,0,20170120221518539
61_0_0_20170104185715382.jpg,61,Male,0,White,0,20170104185715382
25_0_0_20170116201844624.jpg,25,Male,0,White,0,20170116201844624
30_1_3_20170104232156258.jpg,30,Female,1,Indian,3,20170104232156258
39_0_1_20170113190332490.jpg,39,Male,0,Black,1,20170113190332490
14_0_3_20170104012427337.jpg,14,Male,0,Indian,3,20170104012427337
25_1_4_20170103225751729.jpg,25,Female,1,Others,4,20170103225751729
35_1_4_20170117203429672.jpg,35,Female,1,Others,4,20170117203429672
8_1_0_20170109202257880.jpg,8,Female,1,White,0,20170109202257880
42_0_0_20170117154744705.jpg,42,Male,0,White,0,20170117154744705
29_0_0_20170117130617573.jpg,29,Male,0,White,0,20170117130617573
26_1_4_20170117173903318.jpg,26,Female,1,Others,4,20170117173903318
56_0_0_20170111203922369.jpg,56,Male,0,White,0,20170111203922369
22_1_1_20170112192911566.jpg,22,Female,1,Black,1,20170112192911566
25_0_1_20170103180757928.jpg,25,Male,0,Black,1,20170103180757928
55_0_3_20170119205329112.jpg,55,Male,0,Indian,3,20170119205329112
20_0_1_20170113132730457.jpg,20,Male,0,Black,1,20170113132730457
9_0_0_20170110225112927.jpg,9,Male,0,White,0,20170110225112927
35_0_0_20170117134940507.jpg,35,Male,0,White,0,20170117134940507
4_1_3_20161220221751466.jpg,4,Female,1,Indian,3,20161220221751466
35_0_2_20170104201518561.jpg,35,Male,0,Asian,2,20170104201518561
53_0_0_20170113184913361.jpg,53,Male,0,White,0,20170113184913361
2_0_0_20170109191008066.jpg,2,Male,0,White,0,20170109191008066
30_1_1_20170116153114714.jpg,30,Female,1,Black,1,20170116153114714
27_1_0_20170117120616194.jpg,27,Female,1,White,0,20170117120616194
61_0_1_20170113185419607.jpg,61,Male,0,Black,1,20170113185419607
65_0_0_20170105174716942.jpg,65,Male,0,White,0,20170105174716942
28_1_0_20170117164649676.jpg,28,Female,1,White,0,20170117164649676
53_0_0_20170111195944280.jpg,53,Male,0,White,0,20170111195944280
34_0_4_20170104000728781.jpg,34,Male,0,Others,4,20170104000728781
45_0_3_20170119201251044.jpg,45,Male,0,Indian,3,20170119201251044
28_0_1_20170113193253025.jpg,28,Male,0,Black,1,20170113193253025
1_0_0_20170110213202543.jpg,1,Male,0,White,0,20170110213202543
1_1_0_20170109192015845.jpg,1,Female,1,White,0,20170109192015845
37_1_0_20170103183019306.jpg,37,Female,1,White,0,20170103183019306
26_1_1_20170112213024014.jpg,26,Female,1,Black,1,20170112213024014
34_0_3_20170119200728660.jpg,34,Male,0,Indian,3,20170119200728660
40_0_0_20170116233131287.jpg,40,Male,0,White,0,20170116233131287
53_1_0_20170110122533941.jpg,53,Female,1,White,0,20170110122533941
52_0_0_20170111203259661.jpg,52,Male,0,White,0,20170111203259661
28_1_3_20170119194821963.jpg,28,Female,1,Indian,3,20170119194821963
17_1_0_20170103163207606.jpg,17,Female,1,White,0,20170103163207606
10_1_0_20170109203608654.jpg,10,Female,1,White,0,20170109203608654
58_0_3_20170119211548329.jpg,58,Male,0,Indian,3,20170119211548329
28_0_0_20170117120925622.jpg,28,Male,0,White,0,20170117120925622
55_1_0_20170117174812952.jpg,55,Female,1,White,0,20170117174812952
27_1_2_20161219192627707.jpg,27,Female,1,Asian,2,20161219192627707
93_1_2_20170110173119858.jpg,93,Female,1,Asian,2,20170110173119858
2_1_4_20161221201556929.jpg,2,Female,1,Others,4,20161221201556929
39_0_0_20170109133418712.jpg,39,Male,0,White,0,20170109133418712
55_0_0_20170117185028745.jpg,55,Male,0,White,0,20170117185028745
78_1_2_20170112205322682.jpg,78,Female,1,Asian,2,20170112205322682
40_0_0_20170117192112162.jpg,40,Male,0,White,0,20170117192112162
26_0_0_20170117195728500.jpg,26,Male,0,White,0,20170117195728500
29_0_1_20170117103814669.jpg,29,Male,0,Black,1,20170117103814669
85_0_0_20170111205438305.jpg,85,Male,0,White,0,20170111205438305
45_0_0_20170120221543685.jpg,45,Male,0,White,0,20170120221543685
21_1_2_20170116171659893.jpg,21,Female,1,Asian,2,20170116171659893
6_1_0_20170109203213701.jpg,6,Female,1,White,0,20170109203213701
26_1_3_20170119193147891.jpg,26,Female,1,Indian,3,20170119193147891
45_0_4_20170104210403467.jpg,45,Male,0,Others,4,20170104210403467
31_1_1_20170116024050198.jpg,31,Female,1,Black,1,20170116024050198
25_1_4_20170103223138663.jpg,25,Female,1,Others,4,20170103223138663
82_0_0_20170111222624743.jpg,82,Male,0,White,0,20170111222624743
61_1_0_20170110122712394.jpg,61,Female,1,White,0,20170110122712394
28_0_1_20170117015458481.jpg,28,Male,0,Black,1,20170117015458481
35_0_0_20170116204131804.jpg,35,Male,0,White,0,20170116204131804
53_0_0_20170104184617629.jpg,53,Male,0,White,0,20170104184617629
56_0_1_20170111211502304.jpg,56,Male,0,Black,1,20170111211502304
27_1_0_20170117175942220.jpg,27,Female,1,White,0,20170117175942220
6_1_0_20170109193722375.jpg,6,Female,1,White,0,20170109193722375
26_1_2_20170116175445643.jpg,26,Female,1,Asian,2,20170116175445643
65_0_1_20170117172856561.jpg,65,Male,0,Black,1,20170117172856561
36_0_0_20170117183240678.jpg,36,Male,0,White,0,20170117183240678
29_0_4_20170103235130284.jpg,29,Male,0,Others,4,20170103235130284
20_0_1_20170113133103776.jpg,20,Male,0,Black,1,20170113133103776
29_1_2_20170116171619907.jpg,29,Female,1,Asian,2,20170116171619907
3_1_1_20170109194630568.jpg,3,Female,1,Black,1,20170109194630568
10_0_0_20170110225417177.jpg,10,Male,0,White,0,20170110225417177
35_0_0_20170117185301642.jpg,35,Male,0,White,0,20170117185301642
36_0_1_20170113133354400.jpg,36,Male,0,Black,1,20170113133354400
35_0_3_20170119201122088.jpg,35,Male,0,Indian,3,20170119201122088
23_1_4_20170103223903439.jpg,23,Female,1,Others,4,20170103223903439
37_0_0_20170104205214549.jpg,37,Male,0,White,0,20170104205214549
80_1_0_20170110154553925.jpg,80,Female,1,White,0,20170110154553925
1_1_2_20161219202522028.jpg,1,Female,1,Asian,2,20161219202522028
15_1_1_20170104012002526.jpg,15,Female,1,Black,1,20170104012002526
3_0_2_20161219141423672.jpg,3,Male,0,Asian,2,20161219141423672
62_0_2_20170104212649180.jpg,62,Male,0,Asian,2,20170104212649180
8_0_0_20170110220159954.jpg,8,Male,0,White,0,20170110220159954
45_0_4_20170120134936535.jpg,45,Male,0,Others,4,20170120134936535
15_1_0_20170109214412116.jpg,15,Female,1,White,0,20170109214412116
58_0_0_20170111171747508.jpg,58,Male,0,White,0,20170111171747508
25_1_4_20161220222242243.jpg,25,Female,1,Others,4,20161220222242243
51_0_3_20170119181148220.jpg,51,Male,0,Indian,3,20170119181148220
25_1_0_20170117152041619.jpg,25,Female,1,White,0,20170117152041619
46_0_2_20170112211842731.jpg,46,Male,0,Asian,2,20170112211842731
25_1_3_20170119164527886.jpg,25,Female,1,Indian,3,20170119164527886
39_1_0_20170117121735861.jpg,39,Female,1,White,0,20170117121735861
28_0_0_20170116210101534.jpg,28,Male,0,White,0,20170116210101534
42_0_0_20170117171657481.jpg,42,Male,0,White,0,20170117171657481
25_1_3_20170119172052720.jpg,25,Female,1,Indian,3,20170119172052720
9_0_2_20161219192701323.jpg,9,Male,0,Asian,2,20161219192701323
53_0_0_20170120223133507.jpg,53,Male,0,White,0,20170120223133507
35_0_1_20170117135949737.jpg,35,Male,0,Black,1,20170117135949737
67_0_0_20170104200734185.jpg,67,Male,0,White,0,20170104200734185
22_1_3_20170104222214551.jpg,22,Female,1,Indian,3,20170104222214551
26_0_3_20170104230424841.jpg,26,Male,0,Indian,3,20170104230424841
27_1_0_20170117012350076.jpg,27,Female,1,White,0,20170117012350076
67_1_0_20170110180054361.jpg,67,Female,1,White,0,20170110180054361
63_1_0_20170117175356028.jpg,63,Female,1,White,0,20170117175356028
35_0_3_20170119151444959.jpg,35,Male,0,Indian,3,20170119151444959
17_0_0_20170110231719325.jpg,17,Male,0,White,0,20170110231719325
36_0_1_20170113173237337.jpg,36,Male,0,Black,1,20170113173237337
24_1_2_20170116174454662.jpg,24,Female,1,Asian,2,20170116174454662
69_1_0_20170110141630303.jpg,69,Female,1,White,0,20170110141630303
26_0_3_20170119181350932.jpg,26,Male,0,Indian,3,20170119181350932
26_1_0_20170117201640750.jpg,26,Female,1,White,0,20170117201640750
24_1_1_20170112204824258.jpg,24,Female,1,Black,1,20170112204824258
3_0_1_20170110213803097.jpg,3,Male,0,Black,1,20170110213803097
45_0_0_20170117203724896.jpg,45,Male,0,White,0,20170117203724896
28_0_4_20170117202313951.jpg,28,Male,0,Others,4,20170117202313951
3_1_0_20170109193516228.jpg,3,Female,1,White,0,20170109193516228
1_1_2_20161219210955701.jpg,1,Female,1,Asian,2,20161219210955701
32_1_1_20170113012612272.jpg,32,Female,1,Black,1,20170113012612272
30_0_2_20170116164436658.jpg,30,Male,0,Asian,2,20170116164436658
42_0_2_20170119204318272.jpg,42,Male,0,Asian,2,20170119204318272
1_0_0_20170109191725028.jpg,1,Male,0,White,0,20170109191725028
60_0_0_20170113185244510.jpg,60,Male,0,White,0,20170113185244510
48_0_0_20170105163527867.jpg,48,Male,0,White,0,20170105163527867
20_0_4_20170113133058865.jpg,20,Male,0,Others,4,20170113133058865
28_0_1_20170117020050133.jpg,28,Male,0,Black,1,20170117020050133
39_1_0_20170104183924038.jpg,39,Female,1,White,0,20170104183924038
40_0_0_20170116225108936.jpg,40,Male,0,White,0,20170116225108936
70_0_0_20170104213700973.jpg,70,Male,0,White,0,20170104213700973
30_0_4_20170117194418932.jpg,30,Male,0,Others,4,20170117194418932
1_0_2_20161219211836743.jpg,1,Male,0,Asian,2,20161219211836743
32_0_1_20170113152007679.jpg,32,Male,0,Black,1,20170113152007679
72_0_1_20170117193619775.jpg,72,Male,0,Black,1,20170117193619775
56_1_0_20170109132244248.jpg,56,Female,1,White,0,20170109132244248
28_1_4_20170117202538583.jpg,28,Female,1,Others,4,20170117202538583
26_1_0_20170103181901521.jpg,26,Female,1,White,0,20170103181901521
26_0_0_20170117201346990.jpg,26,Male,0,White,0,20170117201346990
25_1_3_20170119172053938.jpg,25,Female,1,Indian,3,20170119172053938
80_1_0_20170110141320400.jpg,80,Female,1,White,0,20170110141320400
22_1_3_20170104232054915.jpg,22,Female,1,Indian,3,20170104232054915
5_0_2_20161220145611447.jpg,5,Male,0,Asian,2,20161220145611447
49_1_0_20170117160607343.jpg,49,Female,1,White,0,20170117160607343
51_1_0_20170110154639018.jpg,51,Female,1,White,0,20170110154639018
51_0_0_20170117190822714.jpg,51,Male,0,White,0,20170117190822714
37_0_0_20170104210303340.jpg,37,Male,0,White,0,20170104210303340
24_1_2_20170116173414881.jpg,24,Female,1,Asian,2,20170116173414881
6_1_3_20161220222431162.jpg,6,Female,1,Indian,3,20161220222431162
45_0_3_20170119202051271.jpg,45,Male,0,Indian,3,20170119202051271
60_0_0_20170117162829219.jpg,60,Male,0,White,0,20170117162829219
2_1_2_20161219215651168.jpg,2,Female,1,Asian,2,20161219215651168
46_1_0_20170109013450138.jpg,46,Female,1,White,0,20170109013450138
1_0_2_20161219200015132.jpg,1,Male,0,Asian,2,20161219200015132
36_0_1_20170105172620093.jpg,36,Male,0,Black,1,20170105172620093
26_1_0_20170117091649819.jpg,26,Female,1,White,0,20170117091649819
1_0_3_20161220220544050.jpg,1,Male,0,Indian,3,20161220220544050
75_1_3_20170110175327928.jpg,75,Female,1,Indian,3,20170110175327928
37_0_0_20170117120539886.jpg,37,Male,0,White,0,20170117120539886
26_0_1_20170116010920708.jpg,26,Male,0,Black,1,20170116010920708
34_0_1_20170117020029793.jpg,34,Male,0,Black,1,20170117020029793
2_0_0_20170103205800494.jpg,2,Male,0,White,0,20170103205800494
19_1_0_20170109212458403.jpg,19,Female,1,White,0,20170109212458403
28_1_0_20170105183923408.jpg,28,Female,1,White,0,20170105183923408
26_1_2_20170109002657161.jpg,26,Female,1,Asian,2,20170109002657161
21_1_4_20170103223636607.jpg,21,Female,1,Others,4,20170103223636607
26_1_3_20170117174352558.jpg,26,Female,1,Indian,3,20170117174352558
26_0_1_20170116205014747.jpg,26,Male,0,Black,1,20170116205014747
8_0_0_20170110220129114.jpg,8,Male,0,White,0,20170110220129114
69_0_0_20170104184543900.jpg,69,Male,0,White,0,20170104184543900
19_0_4_20170102233259362.jpg,19,Male,0,Others,4,20170102233259362
14_1_0_20170109203625481.jpg,14,Female,1,White,0,20170109203625481
30_0_1_20170117130038063.jpg,30,Male,0,Black,1,20170117130038063
75_1_0_20170120230123756.jpg,75,Female,1,White,0,20170120230123756
1_0_2_20161219205016902.jpg,1,Male,0,Asian,2,20161219205016902
43_0_0_20170117142951181.jpg,43,Male,0,White,0,20170117142951181
67_1_0_20170110140730634.jpg,67,Female,1,White,0,20170110140730634
26_0_4_20170103235233157.jpg,26,Male,0,Others,4,20170103235233157
4_1_0_20170109193119036.jpg,4,Female,1,White,0,20170109193119036
16_1_0_20170109213948727.jpg,16,Female,1,White,0,20170109213948727
24_1_2_20170116165608430.jpg,24,Female,1,Asian,2,20170116165608430
26_1_2_20170116175901780.jpg,26,Female,1,Asian,2,20170116175901780
58_0_0_20170113185339857.jpg,58,Male,0,White,0,20170113185339857
3_1_2_20161219205359589.jpg,3,Female,1,Asian,2,20161219205359589
46_0_3_20170119200449365.jpg,46,Male,0,Indian,3,20170119200449365
26_1_4_20170117201548014.jpg,26,Female,1,Others,4,20170117201548014
28_0_3_20170119144359718.jpg,28,Male,0,Indian,3,20170119144359718
26_1_4_20170117153408062.jpg,26,Female,1,Others,4,20170117153408062
22_0_3_20170119160343788.jpg,22,Male,0,Indian,3,20170119160343788
26_1_2_20170116184148142.jpg,26,Female,1,Asian,2,20170116184148142
53_1_3_20170109133349734.jpg,53,Female,1,Indian,3,20170109133349734
40_1_2_20170116183756243.jpg,40,Female,1,Asian,2,20170116183756243
54_0_2_20170120223248924.jpg,54,Male,0,Asian,2,20170120223248924
31_1_2_20170109003538257.jpg,31,Female,1,Asian,2,20170109003538257
43_0_3_20170119181404861.jpg,43,Male,0,Indian,3,20170119181404861
24_1_1_20170116164334832.jpg,24,Female,1,Black,1,20170116164334832
50_1_0_20170109220459927.jpg,50,Female,1,White,0,20170109220459927
36_0_3_20170119181320605.jpg,36,Male,0,Indian,3,20170119181320605
32_1_3_20170109141339133.jpg,32,Female,1,Indian,3,20170109141339133
55_1_1_20170112213225871.jpg,55,Female,1,Black,1,20170112213225871
26_0_3_20170119192356378.jpg,26,Male,0,Indian,3,20170119192356378
28_0_0_20170116214238404.jpg,28,Male,0,White,0,20170116214238404
10_1_0_20170110220649364.jpg,10,Female,1,White,0,20170110220649364
28_0_3_20170104220237582.jpg,28,Male,0,Indian,3,20170104220237582
24_0_4_20170117145745474.jpg,24,Male,0,Others,4,20170117145745474
43_1_3_20170119204557143.jpg,43,Female,1,Indian,3,20170119204557143
9_0_0_20170110223421536.jpg,9,Male,0,White,0,20170110223421536
43_0_2_20170116234843299.jpg,43,Male,0,Asian,2,20170116234843299
54_0_0_20170117170958924.jpg,54,Male,0,White,0,20170117170958924
23_1_3_20170104222224327.jpg,23,Female,1,Indian,3,20170104222224327
43_0_0_20170117185856051.jpg,43,Male,0,White,0,20170117185856051
50_0_3_20170119205559383.jpg,50,Male,0,Indian,3,20170119205559383
33_1_1_20170112235129592.jpg,33,Female,1,Black,1,20170112235129592
47_1_0_20170117160407279.jpg,47,Female,1,White,0,20170117160407279
1_1_2_20161219195318220.jpg,1,Female,1,Asian,2,20161219195318220
86_1_0_20170110153717173.jpg,86,Female,1,White,0,20170110153717173
58_1_0_20170117154125683.jpg,58,Female,1,White,0,20170117154125683
75_0_2_20170112205312755.jpg,75,Male,0,Asian,2,20170112205312755
53_0_0_20170120222602009.jpg,53,Male,0,White,0,20170120222602009
50_0_3_20170113184235991.jpg,50,Male,0,Indian,3,20170113184235991
89_1_0_20170120230445570.jpg,89,Female,1,White,0,20170120230445570
29_0_0_20170116221737674.jpg,29,Male,0,White,0,20170116221737674
67_0_0_20170104213103526.jpg,67,Male,0,White,0,20170104213103526
32_0_4_20170117203105065.jpg,32,Male,0,Others,4,20170117203105065
57_0_0_20170104212740101.jpg,57,Male,0,White,0,20170104212740101
27_1_0_20170117174845392.jpg,27,Female,1,White,0,20170117174845392
24_1_0_20170116222200924.jpg,24,Female,1,White,0,20170116222200924
51_1_3_20170109142417013.jpg,51,Female,1,Indian,3,20170109142417013
40_1_2_20170116222648635.jpg,40,Female,1,Asian,2,20170116222648635
45_0_3_20170119183849743.jpg,45,Male,0,Indian,3,20170119183849743
63_0_0_20170117162837819.jpg,63,Male,0,White,0,20170117162837819
10_1_0_20170109203218966.jpg,10,Female,1,White,0,20170109203218966
35_0_3_20170104214739069.jpg,35,Male,0,Indian,3,20170104214739069
3_1_2_20161219151448835.jpg,3,Female,1,Asian,2,20161219151448835
57_1_0_20170108225103840.jpg,57,Female,1,White,0,20170108225103840
1_0_2_20161219185955277.jpg,1,Male,0,Asian,2,20161219185955277
28_0_0_20170116211700944.jpg,28,Male,0,White,0,20170116211700944
30_0_0_20170116183741574.jpg,30,Male,0,White,0,20170116183741574
65_0_2_20170111205651706.jpg,65,Male,0,Asian,2,20170111205651706
22_1_0_20170117143705482.jpg,22,Female,1,White,0,20170117143705482
25_0_1_20170113132417184.jpg,25,Male,0,Black,1,20170113132417184
35_0_1_20170117104607288.jpg,35,Male,0,Black,1,20170117104607288
28_0_0_20170117202401886.jpg,28,Male,0,White,0,20170117202401886
35_0_0_20170105172445389.jpg,35,Male,0,White,0,20170105172445389
24_1_2_20170116174453096.jpg,24,Female,1,Asian,2,20170116174453096
8_0_0_20170110220610016.jpg,8,Male,0,White,0,20170110220610016
43_0_2_20170117140033069.jpg,43,Male,0,Asian,2,20170117140033069
44_1_0_20170104211529444.jpg,44,Female,1,White,0,20170104211529444
27_0_1_20170117013658301.jpg,27,Male,0,Black,1,20170117013658301
2_0_0_20161219162303390.jpg,2,Male,0,White,0,20161219162303390
22_1_3_20170119163344958.jpg,22,Female,1,Indian,3,20170119163344958
34_0_1_20170113141901691.jpg,34,Male,0,Black,1,20170113141901691
31_1_3_20170119200201348.jpg,31,Female,1,Indian,3,20170119200201348
72_0_0_20170111221945926.jpg,72,Male,0,White,0,20170111221945926
18_1_0_20170109214610454.jpg,18,Female,1,White,0,20170109214610454
26_0_0_20170117172153925.jpg,26,Male,0,White,0,20170117172153925
10_1_1_20170109203348828.jpg,10,Female,1,Black,1,20170109203348828
36_0_0_20170104201829601.jpg,36,Male,0,White,0,20170104201829601
26_0_1_20170113151923696.jpg,26,Male,0,Black,1,20170113151923696
6_1_0_20170109194207894.jpg,6,Female,1,White,0,20170109194207894
38_1_3_20170105002602973.jpg,38,Female,1,Indian,3,20170105002602973
40_1_0_20170108231152425.jpg,40,Female,1,White,0,20170108231152425
1_0_3_20161219225900970.jpg,1,Male,0,Indian,3,20161219225900970
34_0_0_20170117182649925.jpg,34,Male,0,White,0,20170117182649925
1_0_0_20170109193826712.jpg,1,Male,0,White,0,20170109193826712
25_0_3_20170119144603197.jpg,25,Male,0,Indian,3,20170119144603197
26_1_2_20170113000516258.jpg,26,Female,1,Asian,2,20170113000516258
32_1_1_20170116012153835.jpg,32,Female,1,Black,1,20170116012153835
1_1_0_20161219154506229.jpg,1,Female,1,White,0,20161219154506229
24_1_0_20170117194558907.jpg,24,Female,1,White,0,20170117194558907
23_0_0_20170117144642723.jpg,23,Male,0,White,0,20170117144642723
28_0_4_20170105162459467.jpg,28,Male,0,Others,4,20170105162459467
55_0_1_20170117015513943.jpg,55,Male,0,Black,1,20170117015513943
25_0_0_20170113210126947.jpg,25,Male,0,White,0,20170113210126947
28_1_3_20170119195103765.jpg,28,Female,1,Indian,3,20170119195103765
52_1_0_20170109220548552.jpg,52,Female,1,White,0,20170109220548552
48_1_0_20170109220537701.jpg,48,Female,1,White,0,20170109220537701
57_0_0_20170117172545585.jpg,57,Male,0,White,0,20170117172545585
16_0_0_20170110231815815.jpg,16,Male,0,White,0,20170110231815815
5_0_3_20161220220601498.jpg,5,Male,0,Indian,3,20161220220601498
25_0_0_20170117192356781.jpg,25,Male,0,White,0,20170117192356781
59_0_0_20170104185548054.jpg,59,Male,0,White,0,20170104185548054
26_0_1_20170120134608943.jpg,26,Male,0,Black,1,20170120134608943
36_0_1_20170113134421145.jpg,36,Male,0,Black,1,20170113134421145
24_1_3_20170119170559575.jpg,24,Female,1,Indian,3,20170119170559575
49_1_0_20170117160608302.jpg,49,Female,1,White,0,20170117160608302
52_1_3_20170105003248564.jpg,52,Female,1,Indian,3,20170105003248564
1_0_2_20161219140756601.jpg,1,Male,0,Asian,2,20161219140756601
2_0_2_20161219161204614.jpg,2,Male,0,Asian,2,20161219161204614
34_0_3_20170119200753235.jpg,34,Male,0,Indian,3,20170119200753235
3_1_2_20161219151926867.jpg,3,Female,1,Asian,2,20161219151926867
34_1_0_20170103163016663.jpg,34,Female,1,White,0,20170103163016663
26_0_0_20170117144522395.jpg,26,Male,0,White,0,20170117144522395
34_0_3_20170119164614317.jpg,34,Male,0,Indian,3,20170119164614317
32_0_2_20170116191422270.jpg,32,Male,0,Asian,2,20170116191422270
55_1_0_20170110160643360.jpg,55,Female,1,White,0,20170110160643360
58_0_3_20170119211523632.jpg,58,Male,0,Indian,3,20170119211523632
30_1_0_20170117143824841.jpg,30,Female,1,White,0,20170117143824841
3_0_4_20161221200453808.jpg,3,Male,0,Others,4,20161221200453808
60_0_2_20170109010253649.jpg,60,Male,0,Asian,2,20170109010253649
26_0_1_20170113182742605.jpg,26,Male,0,Black,1,20170113182742605
53_0_3_20170119201406708.jpg,53,Male,0,Indian,3,20170119201406708
40_1_0_20170117172242457.jpg,40,Female,1,White,0,20170117172242457
14_0_0_2017011022340900.jpg,14,Male,0,White,0,2017011022340900
26_0_1_20170103235317796.jpg,26,Male,0,Black,1,20170103235317796
26_0_1_20170116201931711.jpg,26,Male,0,Black,1,20170116201931711
23_1_4_20170103225807185.jpg,23,Female,1,Others,4,20170103225807185
20_1_0_20170109132033628.jpg,20,Female,1,White,0,20170109132033628
25_1_4_20170103224600280.jpg,25,Female,1,Others,4,20170103224600280
24_0_1_20170113180916549.jpg,24,Male,0,Black,1,20170113180916549
21_0_4_20161223214829361.jpg,21,Male,0,Others,4,20161223214829361
34_0_0_20170104172731554.jpg,34,Male,0,White,0,20170104172731554
20_1_0_20170119153405080.jpg,20,Female,1,White,0,20170119153405080
53_1_0_20170110141616567.jpg,53,Female,1,White,0,20170110141616567
58_0_0_20170117191924885.jpg,58,Male,0,White,0,20170117191924885
23_1_0_20170112234244982.jpg,23,Female,1,White,0,20170112234244982
2_1_4_20170117193349661.jpg,2,Female,1,Others,4,20170117193349661
100_1_0_20170112215032192.jpg,100,Female,1,White,0,20170112215032192
26_1_1_20170116014143675.jpg,26,Female,1,Black,1,20170116014143675
34_0_0_20170119200555732.jpg,34,Male,0,White,0,20170119200555732
38_0_0_20170109011114784.jpg,38,Male,0,White,0,20170109011114784
92_1_0_20170110183501116.jpg,92,Female,1,White,0,20170110183501116
35_1_2_20170109010122762.jpg,35,Female,1,Asian,2,20170109010122762
26_1_1_20170112213016277.jpg,26,Female,1,Black,1,20170112213016277
26_0_0_20170120134035224.jpg,26,Male,0,White,0,20170120134035224
5_1_0_20170109194113052.jpg,5,Female,1,White,0,20170109194113052
35_0_0_20170117204518056.jpg,35,Male,0,White,0,20170117204518056
36_0_0_20170109003426572.jpg,36,Male,0,White,0,20170109003426572
51_0_0_20170117173658531.jpg,51,Male,0,White,0,20170117173658531
28_0_1_20170116192822460.jpg,28,Male,0,Black,1,20170116192822460
14_1_3_20170104221901782.jpg,14,Female,1,Indian,3,20170104221901782
20_1_4_20170103223117967.jpg,20,Female,1,Others,4,20170103223117967
16_0_0_20170110231517869.jpg,16,Male,0,White,0,20170110231517869
36_1_0_20170104200945656.jpg,36,Female,1,White,0,20170104200945656
2_1_2_20161219195008500.jpg,2,Female,1,Asian,2,20161219195008500
28_0_1_20170116214405900.jpg,28,Male,0,Black,1,20170116214405900
50_0_0_20170117000757222.jpg,50,Male,0,White,0,20170117000757222
29_1_4_20170113011257168.jpg,29,Female,1,Others,4,20170113011257168
25_1_1_20170112205215428.jpg,25,Female,1,Black,1,20170112205215428
51_0_1_20170117173705235.jpg,51,Male,0,Black,1,20170117173705235
35_1_1_20170112233419191.jpg,35,Female,1,Black,1,20170112233419191
80_0_0_20170111205541652.jpg,80,Male,0,White,0,20170111205541652
2_1_1_20170116231935539.jpg,2,Female,1,Black,1,20170116231935539
35_1_3_20170117183036190.jpg,35,Female,1,Indian,3,20170117183036190
25_0_2_20170116172425264.jpg,25,Male,0,Asian,2,20170116172425264
60_0_2_20170116192628656.jpg,60,Male,0,Asian,2,20170116192628656
35_1_4_20170117201754494.jpg,35,Female,1,Others,4,20170117201754494
2_0_2_20161219222203111.jpg,2,Male,0,Asian,2,20161219222203111
42_0_0_20170117135614403.jpg,42,Male,0,White,0,20170117135614403
24_1_2_20170116165506261.jpg,24,Female,1,Asian,2,20170116165506261
28_0_1_20170117020911129.jpg,28,Male,0,Black,1,20170117020911129
39_0_1_20170113134340234.jpg,39,Male,0,Black,1,20170113134340234
3_1_0_20161219204203028.jpg,3,Female,1,White,0,20161219204203028
26_1_2_20170104022244853.jpg,26,Female,1,Asian,2,20170104022244853
22_1_2_20170116172718234.jpg,22,Female,1,Asian,2,20170116172718234
42_0_1_20170113190550529.jpg,42,Male,0,Black,1,20170113190550529
92_1_0_20170110175809576.jpg,92,Female,1,White,0,20170110175809576
32_0_0_20170113183737287.jpg,32,Male,0,White,0,20170113183737287
47_0_0_20170105173009578.jpg,47,Male,0,White,0,20170105173009578
80_0_0_20170111211324676.jpg,80,Male,0,White,0,20170111211324676
37_0_0_20170117114931801.jpg,37,Male,0,White,0,20170117114931801
26_1_0_20170117003208726.jpg,26,Female,1,White,0,20170117003208726
22_1_0_20170112233750014.jpg,22,Female,1,White,0,20170112233750014
28_0_2_20170116190154379.jpg,28,Male,0,Asian,2,20170116190154379
32_1_0_20170116222131069.jpg,32,Female,1,White,0,20170116222131069
2_0_2_20161219140712432.jpg,2,Male,0,Asian,2,20161219140712432
48_0_1_20170113172954867.jpg,48,Male,0,Black,1,20170113172954867
28_1_2_20170116192755650.jpg,28,Female,1,Asian,2,20170116192755650
62_0_1_20170111203832046.jpg,62,Male,0,Black,1,20170111203832046
24_1_3_20170119171022544.jpg,24,Female,1,Indian,3,20170119171022544
27_0_0_20170116204851886.jpg,27,Male,0,White,0,20170116204851886
30_0_3_20170117120952923.jpg,30,Male,0,Indian,3,20170117120952923
41_0_0_20170117154651236.jpg,41,Male,0,White,0,20170117154651236
58_0_0_20170117173244401.jpg,58,Male,0,White,0,20170117173244401
35_0_0_20170117135128959.jpg,35,Male,0,White,0,20170117135128959
24_1_3_20170119171023503.jpg,24,Female,1,Indian,3,20170119171023503
1_0_2_20161219200203132.jpg,1,Male,0,Asian,2,20161219200203132
4_1_0_20170109193102653.jpg,4,Female,1,White,0,20170109193102653
41_0_4_20170104173222571.jpg,41,Male,0,Others,4,20170104173222571
24_1_4_20170117150628875.jpg,24,Female,1,Others,4,20170117150628875
59_1_0_20170110132107674.jpg,59,Female,1,White,0,20170110132107674
86_1_0_20170110183850108.jpg,86,Female,1,White,0,20170110183850108
60_0_3_20170104220126534.jpg,60,Male,0,Indian,3,20170104220126534
45_0_1_20170113154750024.jpg,45,Male,0,Black,1,20170113154750024
53_1_3_20170109141903857.jpg,53,Female,1,Indian,3,20170109141903857
26_0_1_20170113133847367.jpg,26,Male,0,Black,1,20170113133847367
55_1_0_20170117155022829.jpg,55,Female,1,White,0,20170117155022829
27_1_2_20170116163736839.jpg,27,Female,1,Asian,2,20170116163736839
21_1_4_20170117193741701.jpg,21,Female,1,Others,4,20170117193741701
80_0_2_20170112224311842.jpg,80,Male,0,Asian,2,20170112224311842
26_0_4_20170105162624331.jpg,26,Male,0,Others,4,20170105162624331
33_1_0_20170112211922374.jpg,33,Female,1,White,0,20170112211922374
56_1_0_20170110131719553.jpg,56,Female,1,White,0,20170110131719553
25_1_0_20170117140853353.jpg,25,Female,1,White,0,20170117140853353
45_0_0_20170117183156790.jpg,45,Male,0,White,0,20170117183156790
72_0_0_20170111201853033.jpg,72,Male,0,White,0,20170111201853033
22_1_3_20170104214404028.jpg,22,Female,1,Indian,3,20170104214404028
25_1_2_20170104022809304.jpg,25,Female,1,Asian,2,20170104022809304
24_0_0_20170117150011740.jpg,24,Male,0,White,0,20170117150011740
20_1_0_20170105183449767.jpg,20,Female,1,White,0,20170105183449767
29_0_1_20170117104538522.jpg,29,Male,0,Black,1,20170117104538522
39_0_0_20170117181222276.jpg,39,Male,0,White,0,20170117181222276
36_0_3_20170119183315430.jpg,36,Male,0,Indian,3,20170119183315430
46_1_3_20170120140919993.jpg,46,Female,1,Indian,3,20170120140919993
25_1_1_20170112234214983.jpg,25,Female,1,Black,1,20170112234214983
90_0_0_20170111210545876.jpg,90,Male,0,White,0,20170111210545876
5_1_2_20161219200433267.jpg,5,Female,1,Asian,2,20161219200433267
26_0_3_20170119152946337.jpg,26,Male,0,Indian,3,20170119152946337
8_0_0_20170110220309370.jpg,8,Male,0,White,0,20170110220309370
48_1_0_20170117174150685.jpg,48,Female,1,White,0,20170117174150685
26_1_1_20170116164012804.jpg,26,Female,1,Black,1,20170116164012804
25_1_0_20170116002343174.jpg,25,Female,1,White,0,20170116002343174
47_0_0_20170108225958118.jpg,47,Male,0,White,0,20170108225958118
85_1_0_20170110182138154.jpg,85,Female,1,White,0,20170110182138154
18_1_3_20170104214217685.jpg,18,Female,1,Indian,3,20170104214217685
26_0_1_20170113135556026.jpg,26,Male,0,Black,1,20170113135556026
60_0_3_20170117191722050.jpg,60,Male,0,Indian,3,20170117191722050
45_0_0_20170117135225261.jpg,45,Male,0,White,0,20170117135225261
29_0_0_20170117120426927.jpg,29,Male,0,White,0,20170117120426927
32_0_1_20170113152839433.jpg,32,Male,0,Black,1,20170113152839433
48_0_0_20170113183802559.jpg,48,Male,0,White,0,20170113183802559
45_0_0_20170117172231908.jpg,45,Male,0,White,0,20170117172231908
28_1_0_20170117180322086.jpg,28,Female,1,White,0,20170117180322086
27_1_0_20170117150919860.jpg,27,Female,1,White,0,20170117150919860
37_0_3_20170119202258422.jpg,37,Male,0,Indian,3,20170119202258422
12_1_0_20170103200659679.jpg,12,Female,1,White,0,20170103200659679
36_0_0_20170117183111094.jpg,36,Male,0,White,0,20170117183111094
50_0_0_20170104204857675.jpg,50,Male,0,White,0,20170104204857675
46_0_3_20170109141827947.jpg,46,Male,0,Indian,3,20170109141827947
21_1_1_20170112233401623.jpg,21,Female,1,Black,1,20170112233401623
29_1_2_20170104022649462.jpg,29,Female,1,Asian,2,20170104022649462
20_1_1_20170117132642224.jpg,20,Female,1,Black,1,20170117132642224
57_0_0_20170117140047588.jpg,57,Male,0,White,0,20170117140047588
23_1_3_20170119164537949.jpg,23,Female,1,Indian,3,20170119164537949
54_1_3_20170109141510546.jpg,54,Female,1,Indian,3,20170109141510546
88_1_2_20170112003903252.jpg,88,Female,1,Asian,2,20170112003903252
39_1_0_20170103184109643.jpg,39,Female,1,White,0,20170103184109643
27_0_1_20170116203636129.jpg,27,Male,0,Black,1,20170116203636129
26_0_0_20170116235217494.jpg,26,Male,0,White,0,20170116235217494
34_0_4_20170117130526488.jpg,34,Male,0,Others,4,20170117130526488
2_0_2_20161219190509034.jpg,2,Male,0,Asian,2,20161219190509034
1_1_2_20161219194735341.jpg,1,Female,1,Asian,2,20161219194735341
8_1_0_20170109202254541.jpg,8,Female,1,White,0,20170109202254541
29_0_0_20170117120546242.jpg,29,Male,0,White,0,20170117120546242
35_1_0_20170117182902622.jpg,35,Female,1,White,0,20170117182902622
23_0_1_20170117012400519.jpg,23,Male,0,Black,1,20170117012400519
24_1_4_20170116214244943.jpg,24,Female,1,Others,4,20170116214244943
28_0_1_20170113134651866.jpg,28,Male,0,Black,1,20170113134651866
10_0_0_20170110220539329.jpg,10,Male,0,White,0,20170110220539329
26_0_2_20170116182630634.jpg,26,Male,0,Asian,2,20170116182630634
32_1_0_20170117182539124.jpg,32,Female,1,White,0,20170117182539124
36_0_0_20170116215747049.jpg,36,Male,0,White,0,20170116215747049
26_0_0_20170113210126743.jpg,26,Male,0,White,0,20170113210126743
29_0_0_20170104184656046.jpg,29,Male,0,White,0,20170104184656046
26_0_1_20170116192106714.jpg,26,Male,0,Black,1,20170116192106714
32_1_3_20170119163219372.jpg,32,Female,1,Indian,3,20170119163219372
33_1_0_20170117174746798.jpg,33,Female,1,White,0,20170117174746798
35_0_3_20170116210123526.jpg,35,Male,0,Indian,3,20170116210123526
58_0_2_20170116193610463.jpg,58,Male,0,Asian,2,20170116193610463
85_0_2_20170111210729606.jpg,85,Male,0,Asian,2,20170111210729606
48_0_3_20170119181346742.jpg,48,Male,0,Indian,3,20170119181346742
22_1_3_20170105002553629.jpg,22,Female,1,Indian,3,20170105002553629
50_1_0_20170117134105409.jpg,50,Female,1,White,0,20170117134105409
39_0_0_20170109002838942.jpg,39,Male,0,White,0,20170109002838942
23_1_3_20170119164552438.jpg,23,Female,1,Indian,3,20170119164552438
48_0_4_20170117163407198.jpg,48,Male,0,Others,4,20170117163407198
23_1_0_20170112234315344.jpg,23,Female,1,White,0,20170112234315344
22_1_1_20170114031355312.jpg,22,Female,1,Black,1,20170114031355312
28_0_2_20170112213615815.jpg,28,Male,0,Asian,2,20170112213615815
58_0_3_20170119211651056.jpg,58,Male,0,Indian,3,20170119211651056
24_1_4_20170103223727135.jpg,24,Female,1,Others,4,20170103223727135
1_0_4_20161221192855037.jpg,1,Male,0,Others,4,20161221192855037
32_1_1_20170117203619504.jpg,32,Female,1,Black,1,20170117203619504
40_1_0_20170104185155934.jpg,40,Female,1,White,0,20170104185155934
70_1_3_20170109142852824.jpg,70,Female,1,Indian,3,20170109142852824
65_1_0_20170110160643938.jpg,65,Female,1,White,0,20170110160643938
21_1_3_20170104222046054.jpg,21,Female,1,Indian,3,20170104222046054
1_0_0_20161219194004596.jpg,1,Male,0,White,0,20161219194004596
26_1_1_20170116225222631.jpg,26,Female,1,Black,1,20170116225222631
26_0_2_20170116175904702.jpg,26,Male,0,Asian,2,20170116175904702
42_1_1_20170113012009655.jpg,42,Female,1,Black,1,20170113012009655
8_1_3_20161220220229729.jpg,8,Female,1,Indian,3,20161220220229729
37_0_1_20170117164255088.jpg,37,Male,0,Black,1,20170117164255088
32_1_4_20170117203123744.jpg,32,Female,1,Others,4,20170117203123744
1_1_4_20161221195027223.jpg,1,Female,1,Others,4,20161221195027223
38_1_0_20170117130939679.jpg,38,Female,1,White,0,20170117130939679
30_0_2_20170119151403775.jpg,30,Male,0,Asian,2,20170119151403775
43_0_1_20170116205314288.jpg,43,Male,0,Black,1,20170116205314288
55_0_0_20170117000800699.jpg,55,Male,0,White,0,20170117000800699
55_0_2_20170112222311322.jpg,55,Male,0,Asian,2,20170112222311322
58_0_3_20170109140942312.jpg,58,Male,0,Indian,3,20170109140942312
26_1_2_20170116184052988.jpg,26,Female,1,Asian,2,20170116184052988
65_0_0_20170117172625586.jpg,65,Male,0,White,0,20170117172625586
28_1_1_20170114031108125.jpg,28,Female,1,Black,1,20170114031108125
1_0_0_20170110213043946.jpg,1,Male,0,White,0,20170110213043946
2_0_4_20161221195201991.jpg,2,Male,0,Others,4,20161221195201991
28_1_1_20170112210934053.jpg,28,Female,1,Black,1,20170112210934053
26_1_1_20170112211356292.jpg,26,Female,1,Black,1,20170112211356292
28_1_1_20170116023923708.jpg,28,Female,1,Black,1,20170116023923708
17_0_0_20170110231535087.jpg,17,Male,0,White,0,20170110231535087
21_1_1_20170103223257503.jpg,21,Female,1,Black,1,20170103223257503
22_1_4_20170103233642227.jpg,22,Female,1,Others,4,20170103233642227
16_1_2_20170109214153823.jpg,16,Female,1,Asian,2,20170109214153823
26_0_3_20170104230310913.jpg,26,Male,0,Indian,3,20170104230310913
68_0_0_20170117171135900.jpg,68,Male,0,White,0,20170117171135900
42_1_4_20170103225757192.jpg,42,Female,1,Others,4,20170103225757192
28_1_2_20170116172601009.jpg,28,Female,1,Asian,2,20170116172601009
30_1_0_20170103180631960.jpg,30,Female,1,White,0,20170103180631960
29_1_1_20170116023632884.jpg,29,Female,1,Black,1,20170116023632884
58_0_1_20170120222527209.jpg,58,Male,0,Black,1,20170120222527209
80_0_0_20170117173759783.jpg,80,Male,0,White,0,20170117173759783
3_1_0_20170109192304730.jpg,3,Female,1,White,0,20170109192304730
50_0_0_20170117190657761.jpg,50,Male,0,White,0,20170117190657761
22_1_2_20170104015815276.jpg,22,Female,1,Asian,2,20170104015815276
16_1_0_20170109212802540.jpg,16,Female,1,White,0,20170109212802540
26_0_2_20170116183022038.jpg,26,Male,0,Asian,2,20170116183022038
15_1_4_20170103214742821.jpg,15,Female,1,Others,4,20170103214742821
31_1_0_20170103163117935.jpg,31,Female,1,White,0,20170103163117935
45_0_3_20170119200658085.jpg,45,Male,0,Indian,3,20170119200658085
48_0_0_20170117174428789.jpg,48,Male,0,White,0,20170117174428789
31_1_4_20170112235052769.jpg,31,Female,1,Others,4,20170112235052769
26_1_1_20170112230436478.jpg,26,Female,1,Black,1,20170112230436478
60_0_0_20170120220406122.jpg,60,Male,0,White,0,20170120220406122
42_0_0_20170117154804658.jpg,42,Male,0,White,0,20170117154804658
36_0_0_20170104203841107.jpg,36,Male,0,White,0,20170104203841107
4_1_4_20161221201935361.jpg,4,Female,1,Others,4,20161221201935361
36_1_0_20170103182523314.jpg,36,Female,1,White,0,20170103182523314
29_1_2_20170116220903106.jpg,29,Female,1,Asian,2,20170116220903106
65_0_0_20170111200004259.jpg,65,Male,0,White,0,20170111200004259
28_1_2_20170116175834466.jpg,28,Female,1,Asian,2,20170116175834466
28_0_3_20170117121559306.jpg,28,Male,0,Indian,3,20170117121559306
26_0_0_20170105164133579.jpg,26,Male,0,White,0,20170105164133579
36_0_1_20170113142408744.jpg,36,Male,0,Black,1,20170113142408744
1_1_0_20170109190846125.jpg,1,Female,1,White,0,20170109190846125
60_1_0_20170110123131564.jpg,60,Female,1,White,0,20170110123131564
58_0_3_20170119165822974.jpg,58,Male,0,Indian,3,20170119165822974
48_0_0_20170109004813150.jpg,48,Male,0,White,0,20170109004813150
60_0_3_20170119201822925.jpg,60,Male,0,Indian,3,20170119201822925
64_1_0_20170110132112143.jpg,64,Female,1,White,0,20170110132112143
26_1_0_20170117131041963.jpg,26,Female,1,White,0,20170117131041963
39_1_4_20170104204507323.jpg,39,Female,1,Others,4,20170104204507323
22_1_4_20170117193939053.jpg,22,Female,1,Others,4,20170117193939053
54_0_0_20170104211558436.jpg,54,Male,0,White,0,20170104211558436
46_1_0_20170120133524101.jpg,46,Female,1,White,0,20170120133524101
37_0_3_20170105175547134.jpg,37,Male,0,Indian,3,20170105175547134
36_1_4_20170105164808838.jpg,36,Female,1,Others,4,20170105164808838
65_0_0_20170111205148232.jpg,65,Male,0,White,0,20170111205148232
18_0_3_20170104230409040.jpg,18,Male,0,Indian,3,20170104230409040
32_0_2_20170116190057472.jpg,32,Male,0,Asian,2,20170116190057472
54_1_0_20170117171658965.jpg,54,Female,1,White,0,20170117171658965
26_0_3_20170119180506660.jpg,26,Male,0,Indian,3,20170119180506660
10_1_3_20170104221711437.jpg,10,Female,1,Indian,3,20170104221711437
28_1_0_20170117202609983.jpg,28,Female,1,White,0,20170117202609983
21_1_3_20170119153944161.jpg,21,Female,1,Indian,3,20170119153944161
40_0_0_20170117175712368.jpg,40,Male,0,White,0,20170117175712368
8_1_2_20170109203855544.jpg,8,Female,1,Asian,2,20170109203855544
37_1_1_20170117172409586.jpg,37,Female,1,Black,1,20170117172409586
78_0_0_20170120230506347.jpg,78,Male,0,White,0,20170120230506347
24_1_2_20170116174418910.jpg,24,Female,1,Asian,2,20170116174418910
72_1_0_20170110183814706.jpg,72,Female,1,White,0,20170110183814706
26_0_1_20170113135256601.jpg,26,Male,0,Black,1,20170113135256601
53_0_1_20170116191725055.jpg,53,Male,0,Black,1,20170116191725055
24_1_1_20170113000048018.jpg,24,Female,1,Black,1,20170113000048018
85_1_3_20170110183438488.jpg,85,Female,1,Indian,3,20170110183438488
9_1_0_20170104013159819.jpg,9,Female,1,White,0,20170104013159819
28_0_4_20170109140345949.jpg,28,Male,0,Others,4,20170109140345949
1_0_2_20161219155411381.jpg,1,Male,0,Asian,2,20161219155411381
1_0_0_20170110213748813.jpg,1,Male,0,White,0,20170110213748813
34_0_0_20170117182747501.jpg,34,Male,0,White,0,20170117182747501
35_1_0_20170120140127200.jpg,35,Female,1,White,0,20170120140127200
38_0_0_20170117120142691.jpg,38,Male,0,White,0,20170117120142691
53_0_1_20170113174111826.jpg,53,Male,0,Black,1,20170113174111826
2_0_2_20161219162403159.jpg,2,Male,0,Asian,2,20161219162403159
54_1_0_20170105173508749.jpg,54,Female,1,White,0,20170105173508749
34_0_1_20170113182409981.jpg,34,Male,0,Black,1,20170113182409981
27_1_0_20170103183523123.jpg,27,Female,1,White,0,20170103183523123
14_1_0_20170109204846649.jpg,14,Female,1,White,0,20170109204846649
28_0_1_20170113133624449.jpg,28,Male,0,Black,1,20170113133624449
45_0_3_20170119183426844.jpg,45,Male,0,Indian,3,20170119183426844
22_0_2_20170104020041910.jpg,22,Male,0,Asian,2,20170104020041910
45_1_2_20170116001025936.jpg,45,Female,1,Asian,2,20170116001025936
21_0_0_20170116225141614.jpg,21,Male,0,White,0,20170116225141614
13_1_0_20170109214314841.jpg,13,Female,1,White,0,20170109214314841
35_1_0_20170104171631209.jpg,35,Female,1,White,0,20170104171631209
24_1_0_20170116220128735.jpg,24,Female,1,White,0,20170116220128735
13_1_0_20170109205049477.jpg,13,Female,1,White,0,20170109205049477
40_0_3_20170119204141439.jpg,40,Male,0,Indian,3,20170119204141439
28_1_0_20170103182242233.jpg,28,Female,1,White,0,20170103182242233
26_1_0_20170116173105204.jpg,26,Female,1,White,0,20170116173105204
40_1_0_20170104204319051.jpg,40,Female,1,White,0,20170104204319051
32_0_2_20170104022020333.jpg,32,Male,0,Asian,2,20170104022020333
45_1_0_20170110154302056.jpg,45,Female,1,White,0,20170110154302056
17_0_0_20170116182812470.jpg,17,Male,0,White,0,20170116182812470
50_0_0_20170111171747294.jpg,50,Male,0,White,0,20170111171747294
5_1_1_20161219190410076.jpg,5,Female,1,Black,1,20161219190410076
26_1_0_20170116234614748.jpg,26,Female,1,White,0,20170116234614748
35_1_2_20170116191844463.jpg,35,Female,1,Asian,2,20170116191844463
45_0_0_20170117121756358.jpg,45,Male,0,White,0,20170117121756358
45_0_0_20170104202058505.jpg,45,Male,0,White,0,20170104202058505
26_1_3_20170104222745511.jpg,26,Female,1,Indian,3,20170104222745511
48_1_0_20170117133139314.jpg,48,Female,1,White,0,20170117133139314
55_0_3_20170119211435313.jpg,55,Male,0,Indian,3,20170119211435313
26_1_0_20170109002353702.jpg,26,Female,1,White,0,20170109002353702
60_1_0_20170110143517260.jpg,60,Female,1,White,0,20170110143517260
5_1_2_20161219142543345.jpg,5,Female,1,Asian,2,20161219142543345
71_0_1_20170117135455600.jpg,71,Male,0,Black,1,20170117135455600
82_0_0_20170111210217828.jpg,82,Male,0,White,0,20170111210217828
36_1_1_20170117135855155.jpg,36,Female,1,Black,1,20170117135855155
80_0_0_20170111205531200.jpg,80,Male,0,White,0,20170111205531200
55_0_3_20170119211432745.jpg,55,Male,0,Indian,3,20170119211432745
42_1_0_20170104235631908.jpg,42,Female,1,White,0,20170104235631908
52_0_1_20170117175021585.jpg,52,Male,0,Black,1,20170117175021585
76_1_0_20170110181730883.jpg,76,Female,1,White,0,20170110181730883
29_0_3_20170119165856407.jpg,29,Male,0,Indian,3,20170119165856407
66_1_0_20170110141312880.jpg,66,Female,1,White,0,20170110141312880
29_1_1_20170113001147795.jpg,29,Female,1,Black,1,20170113001147795
26_0_4_20170117153355923.jpg,26,Male,0,Others,4,20170117153355923
70_0_1_20170117173252160.jpg,70,Male,0,Black,1,20170117173252160
29_0_0_20170117180851443.jpg,29,Male,0,White,0,20170117180851443
29_0_1_20170117095006160.jpg,29,Male,0,Black,1,20170117095006160
39_1_0_20170105164709185.jpg,39,Female,1,White,0,20170105164709185
29_1_1_20170112204807283.jpg,29,Female,1,Black,1,20170112204807283
27_0_1_20170113135622875.jpg,27,Male,0,Black,1,20170113135622875
70_0_0_20170117171248579.jpg,70,Male,0,White,0,20170117171248579
36_0_1_20170117163535860.jpg,36,Male,0,Black,1,20170117163535860
35_0_1_20170117164220595.jpg,35,Male,0,Black,1,20170117164220595
2_0_2_20161219192307618.jpg,2,Male,0,Asian,2,20161219192307618
54_0_1_20170117183557856.jpg,54,Male,0,Black,1,20170117183557856
40_1_0_20170116211621237.jpg,40,Female,1,White,0,20170116211621237
21_1_3_20170104222121713.jpg,21,Female,1,Indian,3,20170104222121713
43_0_0_20170119163815846.jpg,43,Male,0,White,0,20170119163815846
28_0_3_20170119194554827.jpg,28,Male,0,Indian,3,20170119194554827
35_0_0_20170117120747082.jpg,35,Male,0,White,0,20170117120747082
35_1_1_20170117154230213.jpg,35,Female,1,Black,1,20170117154230213
41_0_0_20170117154648336.jpg,41,Male,0,White,0,20170117154648336
29_1_1_20170116195846538.jpg,29,Female,1,Black,1,20170116195846538
3_1_2_20161219141746993.jpg,3,Female,1,Asian,2,20161219141746993
41_1_0_20170105001044524.jpg,41,Female,1,White,0,20170105001044524
45_0_0_20170105172822861.jpg,45,Male,0,White,0,20170105172822861
60_0_1_20170117163534458.jpg,60,Male,0,Black,1,20170117163534458
4_1_2_20161219153752980.jpg,4,Female,1,Asian,2,20161219153752980
28_1_3_20170119194940491.jpg,28,Female,1,Indian,3,20170119194940491
5_0_2_20170103210403442.jpg,5,Male,0,Asian,2,20170103210403442
25_0_0_20170116200929068.jpg,25,Male,0,White,0,20170116200929068
34_0_0_20170117203227887.jpg,34,Male,0,White,0,20170117203227887
29_1_2_20170116173225104.jpg,29,Female,1,Asian,2,20170116173225104
27_0_0_20170104201504434.jpg,27,Male,0,White,0,20170104201504434
1_0_2_20161219212535950.jpg,1,Male,0,Asian,2,20161219212535950
48_0_3_20170119201722708.jpg,48,Male,0,Indian,3,20170119201722708
58_0_0_20170117193919120.jpg,58,Male,0,White,0,20170117193919120
35_0_1_20170117135116141.jpg,35,Male,0,Black,1,20170117135116141
26_1_0_20170116165702615.jpg,26,Female,1,White,0,20170116165702615
35_1_3_20170119163902152.jpg,35,Female,1,Indian,3,20170119163902152
26_0_1_20170117195949276.jpg,26,Male,0,Black,1,20170117195949276
22_0_1_20170113133326664.jpg,22,Male,0,Black,1,20170113133326664
25_1_3_20170119154344723.jpg,25,Female,1,Indian,3,20170119154344723
42_0_0_20170104204536019.jpg,42,Male,0,White,0,20170104204536019
20_0_0_20170113184350758.jpg,20,Male,0,White,0,20170113184350758
36_1_0_20170113182833573.jpg,36,Female,1,White,0,20170113182833573
12_0_0_20170117190914091.jpg,12,Male,0,White,0,20170117190914091
15_0_2_20170104011938218.jpg,15,Male,0,Asian,2,20170104011938218
64_1_0_20170104171502307.jpg,64,Female,1,White,0,20170104171502307
26_1_0_20170103182456297.jpg,26,Female,1,White,0,20170103182456297
26_1_1_20170116232538007.jpg,26,Female,1,Black,1,20170116232538007
6_1_0_20170109205251485.jpg,6,Female,1,White,0,20170109205251485
31_0_2_20170109001137996.jpg,31,Male,0,Asian,2,20170109001137996
52_0_0_20170104212243804.jpg,52,Male,0,White,0,20170104212243804
52_0_0_20170104212249957.jpg,52,Male,0,White,0,20170104212249957
32_0_0_20170105172708084.jpg,32,Male,0,White,0,20170105172708084
24_0_1_20170113132554696.jpg,24,Male,0,Black,1,20170113132554696
37_0_3_20170119202342181.jpg,37,Male,0,Indian,3,20170119202342181
26_1_1_20170112213007903.jpg,26,Female,1,Black,1,20170112213007903
15_1_0_20170109214352795.jpg,15,Female,1,White,0,20170109214352795
18_0_1_20170114030410225.jpg,18,Male,0,Black,1,20170114030410225
70_1_0_20170110122856556.jpg,70,Female,1,White,0,20170110122856556
2_1_4_20170103210335629.jpg,2,Female,1,Others,4,20170103210335629
41_0_2_20170108231441401.jpg,41,Male,0,Asian,2,20170108231441401
29_1_1_20170113000843651.jpg,29,Female,1,Black,1,20170113000843651
7_1_4_20161221193136085.jpg,7,Female,1,Others,4,20161221193136085
27_0_0_20170117175615777.jpg,27,Male,0,White,0,20170117175615777
41_1_1_20170116160535875.jpg,41,Female,1,Black,1,20170116160535875
18_1_0_20170109214813691.jpg,18,Female,1,White,0,20170109214813691
37_1_0_20170103182952754.jpg,37,Female,1,White,0,20170103182952754
25_0_0_20170117151643003.jpg,25,Male,0,White,0,20170117151643003
26_0_0_20170116192052348.jpg,26,Male,0,White,0,20170116192052348
58_0_3_20170119211539872.jpg,58,Male,0,Indian,3,20170119211539872
45_0_3_20170119201152003.jpg,45,Male,0,Indian,3,20170119201152003
1_0_4_20170103210731970.jpg,1,Male,0,Others,4,20170103210731970
1_0_4_20161221195955560.jpg,1,Male,0,Others,4,20161221195955560
26_1_2_20170116183745463.jpg,26,Female,1,Asian,2,20170116183745463
15_1_2_20161219193333691.jpg,15,Female,1,Asian,2,20161219193333691
8_1_0_20170109204532695.jpg,8,Female,1,White,0,20170109204532695
39_0_0_20170117154233939.jpg,39,Male,0,White,0,20170117154233939
2_0_4_20161221200605305.jpg,2,Male,0,Others,4,20161221200605305
26_1_0_20170103213110260.jpg,26,Female,1,White,0,20170103213110260
35_1_1_20170112210437469.jpg,35,Female,1,Black,1,20170112210437469
16_1_0_20170109214535714.jpg,16,Female,1,White,0,20170109214535714
26_1_1_20170112210754466.jpg,26,Female,1,Black,1,20170112210754466
26_1_2_20170116184706391.jpg,26,Female,1,Asian,2,20170116184706391
85_1_0_20170110183522560.jpg,85,Female,1,White,0,20170110183522560
27_0_0_20170103181014215.jpg,27,Male,0,White,0,20170103181014215
54_0_3_20170119210123256.jpg,54,Male,0,Indian,3,20170119210123256
38_1_1_20170113005602013.jpg,38,Female,1,Black,1,20170113005602013
30_1_0_20170117181545532.jpg,30,Female,1,White,0,20170117181545532
88_1_2_20170110182404089.jpg,88,Female,1,Asian,2,20170110182404089
80_0_0_20170111211700924.jpg,80,Male,0,White,0,20170111211700924
9_1_0_20170105000600802.jpg,9,Female,1,White,0,20170105000600802
39_1_0_20170117154453643.jpg,39,Female,1,White,0,20170117154453643
27_1_3_20170119194419338.jpg,27,Female,1,Indian,3,20170119194419338
1_1_2_20161220220018380.jpg,1,Female,1,Asian,2,20161220220018380
45_0_3_20170117133824630.jpg,45,Male,0,Indian,3,20170117133824630
56_0_0_20170105175625694.jpg,56,Male,0,White,0,20170105175625694
56_0_1_20170113184309735.jpg,56,Male,0,Black,1,20170113184309735
26_1_0_20170117175315496.jpg,26,Female,1,White,0,20170117175315496
14_1_0_20170109212926958.jpg,14,Female,1,White,0,20170109212926958
28_0_0_20170113133905983.jpg,28,Male,0,White,0,20170113133905983
37_1_0_20170103163428135.jpg,37,Female,1,White,0,20170103163428135
13_0_0_20170110224745977.jpg,13,Male,0,White,0,20170110224745977
30_1_1_20170113195544997.jpg,30,Female,1,Black,1,20170113195544997
36_1_0_20170113010354991.jpg,36,Female,1,White,0,20170113010354991
45_0_1_20170117141846901.jpg,45,Male,0,Black,1,20170117141846901
28_1_2_20170105162338411.jpg,28,Female,1,Asian,2,20170105162338411
48_1_2_20170109002813437.jpg,48,Female,1,Asian,2,20170109002813437
26_1_2_20170116175443429.jpg,26,Female,1,Asian,2,20170116175443429
26_0_1_20170113134400497.jpg,26,Male,0,Black,1,20170113134400497
25_1_3_20170104222218775.jpg,25,Female,1,Indian,3,20170104222218775
14_1_0_20170103183504594.jpg,14,Female,1,White,0,20170103183504594
1_0_3_20161219225952240.jpg,1,Male,0,Indian,3,20161219225952240
34_1_0_20170105172420589.jpg,34,Female,1,White,0,20170105172420589
35_0_2_20170116191801122.jpg,35,Male,0,Asian,2,20170116191801122
34_0_0_20170104165555523.jpg,34,Male,0,White,0,20170104165555523
1_1_1_20170109194545320.jpg,1,Female,1,Black,1,20170109194545320
25_0_3_20170119171147449.jpg,25,Male,0,Indian,3,20170119171147449
26_1_0_20170120134302655.jpg,26,Female,1,White,0,20170120134302655
28_0_3_20170119194437131.jpg,28,Male,0,Indian,3,20170119194437131
2_1_4_20161221195142095.jpg,2,Female,1,Others,4,20161221195142095
26_0_2_20170116181100669.jpg,26,Male,0,Asian,2,20170116181100669
6_0_3_20170119145452429.jpg,6,Male,0,Indian,3,20170119145452429
75_1_1_20170113013039564.jpg,75,Female,1,Black,1,20170113013039564
35_1_0_20170116222737439.jpg,35,Female,1,White,0,20170116222737439
22_1_3_20170104223821199.jpg,22,Female,1,Indian,3,20170104223821199
40_1_2_20170116164250912.jpg,40,Female,1,Asian,2,20170116164250912
32_0_1_20170117121639290.jpg,32,Male,0,Black,1,20170117121639290
24_1_4_20170103235057348.jpg,24,Female,1,Others,4,20170103235057348
59_1_0_20170110141359968.jpg,59,Female,1,White,0,20170110141359968
26_1_0_20170117170847202.jpg,26,Female,1,White,0,20170117170847202
76_0_0_20170111210806003.jpg,76,Male,0,White,0,20170111210806003
26_0_1_20170113152741498.jpg,26,Male,0,Black,1,20170113152741498
53_0_0_20170120223117140.jpg,53,Male,0,White,0,20170120223117140
2_0_3_20161219225137296.jpg,2,Male,0,Indian,3,20161219225137296
26_1_3_20170104222805519.jpg,26,Female,1,Indian,3,20170104222805519
35_1_1_20170117154025584.jpg,35,Female,1,Black,1,20170117154025584
75_1_0_20170110182959300.jpg,75,Female,1,White,0,20170110182959300
69_0_3_20170112224615052.jpg,69,Male,0,Indian,3,20170112224615052
32_0_0_20170119200343782.jpg,32,Male,0,White,0,20170119200343782
27_0_0_20170117184509194.jpg,27,Male,0,White,0,20170117184509194
39_1_3_20170104234641563.jpg,39,Female,1,Indian,3,20170104234641563
28_1_0_20170117180716305.jpg,28,Female,1,White,0,20170117180716305
1_0_2_20161219205313061.jpg,1,Male,0,Asian,2,20161219205313061
61_1_3_20170105001450436.jpg,61,Female,1,Indian,3,20170105001450436
31_1_1_20170117162539709.jpg,31,Female,1,Black,1,20170117162539709
11_1_0_20170117133441179.jpg,11,Female,1,White,0,20170117133441179
26_0_0_20170117172035787.jpg,26,Male,0,White,0,20170117172035787
26_0_0_20170117152914653.jpg,26,Male,0,White,0,20170117152914653
29_1_1_20170113012341792.jpg,29,Female,1,Black,1,20170113012341792
53_0_0_20170109012725288.jpg,53,Male,0,White,0,20170109012725288
23_1_2_20170116173017785.jpg,23,Female,1,Asian,2,20170116173017785
2_1_3_20161219225738912.jpg,2,Female,1,Indian,3,20161219225738912
40_0_2_20170116162129430.jpg,40,Male,0,Asian,2,20170116162129430
26_1_3_20170117174342230.jpg,26,Female,1,Indian,3,20170117174342230
58_0_0_20170117190757797.jpg,58,Male,0,White,0,20170117190757797
25_1_2_20170116170355441.jpg,25,Female,1,Asian,2,20170116170355441
29_1_2_20170116165524217.jpg,29,Female,1,Asian,2,20170116165524217
37_0_0_20170119202220220.jpg,37,Male,0,White,0,20170119202220220
26_0_2_20170119184042373.jpg,26,Male,0,Asian,2,20170119184042373
26_0_1_20170117195438339.jpg,26,Male,0,Black,1,20170117195438339
26_0_3_20170119183851623.jpg,26,Male,0,Indian,3,20170119183851623
28_1_0_20170104021158812.jpg,28,Female,1,White,0,20170104021158812
35_1_1_20170112215240346.jpg,35,Female,1,Black,1,20170112215240346
40_0_0_20170117151322627.jpg,40,Male,0,White,0,20170117151322627
21_1_1_20170112231637574.jpg,21,Female,1,Black,1,20170112231637574
58_0_0_20170111171747501.jpg,58,Male,0,White,0,20170111171747501
20_1_0_20170116205807966.jpg,20,Female,1,White,0,20170116205807966
8_0_3_20170104230744745.jpg,8,Male,0,Indian,3,20170104230744745
47_0_0_20170117195457344.jpg,47,Male,0,White,0,20170117195457344
31_0_0_20170117133142224.jpg,31,Male,0,White,0,20170117133142224
54_0_0_20170116193350285.jpg,54,Male,0,White,0,20170116193350285
26_0_2_20170116175926376.jpg,26,Male,0,Asian,2,20170116175926376
38_1_0_20170104201618841.jpg,38,Female,1,White,0,20170104201618841
24_1_1_20170113195635133.jpg,24,Female,1,Black,1,20170113195635133
23_1_3_20170119155754275.jpg,23,Female,1,Indian,3,20170119155754275
35_0_0_20170116003147625.jpg,35,Male,0,White,0,20170116003147625
2_1_4_20161221192821980.jpg,2,Female,1,Others,4,20161221192821980
29_1_3_20170104232729436.jpg,29,Female,1,Indian,3,20170104232729436
4_1_2_20161219142227369.jpg,4,Female,1,Asian,2,20161219142227369
3_0_0_20170110213445289.jpg,3,Male,0,White,0,20170110213445289
85_1_0_20170110182858189.jpg,85,Female,1,White,0,20170110182858189
20_0_0_20170104230048181.jpg,20,Male,0,White,0,20170104230048181
31_0_0_20170105173759693.jpg,31,Male,0,White,0,20170105173759693
36_0_1_20170113135650138.jpg,36,Male,0,Black,1,20170113135650138
27_1_0_20170117120650933.jpg,27,Female,1,White,0,20170117120650933
27_0_3_20170119153330881.jpg,27,Male,0,Indian,3,20170119153330881
34_0_3_20170117182647085.jpg,34,Male,0,Indian,3,20170117182647085
1_1_3_20161220220521921.jpg,1,Female,1,Indian,3,20161220220521921
40_0_0_20170104205037859.jpg,40,Male,0,White,0,20170104205037859
75_0_2_20170112205449036.jpg,75,Male,0,Asian,2,20170112205449036
37_0_1_20170116202035694.jpg,37,Male,0,Black,1,20170116202035694
36_0_0_20170104181434717.jpg,36,Male,0,White,0,20170104181434717
46_0_3_20170119200749075.jpg,46,Male,0,Indian,3,20170119200749075
35_1_1_20170116233126804.jpg,35,Female,1,Black,1,20170116233126804
50_1_0_20170110154654768.jpg,50,Female,1,White,0,20170110154654768
34_1_2_20170108224608753.jpg,34,Female,1,Asian,2,20170108224608753
45_0_3_20170119194525986.jpg,45,Male,0,Indian,3,20170119194525986
4_1_2_20161219141536392.jpg,4,Female,1,Asian,2,20161219141536392
28_0_4_20170103235827230.jpg,28,Male,0,Others,4,20170103235827230
38_1_2_20170116162028800.jpg,38,Female,1,Asian,2,20170116162028800
44_0_3_20170119171751384.jpg,44,Male,0,Indian,3,20170119171751384
19_1_2_20170116212110227.jpg,19,Female,1,Asian,2,20170116212110227
24_1_2_20170104020359556.jpg,24,Female,1,Asian,2,20170104020359556
8_1_0_20170109201110396.jpg,8,Female,1,White,0,20170109201110396
26_1_3_20170119155612442.jpg,26,Female,1,Indian,3,20170119155612442
26_1_0_20170117001121254.jpg,26,Female,1,White,0,20170117001121254
2_0_2_20161219151233595.jpg,2,Male,0,Asian,2,20161219151233595
26_0_1_20170117200522916.jpg,26,Male,0,Black,1,20170117200522916
31_0_1_20170117135430980.jpg,31,Male,0,Black,1,20170117135430980
20_1_4_20170103225149441.jpg,20,Female,1,Others,4,20170103225149441
33_1_0_20170107213730053.jpg,33,Female,1,White,0,20170107213730053
18_0_1_20170116204909922.jpg,18,Male,0,Black,1,20170116204909922
33_0_4_20170104172723834.jpg,33,Male,0,Others,4,20170104172723834
27_1_0_20170113001007203.jpg,27,Female,1,White,0,20170113001007203
5_1_2_20161219163010238.jpg,5,Female,1,Asian,2,20161219163010238
23_1_3_20170119164541157.jpg,23,Female,1,Indian,3,20170119164541157
75_0_0_20170111205932368.jpg,75,Male,0,White,0,20170111205932368
46_1_0_20170109002625012.jpg,46,Female,1,White,0,20170109002625012
24_1_2_20170116171024225.jpg,24,Female,1,Asian,2,20170116171024225
40_0_3_20170119210144247.jpg,40,Male,0,Indian,3,20170119210144247
28_0_0_20170117180537129.jpg,28,Male,0,White,0,20170117180537129
60_0_3_20170119205901832.jpg,60,Male,0,Indian,3,20170119205901832
28_0_3_20170119194430402.jpg,28,Male,0,Indian,3,20170119194430402
26_0_0_20170112205758123.jpg,26,Male,0,White,0,20170112205758123
30_0_1_20170104170359625.jpg,30,Male,0,Black,1,20170104170359625
32_1_4_20170103180839999.jpg,32,Female,1,Others,4,20170103180839999
30_1_1_20170110120856819.jpg,30,Female,1,Black,1,20170110120856819
42_0_4_20170117142732651.jpg,42,Male,0,Others,4,20170117142732651
23_1_4_20161223214747066.jpg,23,Female,1,Others,4,20161223214747066
27_1_0_20170116204847296.jpg,27,Female,1,White,0,20170116204847296
26_1_2_20170116180722613.jpg,26,Female,1,Asian,2,20170116180722613
32_1_0_20170104234919354.jpg,32,Female,1,White,0,20170104234919354
3_0_2_20161219190552779.jpg,3,Male,0,Asian,2,20161219190552779
26_0_0_20170117170723363.jpg,26,Male,0,White,0,20170117170723363
28_0_3_20170104194548120.jpg,28,Male,0,Indian,3,20170104194548120
45_0_0_20170116224641273.jpg,45,Male,0,White,0,20170116224641273
20_1_1_20170112231413086.jpg,20,Female,1,Black,1,20170112231413086
30_0_0_20170117171825818.jpg,30,Male,0,White,0,20170117171825818
47_0_0_20170104210353956.jpg,47,Male,0,White,0,20170104210353956
22_0_2_20170116175910195.jpg,22,Male,0,Asian,2,20170116175910195
1_0_3_20161219230455336.jpg,1,Male,0,Indian,3,20161219230455336
40_0_2_20170116233718823.jpg,40,Male,0,Asian,2,20170116233718823
21_1_4_20170103234037067.jpg,21,Female,1,Others,4,20170103234037067
26_1_2_20170104020934116.jpg,26,Female,1,Asian,2,20170104020934116
32_0_1_20170113141523611.jpg,32,Male,0,Black,1,20170113141523611
42_1_0_20170105000836339.jpg,42,Female,1,White,0,20170105000836339
27_1_2_20170116165450739.jpg,27,Female,1,Asian,2,20170116165450739
35_0_0_20170117134937660.jpg,35,Male,0,White,0,20170117134937660
10_0_0_20170110215927291.jpg,10,Male,0,White,0,20170110215927291
26_1_1_20170116160229813.jpg,26,Female,1,Black,1,20170116160229813
60_1_2_20170110151419801.jpg,60,Female,1,Asian,2,20170110151419801
1_1_3_20161220220216145.jpg,1,Female,1,Indian,3,20161220220216145
82_0_0_20170111205943203.jpg,82,Male,0,White,0,20170111205943203
26_1_1_20170113000717466.jpg,26,Female,1,Black,1,20170113000717466
29_0_0_20170119195323402.jpg,29,Male,0,White,0,20170119195323402
21_0_3_20170117141644440.jpg,21,Male,0,Indian,3,20170117141644440
1_0_3_20161220222436891.jpg,1,Male,0,Indian,3,20161220222436891
71_1_0_20170110141720224.jpg,71,Female,1,White,0,20170110141720224
15_0_0_20170110224324459.jpg,15,Male,0,White,0,20170110224324459
37_1_0_20170105184000017.jpg,37,Female,1,White,0,20170105184000017
26_1_1_20170114034141360.jpg,26,Female,1,Black,1,20170114034141360
78_0_0_20170111200159377.jpg,78,Male,0,White,0,20170111200159377
2_0_3_20161220220702081.jpg,2,Male,0,Indian,3,20161220220702081
35_0_3_20170119171249576.jpg,35,Male,0,Indian,3,20170119171249576
26_0_1_20170117170403771.jpg,26,Male,0,Black,1,20170117170403771
24_0_1_20170114025920224.jpg,24,Male,0,Black,1,20170114025920224
35_0_1_20170116025838482.jpg,35,Male,0,Black,1,20170116025838482
30_0_0_20170117151438712.jpg,30,Male,0,White,0,20170117151438712
18_1_4_20170103222949566.jpg,18,Female,1,Others,4,20170103222949566
26_1_0_20170117153116669.jpg,26,Female,1,White,0,20170117153116669
26_1_0_20170116184824361.jpg,26,Female,1,White,0,20170116184824361
2_0_2_20161219190253835.jpg,2,Male,0,Asian,2,20161219190253835
14_0_0_20170110232633429.jpg,14,Male,0,White,0,20170110232633429
54_0_0_20170111195832210.jpg,54,Male,0,White,0,20170111195832210
68_1_0_20170110160644032.jpg,68,Female,1,White,0,20170110160644032
85_1_0_20170110183616456.jpg,85,Female,1,White,0,20170110183616456
29_1_0_20170105002624350.jpg,29,Female,1,White,0,20170105002624350
42_0_4_20170117185614642.jpg,42,Male,0,Others,4,20170117185614642
36_0_0_20170117140152744.jpg,36,Male,0,White,0,20170117140152744
66_1_0_20170110132123247.jpg,66,Female,1,White,0,20170110132123247
35_1_2_20170116191841660.jpg,35,Female,1,Asian,2,20170116191841660
5_1_2_20161219194330923.jpg,5,Female,1,Asian,2,20161219194330923
57_0_0_20170109001651801.jpg,57,Male,0,White,0,20170109001651801
1_0_0_20170110213326577.jpg,1,Male,0,White,0,20170110213326577
35_1_2_20170116185947151.jpg,35,Female,1,Asian,2,20170116185947151
88_1_1_20170110183118502.jpg,88,Female,1,Black,1,20170110183118502
28_0_0_20170117020729301.jpg,28,Male,0,White,0,20170117020729301
5_1_1_20170112210544957.jpg,5,Female,1,Black,1,20170112210544957
45_0_1_20170113190638200.jpg,45,Male,0,Black,1,20170113190638200
24_1_1_20170112204601475.jpg,24,Female,1,Black,1,20170112204601475
25_0_0_20170117195250189.jpg,25,Male,0,White,0,20170117195250189
15_1_0_20170109213511851.jpg,15,Female,1,White,0,20170109213511851
26_1_0_20170113180707130.jpg,26,Female,1,White,0,20170113180707130
80_1_0_20170110182353061.jpg,80,Female,1,White,0,20170110182353061
8_1_0_20170109203314749.jpg,8,Female,1,White,0,20170109203314749
8_1_0_20161220223020578.jpg,8,Female,1,White,0,20161220223020578
50_0_4_20170117203237079.jpg,50,Male,0,Others,4,20170117203237079
6_0_4_20161221202547897.jpg,6,Male,0,Others,4,20161221202547897
65_1_0_20170110132559859.jpg,65,Female,1,White,0,20170110132559859
52_0_0_20170116214143475.jpg,52,Male,0,White,0,20170116214143475
33_0_0_20170117175820850.jpg,33,Male,0,White,0,20170117175820850
29_1_3_20170104232640192.jpg,29,Female,1,Indian,3,20170104232640192
60_0_2_20170117171420930.jpg,60,Male,0,Asian,2,20170117171420930
26_1_1_20170113001517730.jpg,26,Female,1,Black,1,20170113001517730
26_1_1_20170117201147190.jpg,26,Female,1,Black,1,20170117201147190
13_1_4_20170103200913055.jpg,13,Female,1,Others,4,20170103200913055
32_0_0_20170116192811043.jpg,32,Male,0,White,0,20170116192811043
67_0_1_20170117143308243.jpg,67,Male,0,Black,1,20170117143308243
40_0_1_20170116204017708.jpg,40,Male,0,Black,1,20170116204017708
35_1_0_20170117190625474.jpg,35,Female,1,White,0,20170117190625474
28_0_0_20170119194800515.jpg,28,Male,0,White,0,20170119194800515
12_0_0_20170110224833703.jpg,12,Male,0,White,0,20170110224833703
34_0_3_20170119200819270.jpg,34,Male,0,Indian,3,20170119200819270
8_1_0_20170103200353070.jpg,8,Female,1,White,0,20170103200353070
9_0_0_20170110222903669.jpg,9,Male,0,White,0,20170110222903669
7_0_2_20161219204335837.jpg,7,Male,0,Asian,2,20161219204335837
26_0_0_20170113210127410.jpg,26,Male,0,White,0,20170113210127410
26_0_3_20170117152547043.jpg,26,Male,0,Indian,3,20170117152547043
38_1_1_20170116012202989.jpg,38,Female,1,Black,1,20170116012202989
1_0_4_20170103210917330.jpg,1,Male,0,Others,4,20170103210917330
32_0_1_20170117020356727.jpg,32,Male,0,Black,1,20170117020356727
57_0_3_20170119211315720.jpg,57,Male,0,Indian,3,20170119211315720
66_0_1_20170117195116702.jpg,66,Male,0,Black,1,20170117195116702
1_1_3_20161219225018384.jpg,1,Female,1,Indian,3,20161219225018384
25_0_0_20170116223809912.jpg,25,Male,0,White,0,20170116223809912
28_0_1_20170116152956497.jpg,28,Male,0,Black,1,20170116152956497
42_1_2_20170107212130951.jpg,42,Female,1,Asian,2,20170107212130951
31_0_1_20170116235513414.jpg,31,Male,0,Black,1,20170116235513414
54_0_3_20170119210230016.jpg,54,Male,0,Indian,3,20170119210230016
8_1_0_20170103162925343.jpg,8,Female,1,White,0,20170103162925343
35_1_1_20170117135248701.jpg,35,Female,1,Black,1,20170117135248701
27_1_3_20170119153535105.jpg,27,Female,1,Indian,3,20170119153535105
29_0_3_20170119152247249.jpg,29,Male,0,Indian,3,20170119152247249
50_0_0_20170111181750459.jpg,50,Male,0,White,0,20170111181750459
39_1_1_20170116225010927.jpg,39,Female,1,Black,1,20170116225010927
58_0_0_20170109010225320.jpg,58,Male,0,White,0,20170109010225320
50_0_2_20170116173539623.jpg,50,Male,0,Asian,2,20170116173539623
45_0_0_20170108235329396.jpg,45,Male,0,White,0,20170108235329396
26_0_1_20170116200714834.jpg,26,Male,0,Black,1,20170116200714834
1_1_0_20170109192442932.jpg,1,Female,1,White,0,20170109192442932
25_1_3_20170117151149187.jpg,25,Female,1,Indian,3,20170117151149187
35_1_2_20170116183728469.jpg,35,Female,1,Asian,2,20170116183728469
1_1_2_20161219202106997.jpg,1,Female,1,Asian,2,20161219202106997
21_1_2_20170116171705211.jpg,21,Female,1,Asian,2,20170116171705211
12_0_2_20161219212833549.jpg,12,Male,0,Asian,2,20161219212833549
40_0_0_20170116224847395.jpg,40,Male,0,White,0,20170116224847395
28_1_2_20170116162858818.jpg,28,Female,1,Asian,2,20170116162858818
43_0_1_20170117171820798.jpg,43,Male,0,Black,1,20170117171820798
61_0_3_20170104210003146.jpg,61,Male,0,Indian,3,20170104210003146
18_0_3_20170104230248073.jpg,18,Male,0,Indian,3,20170104230248073
34_0_3_20170119200757565.jpg,34,Male,0,Indian,3,20170119200757565
29_1_0_20170117092615047.jpg,29,Female,1,White,0,20170117092615047
8_1_3_20170109205422312.jpg,8,Female,1,Indian,3,20170109205422312
40_0_1_20170117135640172.jpg,40,Male,0,Black,1,20170117135640172
24_1_2_20170105162251371.jpg,24,Female,1,Asian,2,20170105162251371
90_0_0_20170111211345356.jpg,90,Male,0,White,0,20170111211345356
40_0_0_20170117154507105.jpg,40,Male,0,White,0,20170117154507105
32_0_1_20170113001057074.jpg,32,Male,0,Black,1,20170113001057074
56_1_3_20170119181445803.jpg,56,Female,1,Indian,3,20170119181445803
2_1_3_20161220144844310.jpg,2,Female,1,Indian,3,20161220144844310
35_0_0_20170117180440824.jpg,35,Male,0,White,0,20170117180440824
35_1_1_20170116003228386.jpg,35,Female,1,Black,1,20170116003228386
34_0_0_20170117182731575.jpg,34,Male,0,White,0,20170117182731575
1_1_4_20161221192800604.jpg,1,Female,1,Others,4,20161221192800604
25_0_0_20170117143411179.jpg,25,Male,0,White,0,20170117143411179
35_0_1_20170117175744492.jpg,35,Male,0,Black,1,20170117175744492
29_0_4_20170117202712541.jpg,29,Male,0,Others,4,20170117202712541
21_1_3_20170104231627770.jpg,21,Female,1,Indian,3,20170104231627770
35_0_4_20170117204532088.jpg,35,Male,0,Others,4,20170117204532088
1_0_1_20170110212837862.jpg,1,Male,0,Black,1,20170110212837862
27_1_0_20170117202228246.jpg,27,Female,1,White,0,20170117202228246
56_0_0_20170105173223037.jpg,56,Male,0,White,0,20170105173223037
32_0_3_20170117182326773.jpg,32,Male,0,Indian,3,20170117182326773
26_0_1_20170117195724773.jpg,26,Male,0,Black,1,20170117195724773
35_1_0_20170113001639849.jpg,35,Female,1,White,0,20170113001639849
38_1_1_20170117190452524.jpg,38,Female,1,Black,1,20170117190452524
10_0_0_20170110220033115.jpg,10,Male,0,White,0,20170110220033115
52_0_0_20170117190844398.jpg,52,Male,0,White,0,20170117190844398
48_0_1_20170113142055436.jpg,48,Male,0,Black,1,20170113142055436
1_1_0_20170109191817067.jpg,1,Female,1,White,0,20170109191817067
28_1_2_20170116164640416.jpg,28,Female,1,Asian,2,20170116164640416
23_1_4_20170103224258631.jpg,23,Female,1,Others,4,20170103224258631
42_0_0_20170116193026833.jpg,42,Male,0,White,0,20170116193026833
45_0_1_20170111195732003.jpg,45,Male,0,Black,1,20170111195732003
43_0_0_20170117155014385.jpg,43,Male,0,White,0,20170117155014385
30_1_2_20170116163642750.jpg,30,Female,1,Asian,2,20170116163642750
36_0_0_20170116210312217.jpg,36,Male,0,White,0,20170116210312217
1_1_0_20170109190939585.jpg,1,Female,1,White,0,20170109190939585
42_1_0_20170117183347285.jpg,42,Female,1,White,0,20170117183347285
53_1_4_20170117204257206.jpg,53,Female,1,Others,4,20170117204257206
16_1_3_20170104221802006.jpg,16,Female,1,Indian,3,20170104221802006
15_1_0_20170109204237329.jpg,15,Female,1,White,0,20170109204237329
50_0_3_20170109134300362.jpg,50,Male,0,Indian,3,20170109134300362
25_0_3_20170119171616945.jpg,25,Male,0,Indian,3,20170119171616945
32_0_3_20170119200337060.jpg,32,Male,0,Indian,3,20170119200337060
28_0_0_20170117202618479.jpg,28,Male,0,White,0,20170117202618479
26_1_3_20170117154750044.jpg,26,Female,1,Indian,3,20170117154750044
23_0_2_20170116172906979.jpg,23,Male,0,Asian,2,20170116172906979
42_0_0_20170105173002786.jpg,42,Male,0,White,0,20170105173002786
28_0_0_20170117180529832.jpg,28,Male,0,White,0,20170117180529832
1_0_0_20170110212623527.jpg,1,Male,0,White,0,20170110212623527
53_0_0_20170120223146786.jpg,53,Male,0,White,0,20170120223146786
26_1_1_20170116163959449.jpg,26,Female,1,Black,1,20170116163959449
21_1_3_20170119155649546.jpg,21,Female,1,Indian,3,20170119155649546
13_1_0_20170110224453650.jpg,13,Female,1,White,0,20170110224453650
24_1_2_20170116173453451.jpg,24,Female,1,Asian,2,20170116173453451
50_1_0_20170104185100237.jpg,50,Female,1,White,0,20170104185100237
9_0_0_20170110220339426.jpg,9,Male,0,White,0,20170110220339426
26_1_0_20170104021504132.jpg,26,Female,1,White,0,20170104021504132
54_1_3_20170119211352971.jpg,54,Female,1,Indian,3,20170119211352971
35_1_1_20170116233055885.jpg,35,Female,1,Black,1,20170116233055885
85_0_0_20170111210445676.jpg,85,Male,0,White,0,20170111210445676
32_1_1_20170117140927443.jpg,32,Female,1,Black,1,20170117140927443
26_1_3_20170117173705893.jpg,26,Female,1,Indian,3,20170117173705893
26_1_0_20170116153830684.jpg,26,Female,1,White,0,20170116153830684
18_0_1_20170120134900190.jpg,18,Male,0,Black,1,20170120134900190
13_0_0_20170104003724576.jpg,13,Male,0,White,0,20170104003724576
15_0_0_20170110232331351.jpg,15,Male,0,White,0,20170110232331351
30_1_1_20170114033246944.jpg,30,Female,1,Black,1,20170114033246944
22_0_3_20170104230121056.jpg,22,Male,0,Indian,3,20170104230121056
44_1_0_20170111182452900.jpg,44,Female,1,White,0,20170111182452900
26_1_0_20170117201342701.jpg,26,Female,1,White,0,20170117201342701
15_0_0_20170104012346994.jpg,15,Male,0,White,0,20170104012346994
11_1_0_20170109205214234.jpg,11,Female,1,White,0,20170109205214234
25_1_0_20170117191541627.jpg,25,Female,1,White,0,20170117191541627
23_0_1_20170114033518919.jpg,23,Male,0,Black,1,20170114033518919
4_0_0_20170110213635871.jpg,4,Male,0,White,0,20170110213635871
36_0_2_20170116191916920.jpg,36,Male,0,Asian,2,20170116191916920
35_0_0_20170105161456219.jpg,35,Male,0,White,0,20170105161456219
53_0_0_20170104184152541.jpg,53,Male,0,White,0,20170104184152541
8_1_0_20170109201654441.jpg,8,Female,1,White,0,20170109201654441
26_1_1_20170112210429380.jpg,26,Female,1,Black,1,20170112210429380
28_0_0_20170117202434527.jpg,28,Male,0,White,0,20170117202434527
1_1_2_20161219221706807.jpg,1,Female,1,Asian,2,20161219221706807
54_0_0_20170120223353260.jpg,54,Male,0,White,0,20170120223353260
26_1_1_20170116021324542.jpg,26,Female,1,Black,1,20170116021324542
56_1_2_20170105000902100.jpg,56,Female,1,Asian,2,20170105000902100
1_0_3_20161220222711441.jpg,1,Male,0,Indian,3,20161220222711441
29_1_3_20170104235317706.jpg,29,Female,1,Indian,3,20170104235317706
43_0_1_20170117175541909.jpg,43,Male,0,Black,1,20170117175541909
7_1_3_20161220222849971.jpg,7,Female,1,Indian,3,20161220222849971
26_0_1_20170116200944233.jpg,26,Male,0,Black,1,20170116200944233
55_0_3_20170119201235270.jpg,55,Male,0,Indian,3,20170119201235270
75_0_4_20170111205047952.jpg,75,Male,0,Others,4,20170111205047952
30_1_2_20170116171040262.jpg,30,Female,1,Asian,2,20170116171040262
38_0_1_20170113174616843.jpg,38,Male,0,Black,1,20170113174616843
40_0_3_20170117194103620.jpg,40,Male,0,Indian,3,20170117194103620
21_0_0_20170104230059401.jpg,21,Male,0,White,0,20170104230059401
42_1_0_20170113001509060.jpg,42,Female,1,White,0,20170113001509060
40_0_3_20170119153228569.jpg,40,Male,0,Indian,3,20170119153228569
32_1_1_20170114024532411.jpg,32,Female,1,Black,1,20170114024532411
31_1_3_20170119200154156.jpg,31,Female,1,Indian,3,20170119200154156
48_0_0_20170116233057278.jpg,48,Male,0,White,0,20170116233057278
26_1_1_20170113011757664.jpg,26,Female,1,Black,1,20170113011757664
30_0_2_20170116173700119.jpg,30,Male,0,Asian,2,20170116173700119
48_0_1_20170113182616942.jpg,48,Male,0,Black,1,20170113182616942
52_0_4_20170103183610052.jpg,52,Male,0,Others,4,20170103183610052
26_0_3_20170119180446828.jpg,26,Male,0,Indian,3,20170119180446828
34_1_1_20170113005245917.jpg,34,Female,1,Black,1,20170113005245917
28_1_1_20170112234152465.jpg,28,Female,1,Black,1,20170112234152465
31_0_0_20170113183712471.jpg,31,Male,0,White,0,20170113183712471
87_1_0_20170120225808097.jpg,87,Female,1,White,0,20170120225808097
26_1_2_20170116184449316.jpg,26,Female,1,Asian,2,20170116184449316
35_0_1_20170113142523669.jpg,35,Male,0,Black,1,20170113142523669
36_0_3_20170119183543230.jpg,36,Male,0,Indian,3,20170119183543230
2_0_0_20170103175540113.jpg,2,Male,0,White,0,20170103175540113
57_0_3_20170104212938069.jpg,57,Male,0,Indian,3,20170104212938069
23_0_2_20170107213747034.jpg,23,Male,0,Asian,2,20170107213747034
4_0_3_20170109131758363.jpg,4,Male,0,Indian,3,20170109131758363
58_0_0_20170120224706941.jpg,58,Male,0,White,0,20170120224706941
50_0_1_20170104210950012.jpg,50,Male,0,Black,1,20170104210950012
1_0_3_20161220220110553.jpg,1,Male,0,Indian,3,20161220220110553
56_0_0_20170111203052213.jpg,56,Male,0,White,0,20170111203052213
28_1_0_20170103181722585.jpg,28,Female,1,White,0,20170103181722585
20_1_3_20170104231832057.jpg,20,Female,1,Indian,3,20170104231832057
26_1_2_20170116175843334.jpg,26,Female,1,Asian,2,20170116175843334
28_1_1_20170113003529300.jpg,28,Female,1,Black,1,20170113003529300
27_1_1_20170117005946474.jpg,27,Female,1,Black,1,20170117005946474
25_1_0_20170111182452788.jpg,25,Female,1,White,0,20170111182452788
35_0_1_20170113190521337.jpg,35,Male,0,Black,1,20170113190521337
24_1_0_20170108225915369.jpg,24,Female,1,White,0,20170108225915369
26_0_3_20170119153339006.jpg,26,Male,0,Indian,3,20170119153339006
26_0_1_20170117200404157.jpg,26,Male,0,Black,1,20170117200404157
8_1_0_20170109205515528.jpg,8,Female,1,White,0,20170109205515528
26_1_1_20170103225852672.jpg,26,Female,1,Black,1,20170103225852672
53_1_0_20170110122130739.jpg,53,Female,1,White,0,20170110122130739
1_0_0_20170109192948605.jpg,1,Male,0,White,0,20170109192948605
29_1_0_20170104022706451.jpg,29,Female,1,White,0,20170104022706451
13_1_0_20170109201711197.jpg,13,Female,1,White,0,20170109201711197
30_0_2_20170116174814595.jpg,30,Male,0,Asian,2,20170116174814595
35_1_0_20170105162559851.jpg,35,Female,1,White,0,20170105162559851
30_1_1_20170117125922762.jpg,30,Female,1,Black,1,20170117125922762
85_1_0_20170110182428223.jpg,85,Female,1,White,0,20170110182428223
1_1_3_20161219225543960.jpg,1,Female,1,Indian,3,20161219225543960
2_0_2_20161219141650121.jpg,2,Male,0,Asian,2,20161219141650121
65_0_0_20170104213032541.jpg,65,Male,0,White,0,20170104213032541
26_1_1_20170113182747229.jpg,26,Female,1,Black,1,20170113182747229
31_0_0_20170117181559819.jpg,31,Male,0,White,0,20170117181559819
43_0_3_20170119164253885.jpg,43,Male,0,Indian,3,20170119164253885
26_0_0_20170116224849492.jpg,26,Male,0,White,0,20170116224849492
28_0_3_20170119194921298.jpg,28,Male,0,Indian,3,20170119194921298
32_0_1_20170113183741368.jpg,32,Male,0,Black,1,20170113183741368
26_0_2_20170116163925116.jpg,26,Male,0,Asian,2,20170116163925116
75_0_0_20170111203916648.jpg,75,Male,0,White,0,20170111203916648
32_0_1_20170117140227057.jpg,32,Male,0,Black,1,20170117140227057
24_1_2_20170104020224692.jpg,24,Female,1,Asian,2,20170104020224692
54_0_0_20170104212617845.jpg,54,Male,0,White,0,20170104212617845
44_0_1_20170113142045653.jpg,44,Male,0,Black,1,20170113142045653
29_0_3_20170119195249772.jpg,29,Male,0,Indian,3,20170119195249772
1_1_0_20170109194456866.jpg,1,Female,1,White,0,20170109194456866
1_1_2_20161219200152877.jpg,1,Female,1,Asian,2,20161219200152877
26_0_0_20170117173437732.jpg,26,Male,0,White,0,20170117173437732
55_1_0_20170110160643376.jpg,55,Female,1,White,0,20170110160643376
27_0_2_20170104011250152.jpg,27,Male,0,Asian,2,20170104011250152
28_1_0_20170117122008648.jpg,28,Female,1,White,0,20170117122008648
72_1_1_20170120223941518.jpg,72,Female,1,Black,1,20170120223941518
15_1_4_20170103201247846.jpg,15,Female,1,Others,4,20170103201247846
105_1_0_20170112213507183.jpg,105,Female,1,White,0,20170112213507183
26_1_3_20170119192916618.jpg,26,Female,1,Indian,3,20170119192916618
26_1_3_20170117154635126.jpg,26,Female,1,Indian,3,20170117154635126
1_1_2_20161219200451724.jpg,1,Female,1,Asian,2,20161219200451724
1_1_4_20170103202738552.jpg,1,Female,1,Others,4,20170103202738552
49_1_0_20170109013132704.jpg,49,Female,1,White,0,20170109013132704
50_0_0_20170111171747301.jpg,50,Male,0,White,0,20170111171747301
26_0_0_20170116224814179.jpg,26,Male,0,White,0,20170116224814179
14_1_0_20170109205406978.jpg,14,Female,1,White,0,20170109205406978
16_1_0_20170104013530988.jpg,16,Female,1,White,0,20170104013530988
30_1_1_20170114032234898.jpg,30,Female,1,Black,1,20170114032234898
26_1_2_20170116182203278.jpg,26,Female,1,Asian,2,20170116182203278
48_1_0_20170105173544229.jpg,48,Female,1,White,0,20170105173544229
26_1_1_20170116174208031.jpg,26,Female,1,Black,1,20170116174208031
45_1_0_20170117172231634.jpg,45,Female,1,White,0,20170117172231634
20_1_1_20170112231449708.jpg,20,Female,1,Black,1,20170112231449708
58_0_0_20170105173628294.jpg,58,Male,0,White,0,20170105173628294
52_0_0_20170105173134925.jpg,52,Male,0,White,0,20170105173134925
29_0_1_20170117094755752.jpg,29,Male,0,Black,1,20170117094755752
28_1_1_20170112234526480.jpg,28,Female,1,Black,1,20170112234526480
44_0_3_20170119200511259.jpg,44,Male,0,Indian,3,20170119200511259
7_0_0_20170110215736826.jpg,7,Male,0,White,0,20170110215736826
24_1_1_20170112234505777.jpg,24,Female,1,Black,1,20170112234505777
61_1_0_20170117174639693.jpg,61,Female,1,White,0,20170117174639693
47_0_0_20170116233351586.jpg,47,Male,0,White,0,20170116233351586
35_0_1_20170117020842523.jpg,35,Male,0,Black,1,20170117020842523
5_0_1_20170110213713440.jpg,5,Male,0,Black,1,20170110213713440
32_0_2_20170116182724023.jpg,32,Male,0,Asian,2,20170116182724023
33_1_4_20170103181754609.jpg,33,Female,1,Others,4,20170103181754609
40_0_0_20170117163729787.jpg,40,Male,0,White,0,20170117163729787
34_0_0_20170119180649883.jpg,34,Male,0,White,0,20170119180649883
31_1_0_20170103182531906.jpg,31,Female,1,White,0,20170103182531906
1_0_1_20161219160115237.jpg,1,Male,0,Black,1,20161219160115237
26_1_0_20170113210604325.jpg,26,Female,1,White,0,20170113210604325
37_0_1_20170113161444292.jpg,37,Male,0,Black,1,20170113161444292
1_1_4_20170103213044557.jpg,1,Female,1,Others,4,20170103213044557
40_0_0_20170116000712384.jpg,40,Male,0,White,0,20170116000712384
35_1_1_20170112215224384.jpg,35,Female,1,Black,1,20170112215224384
45_0_0_20170117154539187.jpg,45,Male,0,White,0,20170117154539187
21_1_2_20170116171702825.jpg,21,Female,1,Asian,2,20170116171702825
25_1_3_20170109132634146.jpg,25,Female,1,Indian,3,20170109132634146
56_0_0_20170111211219557.jpg,56,Male,0,White,0,20170111211219557
23_1_0_20170103163120968.jpg,23,Female,1,White,0,20170103163120968
11_0_0_20170110224606036.jpg,11,Male,0,White,0,20170110224606036
22_0_2_20170116172604316.jpg,22,Male,0,Asian,2,20170116172604316
22_1_0_20170114033329650.jpg,22,Female,1,White,0,20170114033329650
1_1_0_20170109192451846.jpg,1,Female,1,White,0,20170109192451846
22_1_2_20170104022012028.jpg,22,Female,1,Asian,2,20170104022012028
29_1_0_20170117130631165.jpg,29,Female,1,White,0,20170117130631165
1_0_3_20161219224748008.jpg,1,Male,0,Indian,3,20161219224748008
49_1_0_20170109220434368.jpg,49,Female,1,White,0,20170109220434368
29_1_0_20170103182130033.jpg,29,Female,1,White,0,20170103182130033
30_1_2_20170117142750698.jpg,30,Female,1,Asian,2,20170117142750698
43_0_0_20170117155101372.jpg,43,Male,0,White,0,20170117155101372
51_0_0_20170120134516424.jpg,51,Male,0,White,0,20170120134516424
1_1_3_20161220143357382.jpg,1,Female,1,Indian,3,20161220143357382
16_1_0_20170104013358122.jpg,16,Female,1,White,0,20170104013358122
36_0_2_20170104165035320.jpg,36,Male,0,Asian,2,20170104165035320
47_0_0_20170113210126541.jpg,47,Male,0,White,0,20170113210126541
24_0_2_20170116174552100.jpg,24,Male,0,Asian,2,20170116174552100
22_0_0_20170117135034534.jpg,22,Male,0,White,0,20170117135034534
30_1_2_20170116191317558.jpg,30,Female,1,Asian,2,20170116191317558
63_0_0_20170104185626214.jpg,63,Male,0,White,0,20170104185626214
18_1_0_20170109214336149.jpg,18,Female,1,White,0,20170109214336149
62_0_2_20170112220447152.jpg,62,Male,0,Asian,2,20170112220447152
24_0_3_20170119165628798.jpg,24,Male,0,Indian,3,20170119165628798
25_1_1_20170112193002220.jpg,25,Female,1,Black,1,20170112193002220
23_1_3_20170104223058543.jpg,23,Female,1,Indian,3,20170104223058543
28_0_4_20170104201846426.jpg,28,Male,0,Others,4,20170104201846426
23_1_2_20170107213827250.jpg,23,Female,1,Asian,2,20170107213827250
72_1_0_20170110183431246.jpg,72,Female,1,White,0,20170110183431246
50_1_0_20170110143350447.jpg,50,Female,1,White,0,20170110143350447
2_1_2_20161219142349633.jpg,2,Female,1,Asian,2,20161219142349633
61_0_0_20170117174636574.jpg,61,Male,0,White,0,20170117174636574
12_1_1_20170109204809866.jpg,12,Female,1,Black,1,20170109204809866
35_1_2_20170117183050262.jpg,35,Female,1,Asian,2,20170117183050262
28_1_2_20170116162955090.jpg,28,Female,1,Asian,2,20170116162955090
16_1_0_20170109214402325.jpg,16,Female,1,White,0,20170109214402325
29_0_0_20170116182424711.jpg,29,Male,0,White,0,20170116182424711
25_1_0_20170116201701430.jpg,25,Female,1,White,0,20170116201701430
16_1_0_20170109214605824.jpg,16,Female,1,White,0,20170109214605824
40_0_0_20170104205218667.jpg,40,Male,0,White,0,20170104205218667
22_0_1_20170113193211629.jpg,22,Male,0,Black,1,20170113193211629
26_1_2_20170116171202584.jpg,26,Female,1,Asian,2,20170116171202584
27_0_0_20170116204141166.jpg,27,Male,0,White,0,20170116204141166
2_0_2_20161219160916782.jpg,2,Male,0,Asian,2,20161219160916782
26_1_2_20170116184827669.jpg,26,Female,1,Asian,2,20170116184827669
35_0_3_20170117154016470.jpg,35,Male,0,Indian,3,20170117154016470
66_1_0_20170110124457390.jpg,66,Female,1,White,0,20170110124457390
40_1_1_20170116003454596.jpg,40,Female,1,Black,1,20170116003454596
53_0_1_20170116192938845.jpg,53,Male,0,Black,1,20170116192938845
76_1_2_20170112205409556.jpg,76,Female,1,Asian,2,20170112205409556
32_1_0_20170117182456548.jpg,32,Female,1,White,0,20170117182456548
5_0_0_20170110212657381.jpg,5,Male,0,White,0,20170110212657381
66_0_3_20170104213153549.jpg,66,Male,0,Indian,3,20170104213153549
1_0_0_20170110213206043.jpg,1,Male,0,White,0,20170110213206043
50_0_3_20170119203626302.jpg,50,Male,0,Indian,3,20170119203626302
10_1_0_20170109205134282.jpg,10,Female,1,White,0,20170109205134282
31_0_0_20170104170131913.jpg,31,Male,0,White,0,20170104170131913
35_0_1_20170117143202320.jpg,35,Male,0,Black,1,20170117143202320
59_1_2_20170109134248584.jpg,59,Female,1,Asian,2,20170109134248584
23_1_3_20170104222257463.jpg,23,Female,1,Indian,3,20170104222257463
56_0_0_20170117000257766.jpg,56,Male,0,White,0,20170117000257766
80_0_0_20170111200927317.jpg,80,Male,0,White,0,20170111200927317
35_0_1_20170116030445338.jpg,35,Male,0,Black,1,20170116030445338
29_1_0_20170112235530689.jpg,29,Female,1,White,0,20170112235530689
56_0_3_20170113182258142.jpg,56,Male,0,Indian,3,20170113182258142
45_0_0_20170117191915121.jpg,45,Male,0,White,0,20170117191915121
25_1_0_20170117152143899.jpg,25,Female,1,White,0,20170117152143899
53_0_2_20170112221930338.jpg,53,Male,0,Asian,2,20170112221930338
24_0_2_20170116163855503.jpg,24,Male,0,Asian,2,20170116163855503
23_0_3_20170119163855005.jpg,23,Male,0,Indian,3,20170119163855005
28_0_0_20170117180126293.jpg,28,Male,0,White,0,20170117180126293
34_0_1_20170117010115390.jpg,34,Male,0,Black,1,20170117010115390
26_1_2_20170116184242565.jpg,26,Female,1,Asian,2,20170116184242565
29_1_1_20170116021333343.jpg,29,Female,1,Black,1,20170116021333343
19_0_3_20170119165517358.jpg,19,Male,0,Indian,3,20170119165517358
8_1_0_20170109202428799.jpg,8,Female,1,White,0,20170109202428799
70_1_0_20170110124127878.jpg,70,Female,1,White,0,20170110124127878
23_1_4_20170117194240867.jpg,23,Female,1,Others,4,20170117194240867
1_1_0_20161219205529388.jpg,1,Female,1,White,0,20161219205529388
22_1_1_20170114033220857.jpg,22,Female,1,Black,1,20170114033220857
1_0_2_20161219141824081.jpg,1,Male,0,Asian,2,20161219141824081
9_0_2_20170110224555634.jpg,9,Male,0,Asian,2,20170110224555634
45_0_1_20170117182914790.jpg,45,Male,0,Black,1,20170117182914790
25_0_2_20170116165108577.jpg,25,Male,0,Asian,2,20170116165108577
2_0_4_20170103210452250.jpg,2,Male,0,Others,4,20170103210452250
42_0_0_20170117154827918.jpg,42,Male,0,White,0,20170117154827918
36_1_0_20170108224009217.jpg,36,Female,1,White,0,20170108224009217
35_1_0_20170117185506936.jpg,35,Female,1,White,0,20170117185506936
25_0_4_20170117195006460.jpg,25,Male,0,Others,4,20170117195006460
41_0_0_20170117154650158.jpg,41,Male,0,White,0,20170117154650158
72_1_0_20170110125258812.jpg,72,Female,1,White,0,20170110125258812
75_1_0_20170110140824258.jpg,75,Female,1,White,0,20170110140824258
40_0_1_20170117170613429.jpg,40,Male,0,Black,1,20170117170613429
54_0_0_20170117171146956.jpg,54,Male,0,White,0,20170117171146956
30_0_1_20170117171808851.jpg,30,Male,0,Black,1,20170117171808851
61_0_1_20170117194549667.jpg,61,Male,0,Black,1,20170117194549667
21_1_2_20170103201741359.jpg,21,Female,1,Asian,2,20170103201741359
26_0_2_20170116180330029.jpg,26,Male,0,Asian,2,20170116180330029
34_0_2_20170104202320617.jpg,34,Male,0,Asian,2,20170104202320617
53_1_0_20170110153042034.jpg,53,Female,1,White,0,20170110153042034
35_1_0_20170103182759530.jpg,35,Female,1,White,0,20170103182759530
47_0_1_20170113184729088.jpg,47,Male,0,Black,1,20170113184729088
64_1_0_20170120223621126.jpg,64,Female,1,White,0,20170120223621126
27_1_3_20170119194359132.jpg,27,Female,1,Indian,3,20170119194359132
32_1_1_20170112215200081.jpg,32,Female,1,Black,1,20170112215200081
26_1_3_20170117154109300.jpg,26,Female,1,Indian,3,20170117154109300
50_0_3_20170119195746908.jpg,50,Male,0,Indian,3,20170119195746908
72_1_0_20170104213629773.jpg,72,Female,1,White,0,20170104213629773
60_1_0_20170110151456654.jpg,60,Female,1,White,0,20170110151456654
5_1_0_20170109190510318.jpg,5,Female,1,White,0,20170109190510318
52_0_0_20170104165813945.jpg,52,Male,0,White,0,20170104165813945
32_1_0_20170117170718385.jpg,32,Female,1,White,0,20170117170718385
63_0_4_20170104213550381.jpg,63,Male,0,Others,4,20170104213550381
26_1_0_20170116021541440.jpg,26,Female,1,White,0,20170116021541440
28_1_2_20170116171525335.jpg,28,Female,1,Asian,2,20170116171525335
1_1_2_20161219155907501.jpg,1,Female,1,Asian,2,20161219155907501
27_1_0_20170103180510792.jpg,27,Female,1,White,0,20170103180510792
24_1_2_20170116173535191.jpg,24,Female,1,Asian,2,20170116173535191
28_1_1_20170117020401850.jpg,28,Female,1,Black,1,20170117020401850
41_0_1_20170116003552644.jpg,41,Male,0,Black,1,20170116003552644
14_1_0_20170109212651931.jpg,14,Female,1,White,0,20170109212651931
7_1_1_20170109194708063.jpg,7,Female,1,Black,1,20170109194708063
2_1_2_20161219152910484.jpg,2,Female,1,Asian,2,20161219152910484
76_0_2_20170112224008292.jpg,76,Male,0,Asian,2,20170112224008292
30_0_1_20170116024856991.jpg,30,Male,0,Black,1,20170116024856991
34_0_3_20170119200716509.jpg,34,Male,0,Indian,3,20170119200716509
27_1_2_20170116175930683.jpg,27,Female,1,Asian,2,20170116175930683
35_1_1_20170112215312112.jpg,35,Female,1,Black,1,20170112215312112
10_1_4_20170117195152197.jpg,10,Female,1,Others,4,20170117195152197
25_0_0_20170116213450000.jpg,25,Male,0,White,0,20170116213450000
46_0_0_20170104205733811.jpg,46,Male,0,White,0,20170104205733811
30_1_4_20170103230152025.jpg,30,Female,1,Others,4,20170103230152025
28_1_2_20170116165503355.jpg,28,Female,1,Asian,2,20170116165503355
38_1_1_20170112211709309.jpg,38,Female,1,Black,1,20170112211709309
24_1_1_20170115235712285.jpg,24,Female,1,Black,1,20170115235712285
18_1_0_20170109213919463.jpg,18,Female,1,White,0,20170109213919463
35_1_3_20170117183045293.jpg,35,Female,1,Indian,3,20170117183045293
31_1_1_20170116154733116.jpg,31,Female,1,Black,1,20170116154733116
1_0_4_20161221192555965.jpg,1,Male,0,Others,4,20161221192555965
32_1_0_20170116002157320.jpg,32,Female,1,White,0,20170116002157320
19_1_2_20170116163806963.jpg,19,Female,1,Asian,2,20170116163806963
17_1_0_20170109213621558.jpg,17,Female,1,White,0,20170109213621558
31_0_2_20170116191334762.jpg,31,Male,0,Asian,2,20170116191334762
61_0_2_20170112205453108.jpg,61,Male,0,Asian,2,20170112205453108
15_1_0_20170109204150999.jpg,15,Female,1,White,0,20170109204150999
24_1_2_20170116174408274.jpg,24,Female,1,Asian,2,20170116174408274
23_1_4_20170103223615095.jpg,23,Female,1,Others,4,20170103223615095
52_0_0_20170113141938690.jpg,52,Male,0,White,0,20170113141938690
33_1_2_20170116191634811.jpg,33,Female,1,Asian,2,20170116191634811
5_0_0_20170110213554657.jpg,5,Male,0,White,0,20170110213554657
24_1_0_20170116220232605.jpg,24,Female,1,White,0,20170116220232605
24_1_0_20170117150326821.jpg,24,Female,1,White,0,20170117150326821
26_1_1_20170113012346273.jpg,26,Female,1,Black,1,20170113012346273
45_0_0_20170117181754620.jpg,45,Male,0,White,0,20170117181754620
26_1_0_20170117153217757.jpg,26,Female,1,White,0,20170117153217757
25_1_3_20170117152030871.jpg,25,Female,1,Indian,3,20170117152030871
29_1_0_20170120140806986.jpg,29,Female,1,White,0,20170120140806986
22_1_2_20170116165351984.jpg,22,Female,1,Asian,2,20170116165351984
2_0_2_20161219192150665.jpg,2,Male,0,Asian,2,20161219192150665
35_1_4_20170117200255252.jpg,35,Female,1,Others,4,20170117200255252
3_0_2_20170110212616630.jpg,3,Male,0,Asian,2,20170110212616630
20_1_3_20170119153518449.jpg,20,Female,1,Indian,3,20170119153518449
42_1_1_20170112234136775.jpg,42,Female,1,Black,1,20170112234136775
1_0_2_20161219162808591.jpg,1,Male,0,Asian,2,20161219162808591
11_1_4_20170103201747167.jpg,11,Female,1,Others,4,20170103201747167
67_0_0_20170120225206184.jpg,67,Male,0,White,0,20170120225206184
80_0_2_20170112222101890.jpg,80,Male,0,Asian,2,20170112222101890
49_0_0_20170109003418343.jpg,49,Male,0,White,0,20170109003418343
25_1_2_20170116175124189.jpg,25,Female,1,Asian,2,20170116175124189
45_0_3_20170119203815607.jpg,45,Male,0,Indian,3,20170119203815607
30_1_1_20170112212046598.jpg,30,Female,1,Black,1,20170112212046598
53_0_0_20170111202320442.jpg,53,Male,0,White,0,20170111202320442
75_0_0_20170111210208339.jpg,75,Male,0,White,0,20170111210208339
60_1_0_20170110151345930.jpg,60,Female,1,White,0,20170110151345930
37_0_0_20170117140011191.jpg,37,Male,0,White,0,20170117140011191
45_0_0_20170104205849332.jpg,45,Male,0,White,0,20170104205849332
40_1_2_20170109133222841.jpg,40,Female,1,Asian,2,20170109133222841
8_0_0_20170103201927968.jpg,8,Male,0,White,0,20170103201927968
56_0_1_20170113174030713.jpg,56,Male,0,Black,1,20170113174030713
53_1_0_20170110122530359.jpg,53,Female,1,White,0,20170110122530359
44_1_1_20170117142913571.jpg,44,Female,1,Black,1,20170117142913571
26_0_1_20170116210432431.jpg,26,Male,0,Black,1,20170116210432431
24_1_3_20170119170600774.jpg,24,Female,1,Indian,3,20170119170600774
24_1_0_20170117150312410.jpg,24,Female,1,White,0,20170117150312410
30_1_3_20170119195850724.jpg,30,Female,1,Indian,3,20170119195850724
20_1_2_20170116182714846.jpg,20,Female,1,Asian,2,20170116182714846
2_1_2_20161219162334438.jpg,2,Female,1,Asian,2,20161219162334438
26_0_1_20170114033050455.jpg,26,Male,0,Black,1,20170114033050455
26_0_0_20170117171750643.jpg,26,Male,0,White,0,20170117171750643
16_0_3_20170110231223673.jpg,16,Male,0,Indian,3,20170110231223673
12_1_0_20170109204206273.jpg,12,Female,1,White,0,20170109204206273
26_1_1_20170117201805678.jpg,26,Female,1,Black,1,20170117201805678
54_0_0_20170117191339385.jpg,54,Male,0,White,0,20170117191339385
1_0_2_20161219163559031.jpg,1,Male,0,Asian,2,20161219163559031
30_1_2_20170117134233879.jpg,30,Female,1,Asian,2,20170117134233879
9_0_0_20170110223423662.jpg,9,Male,0,White,0,20170110223423662
28_1_1_20170117131034507.jpg,28,Female,1,Black,1,20170117131034507
5_1_0_20170109191338616.jpg,5,Female,1,White,0,20170109191338616
1_0_0_20170110211517802.jpg,1,Male,0,White,0,20170110211517802
18_1_3_20170109213214718.jpg,18,Female,1,Indian,3,20170109213214718
42_0_2_20170112215350320.jpg,42,Male,0,Asian,2,20170112215350320
48_0_1_20170117173143196.jpg,48,Male,0,Black,1,20170117173143196
28_1_2_20170116165147900.jpg,28,Female,1,Asian,2,20170116165147900
4_0_0_20170110213542396.jpg,4,Male,0,White,0,20170110213542396
24_1_3_20170119170901622.jpg,24,Female,1,Indian,3,20170119170901622
50_1_0_20170117092157802.jpg,50,Female,1,White,0,20170117092157802
66_0_0_20170116233247357.jpg,66,Male,0,White,0,20170116233247357
1_0_2_20161219140744200.jpg,1,Male,0,Asian,2,20161219140744200
2_1_4_20170103202730376.jpg,2,Female,1,Others,4,20170103202730376
29_1_0_20170113000811442.jpg,29,Female,1,White,0,20170113000811442
21_0_3_20170119154219118.jpg,21,Male,0,Indian,3,20170119154219118
26_0_4_20170116183518793.jpg,26,Male,0,Others,4,20170116183518793
39_0_0_20170117184947657.jpg,39,Male,0,White,0,20170117184947657
35_1_0_20170116201640357.jpg,35,Female,1,White,0,20170116201640357
18_0_2_20170110231202841.jpg,18,Male,0,Asian,2,20170110231202841
63_0_0_20170104212616357.jpg,63,Male,0,White,0,20170104212616357
15_1_4_20170103201329807.jpg,15,Female,1,Others,4,20170103201329807
1_1_0_20170110212647258.jpg,1,Female,1,White,0,20170110212647258
40_1_0_20170117154626844.jpg,40,Female,1,White,0,20170117154626844
26_1_3_20170104222600591.jpg,26,Female,1,Indian,3,20170104222600591
32_1_0_20170109003522801.jpg,32,Female,1,White,0,20170109003522801
35_0_1_20170113145434605.jpg,35,Male,0,Black,1,20170113145434605
11_0_0_20170110220500946.jpg,11,Male,0,White,0,20170110220500946
25_1_3_20170117152026220.jpg,25,Female,1,Indian,3,20170117152026220
27_1_2_20170116190003226.jpg,27,Female,1,Asian,2,20170116190003226
26_1_0_20170117001335885.jpg,26,Female,1,White,0,20170117001335885
26_0_0_20170117140938167.jpg,26,Male,0,White,0,20170117140938167
37_0_2_20170116184939699.jpg,37,Male,0,Asian,2,20170116184939699
25_1_0_20170116212058157.jpg,25,Female,1,White,0,20170116212058157
22_0_1_20170117020724763.jpg,22,Male,0,Black,1,20170117020724763
1_0_2_20161219203105373.jpg,1,Male,0,Asian,2,20161219203105373
52_0_0_20170104200739706.jpg,52,Male,0,White,0,20170104200739706
46_0_0_20170116214417440.jpg,46,Male,0,White,0,20170116214417440
24_0_2_20170104020029454.jpg,24,Male,0,Asian,2,20170104020029454
4_0_0_20170110213528845.jpg,4,Male,0,White,0,20170110213528845
34_0_0_20170117141513036.jpg,34,Male,0,White,0,20170117141513036
8_1_4_20170109202753127.jpg,8,Female,1,Others,4,20170109202753127
31_1_0_20170117133422225.jpg,31,Female,1,White,0,20170117133422225
26_0_1_20170113135416706.jpg,26,Male,0,Black,1,20170113135416706
43_1_1_20170112235219665.jpg,43,Female,1,Black,1,20170112235219665
44_0_2_20170107213715065.jpg,44,Male,0,Asian,2,20170107213715065
47_0_2_20170116183829254.jpg,47,Male,0,Asian,2,20170116183829254
24_0_1_20170117194352739.jpg,24,Male,0,Black,1,20170117194352739
50_0_3_20170119205058304.jpg,50,Male,0,Indian,3,20170119205058304
2_0_2_20161219151902683.jpg,2,Male,0,Asian,2,20161219151902683
26_0_2_20170116175441103.jpg,26,Male,0,Asian,2,20170116175441103
22_1_3_20170104231720114.jpg,22,Female,1,Indian,3,20170104231720114
35_0_2_20170116191244597.jpg,35,Male,0,Asian,2,20170116191244597
54_0_1_20170117185822383.jpg,54,Male,0,Black,1,20170117185822383
21_1_1_20170112233423376.jpg,21,Female,1,Black,1,20170112233423376
38_1_0_20170117184753856.jpg,38,Female,1,White,0,20170117184753856
8_1_0_20170109202314510.jpg,8,Female,1,White,0,20170109202314510
33_1_1_20170113011456750.jpg,33,Female,1,Black,1,20170113011456750
38_0_0_20170116193939412.jpg,38,Male,0,White,0,20170116193939412
21_1_4_20170103225014665.jpg,21,Female,1,Others,4,20170103225014665
66_0_3_20170119153511665.jpg,66,Male,0,Indian,3,20170119153511665
35_1_2_20170117135409365.jpg,35,Female,1,Asian,2,20170117135409365
40_1_0_20170117155203150.jpg,40,Female,1,White,0,20170117155203150
25_1_1_20170112205209506.jpg,25,Female,1,Black,1,20170112205209506
45_1_0_20170115231034803.jpg,45,Female,1,White,0,20170115231034803
49_0_0_20170104212123348.jpg,49,Male,0,White,0,20170104212123348
24_1_2_20170116171137985.jpg,24,Female,1,Asian,2,20170116171137985
28_0_1_20170113142355492.jpg,28,Male,0,Black,1,20170113142355492
45_0_3_20170119201221388.jpg,45,Male,0,Indian,3,20170119201221388
51_1_0_20170110122510721.jpg,51,Female,1,White,0,20170110122510721
26_0_1_20170113151639816.jpg,26,Male,0,Black,1,20170113151639816
54_0_0_20170104212504460.jpg,54,Male,0,White,0,20170104212504460
7_0_0_20170110220627122.jpg,7,Male,0,White,0,20170110220627122
85_1_2_20170110181640900.jpg,85,Female,1,Asian,2,20170110181640900
34_0_0_20170117134906182.jpg,34,Male,0,White,0,20170117134906182
32_1_0_20170116191618394.jpg,32,Female,1,White,0,20170116191618394
23_1_3_20170104231753450.jpg,23,Female,1,Indian,3,20170104231753450
40_0_4_20170116213431880.jpg,40,Male,0,Others,4,20170116213431880
26_1_1_20170116225013300.jpg,26,Female,1,Black,1,20170116225013300
41_1_1_20170114033308804.jpg,41,Female,1,Black,1,20170114033308804
26_1_1_20170112210451957.jpg,26,Female,1,Black,1,20170112210451957
28_0_1_20170113155301388.jpg,28,Male,0,Black,1,20170113155301388
30_1_2_20170116191309887.jpg,30,Female,1,Asian,2,20170116191309887
50_1_1_20170112215232959.jpg,50,Female,1,Black,1,20170112215232959
39_1_4_20170105173036253.jpg,39,Female,1,Others,4,20170105173036253
42_0_0_20170113184059799.jpg,42,Male,0,White,0,20170113184059799
37_0_2_20170119193336730.jpg,37,Male,0,Asian,2,20170119193336730
72_1_0_20170120223859838.jpg,72,Female,1,White,0,20170120223859838
15_0_3_20170104225906465.jpg,15,Male,0,Indian,3,20170104225906465
77_1_0_20170110181611591.jpg,77,Female,1,White,0,20170110181611591
5_1_0_20170109202322291.jpg,5,Female,1,White,0,20170109202322291
45_1_1_20170113012310351.jpg,45,Female,1,Black,1,20170113012310351
25_0_3_20170119171120578.jpg,25,Male,0,Indian,3,20170119171120578
25_0_0_20170117190329641.jpg,25,Male,0,White,0,20170117190329641
48_0_3_20170119205323677.jpg,48,Male,0,Indian,3,20170119205323677
26_1_2_20170116184042449.jpg,26,Female,1,Asian,2,20170116184042449
27_0_3_20170119193237466.jpg,27,Male,0,Indian,3,20170119193237466
46_0_2_20170112220255503.jpg,46,Male,0,Asian,2,20170112220255503
50_1_3_20170117154120315.jpg,50,Female,1,Indian,3,20170117154120315
26_0_1_20170116142947678.jpg,26,Male,0,Black,1,20170116142947678
26_1_4_20170117154137164.jpg,26,Female,1,Others,4,20170117154137164
32_1_1_20170112213704768.jpg,32,Female,1,Black,1,20170112213704768
34_0_3_20170119200820917.jpg,34,Male,0,Indian,3,20170119200820917
45_0_0_20170104205911974.jpg,45,Male,0,White,0,20170104205911974
78_0_0_20170116233355259.jpg,78,Male,0,White,0,20170116233355259
42_1_2_20170104201224233.jpg,42,Female,1,Asian,2,20170104201224233
16_0_0_20170110231617005.jpg,16,Male,0,White,0,20170110231617005
26_0_0_20170116210456112.jpg,26,Male,0,White,0,20170116210456112
2_1_4_20161221192849749.jpg,2,Female,1,Others,4,20161221192849749
14_1_3_20170104221756497.jpg,14,Female,1,Indian,3,20170104221756497
1_0_3_20161219225519457.jpg,1,Male,0,Indian,3,20161219225519457
1_0_0_20161219190621290.jpg,1,Male,0,White,0,20161219190621290
26_1_2_20170113000159185.jpg,26,Female,1,Asian,2,20170113000159185
26_1_1_20170113012032526.jpg,26,Female,1,Black,1,20170113012032526
16_1_0_20170109213443708.jpg,16,Female,1,White,0,20170109213443708
30_0_0_20170117202947322.jpg,30,Male,0,White,0,20170117202947322
20_1_3_20170104231525073.jpg,20,Female,1,Indian,3,20170104231525073
24_1_4_20170103224348784.jpg,24,Female,1,Others,4,20170103224348784
36_0_0_20170105171802956.jpg,36,Male,0,White,0,20170105171802956
22_0_3_20170119150454309.jpg,22,Male,0,Indian,3,20170119150454309
27_1_3_20170104231741609.jpg,27,Female,1,Indian,3,20170104231741609
69_1_0_20170110151454373.jpg,69,Female,1,White,0,20170110151454373
32_0_3_20170119200350043.jpg,32,Male,0,Indian,3,20170119200350043
25_0_3_20170119171834776.jpg,25,Male,0,Indian,3,20170119171834776
29_0_1_20170113151537906.jpg,29,Male,0,Black,1,20170113151537906
25_1_3_20170109134902771.jpg,25,Female,1,Indian,3,20170109134902771
1_0_2_20161219155400229.jpg,1,Male,0,Asian,2,20161219155400229
55_0_3_20170119181409916.jpg,55,Male,0,Indian,3,20170119181409916
2_1_4_20161221192754807.jpg,2,Female,1,Others,4,20161221192754807
10_0_0_20170110225537307.jpg,10,Male,0,White,0,20170110225537307
9_0_0_20170110224611885.jpg,9,Male,0,White,0,20170110224611885
31_0_4_20170116191637408.jpg,31,Male,0,Others,4,20170116191637408
30_1_0_20170117092656822.jpg,30,Female,1,White,0,20170117092656822
62_0_2_20170116183749477.jpg,62,Male,0,Asian,2,20170116183749477
26_0_3_20170119192320961.jpg,26,Male,0,Indian,3,20170119192320961
28_0_0_20170117180611163.jpg,28,Male,0,White,0,20170117180611163
35_1_1_20170116010333522.jpg,35,Female,1,Black,1,20170116010333522
85_0_1_20170117194436106.jpg,85,Male,0,Black,1,20170117194436106
25_1_0_20170116213524092.jpg,25,Female,1,White,0,20170116213524092
71_0_0_20170104213311644.jpg,71,Male,0,White,0,20170104213311644
44_0_2_20170116193010589.jpg,44,Male,0,Asian,2,20170116193010589
26_1_1_20170113193242959.jpg,26,Female,1,Black,1,20170113193242959
43_0_3_20170119211655721.jpg,43,Male,0,Indian,3,20170119211655721
24_1_2_20170116173444326.jpg,24,Female,1,Asian,2,20170116173444326
29_0_0_20170117121824742.jpg,29,Male,0,White,0,20170117121824742
26_0_4_20170117200017039.jpg,26,Male,0,Others,4,20170117200017039
43_0_4_20170117204014422.jpg,43,Male,0,Others,4,20170117204014422
20_1_0_20170117171624989.jpg,20,Female,1,White,0,20170117171624989
2_0_2_20161219140905480.jpg,2,Male,0,Asian,2,20161219140905480
8_1_0_20170109201107015.jpg,8,Female,1,White,0,20170109201107015
58_1_3_20170109140246682.jpg,58,Female,1,Indian,3,20170109140246682
4_0_2_20161219200030036.jpg,4,Male,0,Asian,2,20161219200030036
50_1_0_20170105173205092.jpg,50,Female,1,White,0,20170105173205092
36_1_1_20170116175401101.jpg,36,Female,1,Black,1,20170116175401101
28_0_0_20170114031734642.jpg,28,Male,0,White,0,20170114031734642
21_0_3_20170119154329337.jpg,21,Male,0,Indian,3,20170119154329337
49_1_0_20170109221050190.jpg,49,Female,1,White,0,20170109221050190
26_1_1_20170113011732808.jpg,26,Female,1,Black,1,20170113011732808
35_0_0_20170117195418222.jpg,35,Male,0,White,0,20170117195418222
32_1_0_20170105173150717.jpg,32,Female,1,White,0,20170105173150717
2_0_3_20161220222446715.jpg,2,Male,0,Indian,3,20161220222446715
35_0_1_20170113141808954.jpg,35,Male,0,Black,1,20170113141808954
46_1_2_20170109002726038.jpg,46,Female,1,Asian,2,20170109002726038
27_0_0_20170105164547923.jpg,27,Male,0,White,0,20170105164547923
31_1_0_20170103181436000.jpg,31,Female,1,White,0,20170103181436000
60_0_0_20170111171747538.jpg,60,Male,0,White,0,20170111171747538
68_0_0_20170111221712885.jpg,68,Male,0,White,0,20170111221712885
39_0_1_20170113174626658.jpg,39,Male,0,Black,1,20170113174626658
30_0_3_20170119195732475.jpg,30,Male,0,Indian,3,20170119195732475
38_1_1_20170112211132925.jpg,38,Female,1,Black,1,20170112211132925
36_1_4_20170104172843788.jpg,36,Female,1,Others,4,20170104172843788
67_0_1_20170113161329852.jpg,67,Male,0,Black,1,20170113161329852
20_1_4_20170103224557431.jpg,20,Female,1,Others,4,20170103224557431
30_0_0_20170104201841050.jpg,30,Male,0,White,0,20170104201841050
25_0_0_20170117135652264.jpg,25,Male,0,White,0,20170117135652264
25_1_4_20170103210241074.jpg,25,Female,1,Others,4,20170103210241074
45_0_3_20170119175445883.jpg,45,Male,0,Indian,3,20170119175445883
40_0_0_20170117173051076.jpg,40,Male,0,White,0,20170117173051076
25_1_2_20170116175237465.jpg,25,Female,1,Asian,2,20170116175237465
37_1_2_20170105162546659.jpg,37,Female,1,Asian,2,20170105162546659
60_0_0_20170117172331922.jpg,60,Male,0,White,0,20170117172331922
42_0_3_20170117154750955.jpg,42,Male,0,Indian,3,20170117154750955
60_0_3_20170119211748888.jpg,60,Male,0,Indian,3,20170119211748888
81_1_0_20170110123812204.jpg,81,Female,1,White,0,20170110123812204
51_0_0_20170117160750863.jpg,51,Male,0,White,0,20170117160750863
27_0_0_20170104193647416.jpg,27,Male,0,White,0,20170104193647416
23_0_3_20170119164224534.jpg,23,Male,0,Indian,3,20170119164224534
29_1_4_20170117202750455.jpg,29,Female,1,Others,4,20170117202750455
29_0_1_20170117022429192.jpg,29,Male,0,Black,1,20170117022429192
15_1_0_20170117134420894.jpg,15,Female,1,White,0,20170117134420894
3_0_0_20170110211426831.jpg,3,Male,0,White,0,20170110211426831
1_1_2_20161219142147841.jpg,1,Female,1,Asian,2,20161219142147841
16_1_0_20170109214519974.jpg,16,Female,1,White,0,20170109214519974
2_1_2_20170109194508114.jpg,2,Female,1,Asian,2,20170109194508114
29_0_1_20170113134253537.jpg,29,Male,0,Black,1,20170113134253537
35_1_0_20170117185820075.jpg,35,Female,1,White,0,20170117185820075
26_1_3_20170104235406507.jpg,26,Female,1,Indian,3,20170104235406507
54_0_0_20170117171225124.jpg,54,Male,0,White,0,20170117171225124
36_1_0_20170105172639541.jpg,36,Female,1,White,0,20170105172639541
90_0_0_20170111210753614.jpg,90,Male,0,White,0,20170111210753614
32_0_1_20170104203055003.jpg,32,Male,0,Black,1,20170104203055003
3_0_4_20170103205122074.jpg,3,Male,0,Others,4,20170103205122074
60_1_0_20170110140806978.jpg,60,Female,1,White,0,20170110140806978
45_0_0_20170120220047074.jpg,45,Male,0,White,0,20170120220047074
24_1_4_20170117150618462.jpg,24,Female,1,Others,4,20170117150618462
8_1_3_20170104222431175.jpg,8,Female,1,Indian,3,20170104222431175
41_0_0_20170117170716995.jpg,41,Male,0,White,0,20170117170716995
25_1_1_20170113011522470.jpg,25,Female,1,Black,1,20170113011522470
44_0_3_20170119160244545.jpg,44,Male,0,Indian,3,20170119160244545
39_1_0_20170104185638502.jpg,39,Female,1,White,0,20170104185638502
45_0_1_20170113184105455.jpg,45,Male,0,Black,1,20170113184105455
73_0_0_20170111211426693.jpg,73,Male,0,White,0,20170111211426693
46_1_0_20170110143242639.jpg,46,Female,1,White,0,20170110143242639
75_1_0_20170110182459565.jpg,75,Female,1,White,0,20170110182459565
10_1_3_20170109205323078.jpg,10,Female,1,Indian,3,20170109205323078
40_1_0_20170117150751092.jpg,40,Female,1,White,0,20170117150751092
26_0_1_20170117152256332.jpg,26,Male,0,Black,1,20170117152256332
28_1_3_20170119152713848.jpg,28,Female,1,Indian,3,20170119152713848
27_1_2_20170116173459838.jpg,27,Female,1,Asian,2,20170116173459838
26_0_1_20170113135301873.jpg,26,Male,0,Black,1,20170113135301873
26_0_0_20170116182307851.jpg,26,Male,0,White,0,20170116182307851
21_1_0_20170114032157249.jpg,21,Female,1,White,0,20170114032157249
2_1_0_20161219162308158.jpg,2,Female,1,White,0,20161219162308158
26_1_2_20170116184243456.jpg,26,Female,1,Asian,2,20170116184243456
39_0_4_20170104205601141.jpg,39,Male,0,Others,4,20170104205601141
56_1_3_20170119183420176.jpg,56,Female,1,Indian,3,20170119183420176
50_1_0_20170117181420604.jpg,50,Female,1,White,0,20170117181420604
20_1_2_20170116170358089.jpg,20,Female,1,Asian,2,20170116170358089
35_1_1_20170117154137390.jpg,35,Female,1,Black,1,20170117154137390
1_0_3_20161219230250136.jpg,1,Male,0,Indian,3,20161219230250136
2_1_3_20161219230741625.jpg,2,Female,1,Indian,3,20161219230741625
26_0_3_20170119180457602.jpg,26,Male,0,Indian,3,20170119180457602
1_1_0_20170109190818115.jpg,1,Female,1,White,0,20170109190818115
6_1_3_20161220221604706.jpg,6,Female,1,Indian,3,20161220221604706
25_0_0_20170116215601291.jpg,25,Male,0,White,0,20170116215601291
40_0_3_20170119211711001.jpg,40,Male,0,Indian,3,20170119211711001
36_0_3_20170119201834796.jpg,36,Male,0,Indian,3,20170119201834796
100_1_2_20170112213615815.jpg,100,Female,1,Asian,2,20170112213615815
75_0_2_20170113174659450.jpg,75,Male,0,Asian,2,20170113174659450
40_1_0_20170117144921201.jpg,40,Female,1,White,0,20170117144921201
22_1_2_20170116165605354.jpg,22,Female,1,Asian,2,20170116165605354
42_1_2_20170116162349143.jpg,42,Female,1,Asian,2,20170116162349143
15_0_3_20170104225254497.jpg,15,Male,0,Indian,3,20170104225254497
2_0_4_20161221202918296.jpg,2,Male,0,Others,4,20161221202918296
75_0_0_20170111204722982.jpg,75,Male,0,White,0,20170111204722982
26_0_3_20170119192352369.jpg,26,Male,0,Indian,3,20170119192352369
26_1_3_20170119192129993.jpg,26,Female,1,Indian,3,20170119192129993
29_1_2_20170116164927601.jpg,29,Female,1,Asian,2,20170116164927601
29_0_0_20170117180918673.jpg,29,Male,0,White,0,20170117180918673
55_1_0_20170117145739403.jpg,55,Female,1,White,0,20170117145739403
14_0_0_20170116222402683.jpg,14,Male,0,White,0,20170116222402683
35_0_1_20170117204330048.jpg,35,Male,0,Black,1,20170117204330048
26_0_2_20170116175914485.jpg,26,Male,0,Asian,2,20170116175914485
3_1_0_20170109192003664.jpg,3,Female,1,White,0,20170109192003664
1_1_0_20170109191129918.jpg,1,Female,1,White,0,20170109191129918
56_1_0_20170110180113129.jpg,56,Female,1,White,0,20170110180113129
36_0_3_20170119183738087.jpg,36,Male,0,Indian,3,20170119183738087
24_0_1_20170113175213491.jpg,24,Male,0,Black,1,20170113175213491
58_0_0_20170111195225616.jpg,58,Male,0,White,0,20170111195225616
26_1_1_20170116154727986.jpg,26,Female,1,Black,1,20170116154727986
26_0_2_20170116175947641.jpg,26,Male,0,Asian,2,20170116175947641
24_0_2_20170116163850936.jpg,24,Male,0,Asian,2,20170116163850936
3_1_4_20161221202450265.jpg,3,Female,1,Others,4,20161221202450265
25_1_0_20170103175643807.jpg,25,Female,1,White,0,20170103175643807
4_1_1_20170117202024231.jpg,4,Female,1,Black,1,20170117202024231
26_0_1_20170116205012718.jpg,26,Male,0,Black,1,20170116205012718
53_1_0_20170104172755313.jpg,53,Female,1,White,0,20170104172755313
58_1_0_20170109015200826.jpg,58,Female,1,White,0,20170109015200826
34_0_1_20170112215212041.jpg,34,Male,0,Black,1,20170112215212041
25_1_0_20170117195321747.jpg,25,Female,1,White,0,20170117195321747
23_1_0_20170103180035647.jpg,23,Female,1,White,0,20170103180035647
1_0_2_20161219162626830.jpg,1,Male,0,Asian,2,20161219162626830
32_0_1_20170117183752355.jpg,32,Male,0,Black,1,20170117183752355
21_0_0_20170117141435314.jpg,21,Male,0,White,0,20170117141435314
35_0_1_20170117143112391.jpg,35,Male,0,Black,1,20170117143112391
25_1_0_20170105002736333.jpg,25,Female,1,White,0,20170105002736333
45_1_0_20170117170556859.jpg,45,Female,1,White,0,20170117170556859
24_1_1_20170116000700293.jpg,24,Female,1,Black,1,20170116000700293
45_1_0_20170104185042110.jpg,45,Female,1,White,0,20170104185042110
38_1_1_20170113005614349.jpg,38,Female,1,Black,1,20170113005614349
8_1_3_20161220222820773.jpg,8,Female,1,Indian,3,20161220222820773
48_1_0_20170117003356908.jpg,48,Female,1,White,0,20170117003356908
27_0_3_20170119194352188.jpg,27,Male,0,Indian,3,20170119194352188
24_0_0_20170117150007795.jpg,24,Male,0,White,0,20170117150007795
90_0_0_20170111210057456.jpg,90,Male,0,White,0,20170111210057456
32_0_1_20170113172916939.jpg,32,Male,0,Black,1,20170113172916939
58_0_2_20170104185526166.jpg,58,Male,0,Asian,2,20170104185526166
30_1_1_20170113000134250.jpg,30,Female,1,Black,1,20170113000134250
4_0_3_20161220220759066.jpg,4,Male,0,Indian,3,20161220220759066
29_1_0_20170103180808736.jpg,29,Female,1,White,0,20170103180808736
15_0_1_20170117135556256.jpg,15,Male,0,Black,1,20170117135556256
26_1_0_20170113182514710.jpg,26,Female,1,White,0,20170113182514710
7_1_0_20170109203621621.jpg,7,Female,1,White,0,20170109203621621
19_0_2_20170105183427303.jpg,19,Male,0,Asian,2,20170105183427303
12_1_3_20170104012400657.jpg,12,Female,1,Indian,3,20170104012400657
24_1_0_20170116222832772.jpg,24,Female,1,White,0,20170116222832772
36_0_0_20170104173002256.jpg,36,Male,0,White,0,20170104173002256
10_0_0_20170110220541850.jpg,10,Male,0,White,0,20170110220541850
28_1_0_20170117122004211.jpg,28,Female,1,White,0,20170117122004211
6_1_2_20161219153411316.jpg,6,Female,1,Asian,2,20161219153411316
40_0_4_20170113183427182.jpg,40,Male,0,Others,4,20170113183427182
22_0_4_20170103201524479.jpg,22,Male,0,Others,4,20170103201524479
24_0_1_20170116010734667.jpg,24,Male,0,Black,1,20170116010734667
9_0_2_20161219193430531.jpg,9,Male,0,Asian,2,20161219193430531
29_0_0_20170116190029257.jpg,29,Male,0,White,0,20170116190029257
25_0_3_20170104214613229.jpg,25,Male,0,Indian,3,20170104214613229
73_0_0_20170120225937921.jpg,73,Male,0,White,0,20170120225937921
25_1_3_20170119150911238.jpg,25,Female,1,Indian,3,20170119150911238
20_1_0_20170109212842300.jpg,20,Female,1,White,0,20170109212842300
26_1_3_20170119192503866.jpg,26,Female,1,Indian,3,20170119192503866
2_1_2_20161219140706417.jpg,2,Female,1,Asian,2,20161219140706417
22_1_0_20170116205812305.jpg,22,Female,1,White,0,20170116205812305
27_1_1_20170112234451680.jpg,27,Female,1,Black,1,20170112234451680
55_1_0_20170117190736258.jpg,55,Female,1,White,0,20170117190736258
32_0_0_20170116191419267.jpg,32,Male,0,White,0,20170116191419267
54_0_0_20170104184100878.jpg,54,Male,0,White,0,20170104184100878
32_0_0_20170104201035977.jpg,32,Male,0,White,0,20170104201035977
73_1_0_20170120230408787.jpg,73,Female,1,White,0,20170120230408787
2_1_0_20161219154620268.jpg,2,Female,1,White,0,20161219154620268
65_0_0_20170111193847133.jpg,65,Male,0,White,0,20170111193847133
2_0_0_20170110212852343.jpg,2,Male,0,White,0,20170110212852343
31_1_0_20170117133139911.jpg,31,Female,1,White,0,20170117133139911
26_0_4_20170113175636526.jpg,26,Male,0,Others,4,20170113175636526
1_1_2_20161219162523262.jpg,1,Female,1,Asian,2,20161219162523262
26_0_3_20170119180330108.jpg,26,Male,0,Indian,3,20170119180330108
16_0_0_20170110231909175.jpg,16,Male,0,White,0,20170110231909175
1_0_3_20161219224956400.jpg,1,Male,0,Indian,3,20161219224956400
28_1_1_20170113001154099.jpg,28,Female,1,Black,1,20170113001154099
20_1_1_20170116164052068.jpg,20,Female,1,Black,1,20170116164052068
32_0_0_20170117120556801.jpg,32,Male,0,White,0,20170117120556801
22_0_1_20170113133350977.jpg,22,Male,0,Black,1,20170113133350977
55_1_0_20170117185946850.jpg,55,Female,1,White,0,20170117185946850
1_0_2_20170109192222822.jpg,1,Male,0,Asian,2,20170109192222822
21_1_3_20170104233909843.jpg,21,Female,1,Indian,3,20170104233909843
47_1_4_20170103234719420.jpg,47,Female,1,Others,4,20170103234719420
3_1_3_20161219224636608.jpg,3,Female,1,Indian,3,20161219224636608
24_1_2_20170116173426810.jpg,24,Female,1,Asian,2,20170116173426810
57_0_3_20170119181114683.jpg,57,Male,0,Indian,3,20170119181114683
60_0_0_20170117135546570.jpg,60,Male,0,White,0,20170117135546570
36_1_0_20170117183244102.jpg,36,Female,1,White,0,20170117183244102
37_0_3_20170119202516470.jpg,37,Male,0,Indian,3,20170119202516470
8_1_0_20170109204605797.jpg,8,Female,1,White,0,20170109204605797
31_1_3_20170119200159884.jpg,31,Female,1,Indian,3,20170119200159884
66_1_0_20170110140422693.jpg,66,Female,1,White,0,20170110140422693
22_0_0_20170104002331117.jpg,22,Male,0,White,0,20170104002331117
50_0_4_20170104210650526.jpg,50,Male,0,Others,4,20170104210650526
58_0_3_20170119192023433.jpg,58,Male,0,Indian,3,20170119192023433
65_1_0_20170117173915503.jpg,65,Female,1,White,0,20170117173915503
2_1_2_20161219211300054.jpg,2,Female,1,Asian,2,20161219211300054
21_1_4_20170103223204087.jpg,21,Female,1,Others,4,20170103223204087
28_1_3_20170119194448739.jpg,28,Female,1,Indian,3,20170119194448739
33_1_3_20170104232111402.jpg,33,Female,1,Indian,3,20170104232111402
65_0_1_20170117182422917.jpg,65,Male,0,Black,1,20170117182422917
20_1_2_20170116170359820.jpg,20,Female,1,Asian,2,20170116170359820
22_0_1_20170113132548672.jpg,22,Male,0,Black,1,20170113132548672
28_0_1_20170116195853213.jpg,28,Male,0,Black,1,20170116195853213
35_0_0_20170117172908485.jpg,35,Male,0,White,0,20170117172908485
70_0_0_20170104213651117.jpg,70,Male,0,White,0,20170104213651117
28_0_1_20170117015443654.jpg,28,Male,0,Black,1,20170117015443654
7_0_0_20170110225211960.jpg,7,Male,0,White,0,20170110225211960
46_0_3_20170113190527889.jpg,46,Male,0,Indian,3,20170113190527889
26_1_2_20170116164549452.jpg,26,Female,1,Asian,2,20170116164549452
26_1_0_20170117171248386.jpg,26,Female,1,White,0,20170117171248386
46_1_0_20170104184041597.jpg,46,Female,1,White,0,20170104184041597
7_0_0_20170110215534588.jpg,7,Male,0,White,0,20170110215534588
20_1_4_20170117193602482.jpg,20,Female,1,Others,4,20170117193602482
36_0_0_20170119201626207.jpg,36,Male,0,White,0,20170119201626207
54_1_0_20170117191523029.jpg,54,Female,1,White,0,20170117191523029
25_1_3_20170119172147361.jpg,25,Female,1,Indian,3,20170119172147361
26_1_0_20170117174948312.jpg,26,Female,1,White,0,20170117174948312
26_0_3_20170104230513064.jpg,26,Male,0,Indian,3,20170104230513064
18_1_2_20170104020841204.jpg,18,Female,1,Asian,2,20170104020841204
54_0_3_20170117185818497.jpg,54,Male,0,Indian,3,20170117185818497
26_0_0_20170117172649700.jpg,26,Male,0,White,0,20170117172649700
33_1_1_20170112210929221.jpg,33,Female,1,Black,1,20170112210929221
38_1_1_20170117203718759.jpg,38,Female,1,Black,1,20170117203718759
35_0_0_20170117171508484.jpg,35,Male,0,White,0,20170117171508484
26_0_2_20170116182353843.jpg,26,Male,0,Asian,2,20170116182353843
30_0_2_20170116172532435.jpg,30,Male,0,Asian,2,20170116172532435
32_1_0_20170116222912224.jpg,32,Female,1,White,0,20170116222912224
59_0_0_20170111201348742.jpg,59,Male,0,White,0,20170111201348742
58_0_4_20170117204733657.jpg,58,Male,0,Others,4,20170117204733657
90_1_0_20170110183401767.jpg,90,Female,1,White,0,20170110183401767
1_1_0_20170109190803637.jpg,1,Female,1,White,0,20170109190803637
72_0_2_20170105174444334.jpg,72,Male,0,Asian,2,20170105174444334
50_0_3_20170119205125927.jpg,50,Male,0,Indian,3,20170119205125927
28_1_2_20170116163936289.jpg,28,Female,1,Asian,2,20170116163936289
32_1_0_20170117134817286.jpg,32,Female,1,White,0,20170117134817286
16_1_0_20170109214719630.jpg,16,Female,1,White,0,20170109214719630
36_0_0_20170116210422517.jpg,36,Male,0,White,0,20170116210422517
36_0_3_20170104204425324.jpg,36,Male,0,Indian,3,20170104204425324
22_0_1_20170116214330918.jpg,22,Male,0,Black,1,20170116214330918
26_1_2_20170116184133814.jpg,26,Female,1,Asian,2,20170116184133814
30_0_3_20170117150038298.jpg,30,Male,0,Indian,3,20170117150038298
8_1_0_20170116200940428.jpg,8,Female,1,White,0,20170116200940428
10_0_2_20170116162109013.jpg,10,Male,0,Asian,2,20170116162109013
57_1_0_20170110120935648.jpg,57,Female,1,White,0,20170110120935648
7_1_3_20161219225222280.jpg,7,Female,1,Indian,3,20161219225222280
26_0_4_20170116182250630.jpg,26,Male,0,Others,4,20170116182250630
43_0_3_20170104204432075.jpg,43,Male,0,Indian,3,20170104204432075
49_1_0_20170104204953660.jpg,49,Female,1,White,0,20170104204953660
27_0_1_20170113133215272.jpg,27,Male,0,Black,1,20170113133215272
26_1_0_20170117094755094.jpg,26,Female,1,White,0,20170117094755094
75_0_0_20170111203745246.jpg,75,Male,0,White,0,20170111203745246
28_0_4_20170103235312020.jpg,28,Male,0,Others,4,20170103235312020
53_0_3_20170112220530017.jpg,53,Male,0,Indian,3,20170112220530017
53_1_0_20170104170652531.jpg,53,Female,1,White,0,20170104170652531
46_1_0_20170105172417134.jpg,46,Female,1,White,0,20170105172417134
50_1_2_20170104023119069.jpg,50,Female,1,Asian,2,20170104023119069
65_0_0_20170117153706996.jpg,65,Male,0,White,0,20170117153706996
34_1_1_20170113001446387.jpg,34,Female,1,Black,1,20170113001446387
31_0_2_20170117120426927.jpg,31,Male,0,Asian,2,20170117120426927
67_0_3_20161220221736930.jpg,67,Male,0,Indian,3,20161220221736930
26_1_1_20170113000455266.jpg,26,Female,1,Black,1,20170113000455266
5_0_0_20170110215706020.jpg,5,Male,0,White,0,20170110215706020
26_1_2_20170116234746730.jpg,26,Female,1,Asian,2,20170116234746730
60_1_0_20170110140645753.jpg,60,Female,1,White,0,20170110140645753
54_0_0_20170104165859441.jpg,54,Male,0,White,0,20170104165859441
1_0_2_20161219195737467.jpg,1,Male,0,Asian,2,20161219195737467
28_1_0_20170117122007867.jpg,28,Female,1,White,0,20170117122007867
31_0_1_20170113182315918.jpg,31,Male,0,Black,1,20170113182315918
48_1_0_20170108224903494.jpg,48,Female,1,White,0,20170108224903494
26_1_2_20170116184301043.jpg,26,Female,1,Asian,2,20170116184301043
52_0_0_20170117161004278.jpg,52,Male,0,White,0,20170117161004278
36_0_0_20170104170039505.jpg,36,Male,0,White,0,20170104170039505
26_1_0_20170117200909070.jpg,26,Female,1,White,0,20170117200909070
27_0_1_20170116193152719.jpg,27,Male,0,Black,1,20170116193152719
26_1_3_20170119180605476.jpg,26,Female,1,Indian,3,20170119180605476
25_0_1_20170113174811546.jpg,25,Male,0,Black,1,20170113174811546
26_0_0_20170116193220165.jpg,26,Male,0,White,0,20170116193220165
30_0_0_20170117181257163.jpg,30,Male,0,White,0,20170117181257163
67_0_1_20170117185950062.jpg,67,Male,0,Black,1,20170117185950062
49_0_1_20170113142200613.jpg,49,Male,0,Black,1,20170113142200613
33_0_1_20170113173629148.jpg,33,Male,0,Black,1,20170113173629148
40_1_0_20170117143211602.jpg,40,Female,1,White,0,20170117143211602
56_0_3_20170113190651833.jpg,56,Male,0,Indian,3,20170113190651833
25_0_0_20170113181534141.jpg,25,Male,0,White,0,20170113181534141
36_0_0_20170117183313263.jpg,36,Male,0,White,0,20170117183313263
35_0_3_20170119201257884.jpg,35,Male,0,Indian,3,20170119201257884
8_1_0_20170109203644920.jpg,8,Female,1,White,0,20170109203644920
32_1_1_20170114030220034.jpg,32,Female,1,Black,1,20170114030220034
26_1_0_20170116204809505.jpg,26,Female,1,White,0,20170116204809505
51_0_0_20170109141145066.jpg,51,Male,0,White,0,20170109141145066
46_0_0_20170117190127107.jpg,46,Male,0,White,0,20170117190127107
1_0_0_20170109193823674.jpg,1,Male,0,White,0,20170109193823674
15_0_3_20170105183235993.jpg,15,Male,0,Indian,3,20170105183235993
3_1_1_20170109194527475.jpg,3,Female,1,Black,1,20170109194527475
41_0_1_20170113190547009.jpg,41,Male,0,Black,1,20170113190547009
1_0_0_20170109194042219.jpg,1,Male,0,White,0,20170109194042219
30_1_2_20170116191902270.jpg,30,Female,1,Asian,2,20170116191902270
48_0_0_20170104211541076.jpg,48,Male,0,White,0,20170104211541076
19_0_0_20170105184049223.jpg,19,Male,0,White,0,20170105184049223
3_1_3_20161219230121032.jpg,3,Female,1,Indian,3,20161219230121032
28_0_3_20170119194819469.jpg,28,Male,0,Indian,3,20170119194819469
28_1_0_20170117140041948.jpg,28,Female,1,White,0,20170117140041948
46_1_0_20170104235642515.jpg,46,Female,1,White,0,20170104235642515
53_1_0_20170110123801468.jpg,53,Female,1,White,0,20170110123801468
4_1_4_20161221201507280.jpg,4,Female,1,Others,4,20161221201507280
4_1_4_20170109191636106.jpg,4,Female,1,Others,4,20170109191636106
27_1_3_20170119163731380.jpg,27,Female,1,Indian,3,20170119163731380
1_0_0_20170110212603790.jpg,1,Male,0,White,0,20170110212603790
28_1_0_20170116200848585.jpg,28,Female,1,White,0,20170116200848585
24_1_4_20170103223954911.jpg,24,Female,1,Others,4,20170103223954911
28_1_2_20170116192003103.jpg,28,Female,1,Asian,2,20170116192003103
36_1_0_20170117135850660.jpg,36,Female,1,White,0,20170117135850660
23_1_2_20170104020053452.jpg,23,Female,1,Asian,2,20170104020053452
42_1_2_20170109135854714.jpg,42,Female,1,Asian,2,20170109135854714
28_0_0_20170117145726220.jpg,28,Male,0,White,0,20170117145726220
50_0_0_20170117151732148.jpg,50,Male,0,White,0,20170117151732148
45_0_0_20170117163357130.jpg,45,Male,0,White,0,20170117163357130
45_0_1_20170113190556169.jpg,45,Male,0,Black,1,20170113190556169
31_0_0_20170116003010656.jpg,31,Male,0,White,0,20170116003010656
15_1_1_20170116164052068.jpg,15,Female,1,Black,1,20170116164052068
28_1_3_20170119154512882.jpg,28,Female,1,Indian,3,20170119154512882
33_1_0_20170105183847334.jpg,33,Female,1,White,0,20170105183847334
26_0_1_20170116204941727.jpg,26,Male,0,Black,1,20170116204941727
40_1_0_20170116235425418.jpg,40,Female,1,White,0,20170116235425418
7_0_0_20170110224846415.jpg,7,Male,0,White,0,20170110224846415
25_1_2_20170104022753590.jpg,25,Female,1,Asian,2,20170104022753590
34_1_0_20170104235402171.jpg,34,Female,1,White,0,20170104235402171
62_0_0_20170111211200517.jpg,62,Male,0,White,0,20170111211200517
26_1_4_20170103225054720.jpg,26,Female,1,Others,4,20170103225054720
28_1_0_20170117180706025.jpg,28,Female,1,White,0,20170117180706025
30_1_0_20170104165043953.jpg,30,Female,1,White,0,20170104165043953
24_0_0_20170116201407910.jpg,24,Male,0,White,0,20170116201407910
36_0_0_20170119194752299.jpg,36,Male,0,White,0,20170119194752299
30_0_1_20170113012632385.jpg,30,Male,0,Black,1,20170113012632385
5_1_0_20161220220850074.jpg,5,Female,1,White,0,20161220220850074
30_0_0_20170104201459001.jpg,30,Male,0,White,0,20170104201459001
20_0_3_20170119150802863.jpg,20,Male,0,Indian,3,20170119150802863
23_0_0_20170117144111812.jpg,23,Male,0,White,0,20170117144111812
28_1_0_20170104171611673.jpg,28,Female,1,White,0,20170104171611673
33_1_3_20170104223525079.jpg,33,Female,1,Indian,3,20170104223525079
2_0_0_20170110212819281.jpg,2,Male,0,White,0,20170110212819281
32_1_2_20170116192028254.jpg,32,Female,1,Asian,2,20170116192028254
29_0_0_20170117180900108.jpg,29,Male,0,White,0,20170117180900108
18_0_1_20170117140107728.jpg,18,Male,0,Black,1,20170117140107728
21_1_3_20170104231611130.jpg,21,Female,1,Indian,3,20170104231611130
29_0_1_20170116002932698.jpg,29,Male,0,Black,1,20170116002932698
26_0_4_20170117152744875.jpg,26,Male,0,Others,4,20170117152744875
65_1_0_20170110123252108.jpg,65,Female,1,White,0,20170110123252108
12_1_1_20170109214642524.jpg,12,Female,1,Black,1,20170109214642524
24_1_0_20170116222827257.jpg,24,Female,1,White,0,20170116222827257
36_1_0_20170117135859295.jpg,36,Female,1,White,0,20170117135859295
65_1_0_20170110151430189.jpg,65,Female,1,White,0,20170110151430189
38_0_4_20170116215608653.jpg,38,Male,0,Others,4,20170116215608653
24_1_3_20170104223551695.jpg,24,Female,1,Indian,3,20170104223551695
43_1_0_20170103183515393.jpg,43,Female,1,White,0,20170103183515393
29_1_0_20170116213445105.jpg,29,Female,1,White,0,20170116213445105
26_1_1_20170116153419888.jpg,26,Female,1,Black,1,20170116153419888
54_0_0_20170105173614957.jpg,54,Male,0,White,0,20170105173614957
26_1_2_20170116180131010.jpg,26,Female,1,Asian,2,20170116180131010
34_0_1_20170113152756632.jpg,34,Male,0,Black,1,20170113152756632
37_0_3_20170104232806122.jpg,37,Male,0,Indian,3,20170104232806122
26_1_3_20170104222936409.jpg,26,Female,1,Indian,3,20170104222936409
38_1_1_20170112233741014.jpg,38,Female,1,Black,1,20170112233741014
1_1_4_20161221192830036.jpg,1,Female,1,Others,4,20161221192830036
27_0_4_20170117010754780.jpg,27,Male,0,Others,4,20170117010754780
30_1_1_20170112205111027.jpg,30,Female,1,Black,1,20170112205111027
36_1_0_20170109003400403.jpg,36,Female,1,White,0,20170109003400403
30_0_0_20170117134548302.jpg,30,Male,0,White,0,20170117134548302
24_1_0_20170117145431948.jpg,24,Female,1,White,0,20170117145431948
2_1_2_20161219222445647.jpg,2,Female,1,Asian,2,20161219222445647
40_0_0_20170117185309809.jpg,40,Male,0,White,0,20170117185309809
32_1_1_20170114024626132.jpg,32,Female,1,Black,1,20170114024626132
35_0_0_20170117143404590.jpg,35,Male,0,White,0,20170117143404590
60_0_3_20170119205757055.jpg,60,Male,0,Indian,3,20170119205757055
26_1_2_20170116175958704.jpg,26,Female,1,Asian,2,20170116175958704
28_1_2_20170116175454615.jpg,28,Female,1,Asian,2,20170116175454615
25_0_0_20170117141324807.jpg,25,Male,0,White,0,20170117141324807
35_0_0_20170117120128098.jpg,35,Male,0,White,0,20170117120128098
25_0_0_20170117203843296.jpg,25,Male,0,White,0,20170117203843296
28_1_0_20170116220300753.jpg,28,Female,1,White,0,20170116220300753
56_1_3_20170104235453123.jpg,56,Female,1,Indian,3,20170104235453123
56_0_0_20170116183723573.jpg,56,Male,0,White,0,20170116183723573
26_1_1_20170113182739526.jpg,26,Female,1,Black,1,20170113182739526
95_1_0_20170117174948948.jpg,95,Female,1,White,0,20170117174948948
24_0_2_20170116164749805.jpg,24,Male,0,Asian,2,20170116164749805
47_0_3_20170116184916978.jpg,47,Male,0,Indian,3,20170116184916978
54_1_1_20170110120122138.jpg,54,Female,1,Black,1,20170110120122138
38_0_0_20170113210126612.jpg,38,Male,0,White,0,20170113210126612
26_0_3_20170119184306855.jpg,26,Male,0,Indian,3,20170119184306855
2_0_0_20170109194104628.jpg,2,Male,0,White,0,20170109194104628
2_0_2_20161219211913310.jpg,2,Male,0,Asian,2,20161219211913310
47_1_0_20170109012509904.jpg,47,Female,1,White,0,20170109012509904
48_0_3_20170119200357284.jpg,48,Male,0,Indian,3,20170119200357284
58_0_0_20170111171747496.jpg,58,Male,0,White,0,20170111171747496
26_1_0_20170120134215383.jpg,26,Female,1,White,0,20170120134215383
1_0_0_20161219192713491.jpg,1,Male,0,White,0,20161219192713491
65_0_0_20170117171238997.jpg,65,Male,0,White,0,20170117171238997
38_0_1_20170113152802880.jpg,38,Male,0,Black,1,20170113152802880
80_0_2_20170111201008732.jpg,80,Male,0,Asian,2,20170111201008732
44_0_0_20170109002148152.jpg,44,Male,0,White,0,20170109002148152
35_1_1_20170113000306521.jpg,35,Female,1,Black,1,20170113000306521
32_1_1_20170116154724484.jpg,32,Female,1,Black,1,20170116154724484
27_1_1_20170116223029775.jpg,27,Female,1,Black,1,20170116223029775
25_1_3_20170119172014464.jpg,25,Female,1,Indian,3,20170119172014464
26_1_3_20170119152455872.jpg,26,Female,1,Indian,3,20170119152455872
47_1_0_20170104184702870.jpg,47,Female,1,White,0,20170104184702870
37_1_4_20170116002040232.jpg,37,Female,1,Others,4,20170116002040232
39_1_0_20170117171010820.jpg,39,Female,1,White,0,20170117171010820
55_0_0_20170104212851085.jpg,55,Male,0,White,0,20170104212851085
31_1_0_20170103183716629.jpg,31,Female,1,White,0,20170103183716629
65_0_3_20170109143021566.jpg,65,Male,0,Indian,3,20170109143021566
8_0_0_20170110220038315.jpg,8,Male,0,White,0,20170110220038315
55_1_0_20170110122955702.jpg,55,Female,1,White,0,20170110122955702
73_0_3_20170119212057504.jpg,73,Male,0,Indian,3,20170119212057504
24_1_1_20170112234612457.jpg,24,Female,1,Black,1,20170112234612457
3_1_0_20170114030048102.jpg,3,Female,1,White,0,20170114030048102
30_0_1_20170117130551448.jpg,30,Male,0,Black,1,20170117130551448
28_0_3_20170119211746169.jpg,28,Male,0,Indian,3,20170119211746169
61_1_0_20170120134639935.jpg,61,Female,1,White,0,20170120134639935
31_0_0_20170105164926876.jpg,31,Male,0,White,0,20170105164926876
7_0_1_20170113145233558.jpg,7,Male,0,Black,1,20170113145233558
70_0_0_20170119205821287.jpg,70,Male,0,White,0,20170119205821287
33_0_1_20170116192517064.jpg,33,Male,0,Black,1,20170116192517064
26_1_1_20170113011815991.jpg,26,Female,1,Black,1,20170113011815991
17_1_0_20170109213944067.jpg,17,Female,1,White,0,20170109213944067
30_1_0_20170117193827524.jpg,30,Female,1,White,0,20170117193827524
5_1_2_20161219195123491.jpg,5,Female,1,Asian,2,20161219195123491
60_1_0_20170110154144201.jpg,60,Female,1,White,0,20170110154144201
59_0_0_20170109013159809.jpg,59,Male,0,White,0,20170109013159809
35_0_1_20170113151017296.jpg,35,Male,0,Black,1,20170113151017296
5_1_4_20161223232211710.jpg,5,Female,1,Others,4,20161223232211710
8_1_0_20170116234733445.jpg,8,Female,1,White,0,20170116234733445
26_0_1_20170116182126537.jpg,26,Male,0,Black,1,20170116182126537
28_0_1_20170117021406043.jpg,28,Male,0,Black,1,20170117021406043
46_0_3_20170119204816695.jpg,46,Male,0,Indian,3,20170119204816695
25_1_3_20170119172151113.jpg,25,Female,1,Indian,3,20170119172151113
27_0_3_20170119194353859.jpg,27,Male,0,Indian,3,20170119194353859
45_0_0_20170117145901316.jpg,45,Male,0,White,0,20170117145901316
80_0_0_20170117175248197.jpg,80,Male,0,White,0,20170117175248197
18_1_0_20170109214122492.jpg,18,Female,1,White,0,20170109214122492
82_0_0_20170111223913094.jpg,82,Male,0,White,0,20170111223913094
24_1_1_20170115235630663.jpg,24,Female,1,Black,1,20170115235630663
20_1_2_20170109213154546.jpg,20,Female,1,Asian,2,20170109213154546
38_1_1_20170113184328127.jpg,38,Female,1,Black,1,20170113184328127
25_1_3_20170117151134442.jpg,25,Female,1,Indian,3,20170117151134442
2_0_2_20161219151420756.jpg,2,Male,0,Asian,2,20161219151420756
32_0_0_20170117133447180.jpg,32,Male,0,White,0,20170117133447180
27_1_0_20170116200842891.jpg,27,Female,1,White,0,20170116200842891
32_1_2_20170116190009032.jpg,32,Female,1,Asian,2,20170116190009032
30_1_3_20170119205427119.jpg,30,Female,1,Indian,3,20170119205427119
1_1_0_20170109191440780.jpg,1,Female,1,White,0,20170109191440780
15_1_1_20170112191307797.jpg,15,Female,1,Black,1,20170112191307797
25_0_3_20170119171953195.jpg,25,Male,0,Indian,3,20170119171953195
28_0_4_20170116182445736.jpg,28,Male,0,Others,4,20170116182445736
26_0_2_20170117172558276.jpg,26,Male,0,Asian,2,20170117172558276
65_0_2_20170112205356788.jpg,65,Male,0,Asian,2,20170112205356788
60_1_0_20170120222309441.jpg,60,Female,1,White,0,20170120222309441
10_1_0_20170109205141310.jpg,10,Female,1,White,0,20170109205141310
40_0_0_20170120221014042.jpg,40,Male,0,White,0,20170120221014042
43_0_0_20170105173013443.jpg,43,Male,0,White,0,20170105173013443
47_1_1_20170116160640036.jpg,47,Female,1,Black,1,20170116160640036
70_1_0_20170117163559185.jpg,70,Female,1,White,0,20170117163559185
21_1_2_20170116175226250.jpg,21,Female,1,Asian,2,20170116175226250
1_0_4_20161221202601354.jpg,1,Male,0,Others,4,20161221202601354
42_0_3_20170112220259809.jpg,42,Male,0,Indian,3,20170112220259809
22_1_2_20170116165942740.jpg,22,Female,1,Asian,2,20170116165942740
28_1_0_20170117122002945.jpg,28,Female,1,White,0,20170117122002945
24_1_2_20170104022044502.jpg,24,Female,1,Asian,2,20170104022044502
32_0_1_20170117121017975.jpg,32,Male,0,Black,1,20170117121017975
46_0_4_20170120134419847.jpg,46,Male,0,Others,4,20170120134419847
16_1_0_20170104012333393.jpg,16,Female,1,White,0,20170104012333393
38_0_2_20170109013216517.jpg,38,Male,0,Asian,2,20170109013216517
24_1_2_20170116173442433.jpg,24,Female,1,Asian,2,20170116173442433
10_0_0_20170110225557604.jpg,10,Male,0,White,0,20170110225557604
22_1_3_20170119163715917.jpg,22,Female,1,Indian,3,20170119163715917
27_1_0_20170119154437418.jpg,27,Female,1,White,0,20170119154437418
36_0_1_20170113141753251.jpg,36,Male,0,Black,1,20170113141753251
32_0_1_20170113141719572.jpg,32,Male,0,Black,1,20170113141719572
75_1_0_20170109132033628.jpg,75,Female,1,White,0,20170109132033628
22_1_0_20170109213850161.jpg,22,Female,1,White,0,20170109213850161
26_1_1_20170112213133100.jpg,26,Female,1,Black,1,20170112213133100
59_1_0_20170110141603824.jpg,59,Female,1,White,0,20170110141603824
28_1_1_20170112234143831.jpg,28,Female,1,Black,1,20170112234143831
56_1_2_20170116235343595.jpg,56,Female,1,Asian,2,20170116235343595
34_0_1_20170116201940268.jpg,34,Male,0,Black,1,20170116201940268
6_1_0_20170109194210604.jpg,6,Female,1,White,0,20170109194210604
21_0_0_20170104230014969.jpg,21,Male,0,White,0,20170104230014969
38_1_0_20170116021831453.jpg,38,Female,1,White,0,20170116021831453
31_0_0_20170116182436465.jpg,31,Male,0,White,0,20170116182436465
27_1_0_20170117202238951.jpg,27,Female,1,White,0,20170117202238951
9_0_0_20170110220058915.jpg,9,Male,0,White,0,20170110220058915
10_0_0_20170120220628194.jpg,10,Male,0,White,0,20170120220628194
3_1_0_20170109194150845.jpg,3,Female,1,White,0,20170109194150845
21_1_3_20170104222114302.jpg,21,Female,1,Indian,3,20170104222114302
1_0_3_20161219224941016.jpg,1,Male,0,Indian,3,20161219224941016
45_0_0_20170117135817875.jpg,45,Male,0,White,0,20170117135817875
24_1_2_20170116172607433.jpg,24,Female,1,Asian,2,20170116172607433
26_0_1_20170117170851628.jpg,26,Male,0,Black,1,20170117170851628
25_0_0_20170105162443771.jpg,25,Male,0,White,0,20170105162443771
20_0_0_20170105161704786.jpg,20,Male,0,White,0,20170105161704786
53_1_0_20170103183702714.jpg,53,Female,1,White,0,20170103183702714
54_0_1_20170113185028970.jpg,54,Male,0,Black,1,20170113185028970
35_1_0_20170108225911130.jpg,35,Female,1,White,0,20170108225911130
90_0_0_20170111222613993.jpg,90,Male,0,White,0,20170111222613993
26_0_1_20170114031951577.jpg,26,Male,0,Black,1,20170114031951577
1_0_0_20170110212758683.jpg,1,Male,0,White,0,20170110212758683
50_0_0_20170120222254255.jpg,50,Male,0,White,0,20170120222254255
52_1_0_20170105173045268.jpg,52,Female,1,White,0,20170105173045268
4_1_0_20170109190928456.jpg,4,Female,1,White,0,20170109190928456
54_0_3_20170119210120352.jpg,54,Male,0,Indian,3,20170119210120352
78_0_0_20170111204704023.jpg,78,Male,0,White,0,20170111204704023
24_0_3_20170119165932823.jpg,24,Male,0,Indian,3,20170119165932823
58_1_0_20170110132501568.jpg,58,Female,1,White,0,20170110132501568
40_0_0_20170117154553185.jpg,40,Male,0,White,0,20170117154553185
35_1_3_20170104223412190.jpg,35,Female,1,Indian,3,20170104223412190
3_1_0_20170109192027975.jpg,3,Female,1,White,0,20170109192027975
1_1_3_20161220220157201.jpg,1,Female,1,Indian,3,20161220220157201
5_0_0_20170110213200213.jpg,5,Male,0,White,0,20170110213200213
55_1_3_20170109142107754.jpg,55,Female,1,Indian,3,20170109142107754
35_1_2_20170119200923012.jpg,35,Female,1,Asian,2,20170119200923012
20_1_1_20170112231744071.jpg,20,Female,1,Black,1,20170112231744071
39_1_3_20170119172010681.jpg,39,Female,1,Indian,3,20170119172010681
2_0_2_20161219195707820.jpg,2,Male,0,Asian,2,20161219195707820
30_0_0_20170117120709730.jpg,30,Male,0,White,0,20170117120709730
26_1_1_20170116022013916.jpg,26,Female,1,Black,1,20170116022013916
27_1_1_20170117010418697.jpg,27,Female,1,Black,1,20170117010418697
21_0_4_20170103223143358.jpg,21,Male,0,Others,4,20170103223143358
17_0_3_20170104225736449.jpg,17,Male,0,Indian,3,20170104225736449
24_0_1_20170113151024815.jpg,24,Male,0,Black,1,20170113151024815
52_0_0_20170117161013430.jpg,52,Male,0,White,0,20170117161013430
15_0_0_20170102234355667.jpg,15,Male,0,White,0,20170102234355667
1_1_4_20161223231311515.jpg,1,Female,1,Others,4,20161223231311515
48_0_3_20170119201811053.jpg,48,Male,0,Indian,3,20170119201811053
69_1_0_20170110140940217.jpg,69,Female,1,White,0,20170110140940217
55_1_0_20170110122115175.jpg,55,Female,1,White,0,20170110122115175
26_1_2_20170116180548534.jpg,26,Female,1,Asian,2,20170116180548534
28_1_3_20170119194459995.jpg,28,Female,1,Indian,3,20170119194459995
4_0_3_20161220220741730.jpg,4,Male,0,Indian,3,20161220220741730
24_0_0_20170116222408305.jpg,24,Male,0,White,0,20170116222408305
13_1_0_20170109205237062.jpg,13,Female,1,White,0,20170109205237062
32_0_0_20170113142132251.jpg,32,Male,0,White,0,20170113142132251
53_0_0_20170117163654249.jpg,53,Male,0,White,0,20170117163654249
35_0_1_20170117183513718.jpg,35,Male,0,Black,1,20170117183513718
24_1_0_20170103180557248.jpg,24,Female,1,White,0,20170103180557248
33_0_1_20170113134141083.jpg,33,Male,0,Black,1,20170113134141083
35_1_3_20170117180204756.jpg,35,Female,1,Indian,3,20170117180204756
28_1_1_20170116231107181.jpg,28,Female,1,Black,1,20170116231107181
48_0_0_20170117165848844.jpg,48,Male,0,White,0,20170117165848844
28_0_1_20170113142405196.jpg,28,Male,0,Black,1,20170113142405196
3_1_0_20170109194250272.jpg,3,Female,1,White,0,20170109194250272
54_0_0_20170117191403100.jpg,54,Male,0,White,0,20170117191403100
40_0_3_20170119183720398.jpg,40,Male,0,Indian,3,20170119183720398
29_0_0_20170117104629440.jpg,29,Male,0,White,0,20170117104629440
6_1_2_20161219201340515.jpg,6,Female,1,Asian,2,20161219201340515
13_0_0_20170103201032542.jpg,13,Male,0,White,0,20170103201032542
54_0_0_20170104212507413.jpg,54,Male,0,White,0,20170104212507413
48_0_3_20170119205407566.jpg,48,Male,0,Indian,3,20170119205407566
18_1_0_20170109213945602.jpg,18,Female,1,White,0,20170109213945602
28_1_2_20170116190131133.jpg,28,Female,1,Asian,2,20170116190131133
30_0_2_20170117202816104.jpg,30,Male,0,Asian,2,20170117202816104
26_1_3_20170117154952406.jpg,26,Female,1,Indian,3,20170117154952406
1_0_4_20170103210812538.jpg,1,Male,0,Others,4,20170103210812538
40_1_1_20170113011754567.jpg,40,Female,1,Black,1,20170113011754567
1_1_2_20161219140803696.jpg,1,Female,1,Asian,2,20161219140803696
55_0_1_20170117190614716.jpg,55,Male,0,Black,1,20170117190614716
29_0_0_20170116214300022.jpg,29,Male,0,White,0,20170116214300022
41_0_3_20170104201116162.jpg,41,Male,0,Indian,3,20170104201116162
41_0_0_20170116202014245.jpg,41,Male,0,White,0,20170116202014245
65_1_0_20170110123555351.jpg,65,Female,1,White,0,20170110123555351
26_0_0_20170113210126366.jpg,26,Male,0,White,0,20170113210126366
43_0_0_20170109005543475.jpg,43,Male,0,White,0,20170109005543475
18_1_0_20170109214251980.jpg,18,Female,1,White,0,20170109214251980
1_0_3_20161219230414376.jpg,1,Male,0,Indian,3,20161219230414376
28_0_0_20170117202406775.jpg,28,Male,0,White,0,20170117202406775
2_1_0_20170109193339281.jpg,2,Female,1,White,0,20170109193339281
30_1_1_20170112231435630.jpg,30,Female,1,Black,1,20170112231435630
26_1_3_20170119193147306.jpg,26,Female,1,Indian,3,20170119193147306
24_1_2_20170116174503300.jpg,24,Female,1,Asian,2,20170116174503300
16_1_3_20170109213433239.jpg,16,Female,1,Indian,3,20170109213433239
65_1_0_20170110152931044.jpg,65,Female,1,White,0,20170110152931044
61_0_3_20170119211907034.jpg,61,Male,0,Indian,3,20170119211907034
22_0_2_20170116172210197.jpg,22,Male,0,Asian,2,20170116172210197
18_0_0_20170110231625906.jpg,18,Male,0,White,0,20170110231625906
26_1_3_20170119193125362.jpg,26,Female,1,Indian,3,20170119193125362
26_1_3_20170109134328289.jpg,26,Female,1,Indian,3,20170109134328289
10_1_4_20170103200950879.jpg,10,Female,1,Others,4,20170103200950879
26_1_2_20170116175511254.jpg,26,Female,1,Asian,2,20170116175511254
32_1_0_20170109141308065.jpg,32,Female,1,White,0,20170109141308065
2_1_1_20170109194159738.jpg,2,Female,1,Black,1,20170109194159738
71_0_2_20170112205728557.jpg,71,Male,0,Asian,2,20170112205728557
61_0_1_20170113175121180.jpg,61,Male,0,Black,1,20170113175121180
30_1_0_20170117150430298.jpg,30,Female,1,White,0,20170117150430298
6_0_0_20170110215952754.jpg,6,Male,0,White,0,20170110215952754
26_1_2_20170116184145692.jpg,26,Female,1,Asian,2,20170116184145692
52_0_0_20170120222938778.jpg,52,Male,0,White,0,20170120222938778
25_1_0_20170117142815331.jpg,25,Female,1,White,0,20170117142815331
68_0_1_20170113152656361.jpg,68,Male,0,Black,1,20170113152656361
25_1_1_20170117010028966.jpg,25,Female,1,Black,1,20170117010028966
57_1_3_20170105001132532.jpg,57,Female,1,Indian,3,20170105001132532
29_0_2_20170116161810177.jpg,29,Male,0,Asian,2,20170116161810177
26_0_1_20170113181413611.jpg,26,Male,0,Black,1,20170113181413611
3_1_0_20170109191351622.jpg,3,Female,1,White,0,20170109191351622
28_0_0_20170113210605140.jpg,28,Male,0,White,0,20170113210605140
26_0_0_20170117200055853.jpg,26,Male,0,White,0,20170117200055853
26_1_2_20170116175503224.jpg,26,Female,1,Asian,2,20170116175503224
47_0_0_20170104211906453.jpg,47,Male,0,White,0,20170104211906453
30_1_0_20170117154828262.jpg,30,Female,1,White,0,20170117154828262
68_0_0_20170109015134679.jpg,68,Male,0,White,0,20170109015134679
50_1_1_20170120222821475.jpg,50,Female,1,Black,1,20170120222821475
40_0_2_20170117001148193.jpg,40,Male,0,Asian,2,20170117001148193
26_1_0_20170117201605677.jpg,26,Female,1,White,0,20170117201605677
35_0_0_20170117104544995.jpg,35,Male,0,White,0,20170117104544995
64_0_0_20170105183706463.jpg,64,Male,0,White,0,20170105183706463
6_1_0_20170109204828030.jpg,6,Female,1,White,0,20170109204828030
26_0_0_20170113210126011.jpg,26,Male,0,White,0,20170113210126011
30_0_0_20170114031727781.jpg,30,Male,0,White,0,20170114031727781
15_1_0_20170109214307598.jpg,15,Female,1,White,0,20170109214307598
9_0_0_20170110225359875.jpg,9,Male,0,White,0,20170110225359875
3_0_3_20161219230550256.jpg,3,Male,0,Indian,3,20161219230550256
60_0_1_20170111171747543.jpg,60,Male,0,Black,1,20170111171747543
40_1_1_20170112214918832.jpg,40,Female,1,Black,1,20170112214918832
58_0_0_20170111210401778.jpg,58,Male,0,White,0,20170111210401778
58_0_1_20170113185038112.jpg,58,Male,0,Black,1,20170113185038112
34_0_3_20170119165846359.jpg,34,Male,0,Indian,3,20170119165846359
26_0_1_20170116030131527.jpg,26,Male,0,Black,1,20170116030131527
25_1_2_20170116175126325.jpg,25,Female,1,Asian,2,20170116175126325
29_1_4_20170117202752934.jpg,29,Female,1,Others,4,20170117202752934
24_0_0_20170115230945548.jpg,24,Male,0,White,0,20170115230945548
29_1_0_20170103182249865.jpg,29,Female,1,White,0,20170103182249865
33_0_0_20170104192751495.jpg,33,Male,0,White,0,20170104192751495
34_0_0_20170117134856428.jpg,34,Male,0,White,0,20170117134856428
40_0_1_20170113152150416.jpg,40,Male,0,Black,1,20170113152150416
42_1_0_20170110154309957.jpg,42,Female,1,White,0,20170110154309957
28_0_2_20170116175154482.jpg,28,Male,0,Asian,2,20170116175154482
22_1_0_20170104021327948.jpg,22,Female,1,White,0,20170104021327948
59_0_2_20170104022521749.jpg,59,Male,0,Asian,2,20170104022521749
52_1_0_20170110151437658.jpg,52,Female,1,White,0,20170110151437658
38_0_1_20170113174609987.jpg,38,Male,0,Black,1,20170113174609987
22_1_3_20170104222853135.jpg,22,Female,1,Indian,3,20170104222853135
44_0_3_20170119165428991.jpg,44,Male,0,Indian,3,20170119165428991
51_0_3_20170104212203317.jpg,51,Male,0,Indian,3,20170104212203317
26_1_1_20170112211326509.jpg,26,Female,1,Black,1,20170112211326509
9_0_0_20170110220624626.jpg,9,Male,0,White,0,20170110220624626
31_1_0_20170113002019668.jpg,31,Female,1,White,0,20170113002019668
31_0_1_20170116004652226.jpg,31,Male,0,Black,1,20170116004652226
88_1_0_20170110183050254.jpg,88,Female,1,White,0,20170110183050254
21_1_0_20170105183508735.jpg,21,Female,1,White,0,20170105183508735
24_0_4_20170113151020448.jpg,24,Male,0,Others,4,20170113151020448
29_1_3_20170104232728113.jpg,29,Female,1,Indian,3,20170104232728113
42_0_3_20170119204424727.jpg,42,Male,0,Indian,3,20170119204424727
26_0_2_20170116182417422.jpg,26,Male,0,Asian,2,20170116182417422
29_0_4_20170117094742046.jpg,29,Male,0,Others,4,20170117094742046
1_1_0_20170109191021631.jpg,1,Female,1,White,0,20170109191021631
31_1_3_20170109140727630.jpg,31,Female,1,Indian,3,20170109140727630
39_0_0_20170105172425829.jpg,39,Male,0,White,0,20170105172425829
32_0_0_20170117173203012.jpg,32,Male,0,White,0,20170117173203012
28_1_2_20170116191639838.jpg,28,Female,1,Asian,2,20170116191639838
20_0_0_20170104230051977.jpg,20,Male,0,White,0,20170104230051977
23_1_0_20170117144809468.jpg,23,Female,1,White,0,20170117144809468
26_0_3_20170119175252145.jpg,26,Male,0,Indian,3,20170119175252145
52_0_3_20170119205639336.jpg,52,Male,0,Indian,3,20170119205639336
26_1_3_20170119155121850.jpg,26,Female,1,Indian,3,20170119155121850
14_1_0_20170109212518607.jpg,14,Female,1,White,0,20170109212518607
49_0_3_20170104212655423.jpg,49,Male,0,Indian,3,20170104212655423
26_0_1_20170113134354008.jpg,26,Male,0,Black,1,20170113134354008
64_1_1_20170112233355207.jpg,64,Female,1,Black,1,20170112233355207
37_1_0_20170117184458864.jpg,37,Female,1,White,0,20170117184458864
21_1_4_20170103180619480.jpg,21,Female,1,Others,4,20170103180619480
48_1_1_20170110120129624.jpg,48,Female,1,Black,1,20170110120129624
1_1_4_20161221193742646.jpg,1,Female,1,Others,4,20161221193742646
32_1_1_20170116232547353.jpg,32,Female,1,Black,1,20170116232547353
24_1_1_20170116222821392.jpg,24,Female,1,Black,1,20170116222821392
54_1_0_20170109142905822.jpg,54,Female,1,White,0,20170109142905822
24_1_4_20170103224705429.jpg,24,Female,1,Others,4,20170103224705429
28_0_1_20170117202249743.jpg,28,Male,0,Black,1,20170117202249743
20_1_1_20170116003433569.jpg,20,Female,1,Black,1,20170116003433569
79_0_1_20170111223356803.jpg,79,Male,0,Black,1,20170111223356803
49_0_3_20170109141453135.jpg,49,Male,0,Indian,3,20170109141453135
12_1_0_20170109203310061.jpg,12,Female,1,White,0,20170109203310061
80_0_0_20170111223549819.jpg,80,Male,0,White,0,20170111223549819
35_0_3_20170119212039049.jpg,35,Male,0,Indian,3,20170119212039049
26_0_0_20170117003324706.jpg,26,Male,0,White,0,20170117003324706
2_1_4_20161221202425393.jpg,2,Female,1,Others,4,20161221202425393
42_0_4_20170104202440690.jpg,42,Male,0,Others,4,20170104202440690
53_0_0_20170104212413221.jpg,53,Male,0,White,0,20170104212413221
75_0_0_20170120225925506.jpg,75,Male,0,White,0,20170120225925506
1_0_0_20170109194120301.jpg,1,Male,0,White,0,20170109194120301
45_0_4_20170104184343710.jpg,45,Male,0,Others,4,20170104184343710
32_0_0_20170104203059659.jpg,32,Male,0,White,0,20170104203059659
1_0_0_20161219154018476.jpg,1,Male,0,White,0,20161219154018476
2_0_0_20170110213250253.jpg,2,Male,0,White,0,20170110213250253
2_0_3_20161220143054648.jpg,2,Male,0,Indian,3,20161220143054648
3_1_0_20170109191419044.jpg,3,Female,1,White,0,20170109191419044
26_1_3_20170117154614886.jpg,26,Female,1,Indian,3,20170117154614886
70_1_0_20170110152906741.jpg,70,Female,1,White,0,20170110152906741
49_0_1_20170116191717345.jpg,49,Male,0,Black,1,20170116191717345
50_0_0_20170111171747253.jpg,50,Male,0,White,0,20170111171747253
92_1_0_20170110183055235.jpg,92,Female,1,White,0,20170110183055235
35_1_2_20170117171219155.jpg,35,Female,1,Asian,2,20170117171219155
28_0_3_20170119194937372.jpg,28,Male,0,Indian,3,20170119194937372
27_1_0_20170103230354912.jpg,27,Female,1,White,0,20170103230354912
54_0_3_20170119183920621.jpg,54,Male,0,Indian,3,20170119183920621
1_0_2_20161219203148028.jpg,1,Male,0,Asian,2,20161219203148028
30_0_1_20170113133323665.jpg,30,Male,0,Black,1,20170113133323665
21_0_3_20170117141619327.jpg,21,Male,0,Indian,3,20170117141619327
60_0_3_20170119204312254.jpg,60,Male,0,Indian,3,20170119204312254
3_1_0_20170104005119728.jpg,3,Female,1,White,0,20170104005119728
40_0_2_20170116183858838.jpg,40,Male,0,Asian,2,20170116183858838
34_1_3_20170104235729572.jpg,34,Female,1,Indian,3,20170104235729572
2_0_2_20161219190735147.jpg,2,Male,0,Asian,2,20161219190735147
26_0_3_20170119184204318.jpg,26,Male,0,Indian,3,20170119184204318
32_1_0_20170117114915962.jpg,32,Female,1,White,0,20170117114915962
35_0_3_20170104214246948.jpg,35,Male,0,Indian,3,20170104214246948
31_1_1_20170116180028746.jpg,31,Female,1,Black,1,20170116180028746
27_0_1_20170117173208805.jpg,27,Male,0,Black,1,20170117173208805
36_0_3_20170119183536726.jpg,36,Male,0,Indian,3,20170119183536726
27_1_3_20170119194423595.jpg,27,Female,1,Indian,3,20170119194423595
33_1_1_20170116215201422.jpg,33,Female,1,Black,1,20170116215201422
18_0_3_20170119151213151.jpg,18,Male,0,Indian,3,20170119151213151
26_0_0_20170116200900839.jpg,26,Male,0,White,0,20170116200900839
27_0_1_20170114030833116.jpg,27,Male,0,Black,1,20170114030833116
74_0_2_20170105174417462.jpg,74,Male,0,Asian,2,20170105174417462
40_0_0_20170113141758342.jpg,40,Male,0,White,0,20170113141758342
1_0_3_20161220220508802.jpg,1,Male,0,Indian,3,20161220220508802
28_0_0_20170117191934140.jpg,28,Male,0,White,0,20170117191934140
58_0_3_20170119211627367.jpg,58,Male,0,Indian,3,20170119211627367
38_1_1_20170117005942906.jpg,38,Female,1,Black,1,20170117005942906
70_0_3_20170119205722199.jpg,70,Male,0,Indian,3,20170119205722199
69_1_0_20170110154316664.jpg,69,Female,1,White,0,20170110154316664
36_1_3_20170119202210389.jpg,36,Female,1,Indian,3,20170119202210389
46_0_1_20170117185815162.jpg,46,Male,0,Black,1,20170117185815162
31_0_2_20170116170844078.jpg,31,Male,0,Asian,2,20170116170844078
20_1_2_20170116194052786.jpg,20,Female,1,Asian,2,20170116194052786
1_0_3_20161219230320824.jpg,1,Male,0,Indian,3,20161219230320824
40_1_1_20170113001728994.jpg,40,Female,1,Black,1,20170113001728994
50_0_0_20170117190559865.jpg,50,Male,0,White,0,20170117190559865
39_1_3_20170110173815028.jpg,39,Female,1,Indian,3,20170110173815028
4_0_0_20170110225200150.jpg,4,Male,0,White,0,20170110225200150
61_0_0_20170117193447568.jpg,61,Male,0,White,0,20170117193447568
31_0_3_20170119195949996.jpg,31,Male,0,Indian,3,20170119195949996
69_0_1_20170111200716106.jpg,69,Male,0,Black,1,20170111200716106
35_0_2_20170112215010390.jpg,35,Male,0,Asian,2,20170112215010390
30_0_0_20170117001126198.jpg,30,Male,0,White,0,20170117001126198
42_1_1_20170113001251739.jpg,42,Female,1,Black,1,20170113001251739
38_1_3_20170119183332565.jpg,38,Female,1,Indian,3,20170119183332565
1_0_4_20161221193531198.jpg,1,Male,0,Others,4,20161221193531198
20_1_0_20170104021334149.jpg,20,Female,1,White,0,20170104021334149
88_0_0_20170111222657241.jpg,88,Male,0,White,0,20170111222657241
95_1_0_20170120140026048.jpg,95,Female,1,White,0,20170120140026048
32_1_1_20170113001310242.jpg,32,Female,1,Black,1,20170113001310242
26_0_1_20170114033015053.jpg,26,Male,0,Black,1,20170114033015053
30_0_1_20170113151342687.jpg,30,Male,0,Black,1,20170113151342687
29_0_0_20170108223214078.jpg,29,Male,0,White,0,20170108223214078
23_1_4_20170103223600551.jpg,23,Female,1,Others,4,20170103223600551
49_1_0_20170104210205882.jpg,49,Female,1,White,0,20170104210205882
55_0_0_20170117191559491.jpg,55,Male,0,White,0,20170117191559491
4_1_2_20161219190919019.jpg,4,Female,1,Asian,2,20161219190919019
27_1_2_20170116163822402.jpg,27,Female,1,Asian,2,20170116163822402
61_1_0_20170117204812272.jpg,61,Female,1,White,0,20170117204812272
35_1_0_20170105162358962.jpg,35,Female,1,White,0,20170105162358962
27_0_3_20170119152437615.jpg,27,Male,0,Indian,3,20170119152437615
31_1_4_20170117203047078.jpg,31,Female,1,Others,4,20170117203047078
1_1_2_20161219204304845.jpg,1,Female,1,Asian,2,20161219204304845
36_0_0_20170117183121900.jpg,36,Male,0,White,0,20170117183121900
24_1_3_20170119171109382.jpg,24,Female,1,Indian,3,20170119171109382
26_1_2_20170116175341740.jpg,26,Female,1,Asian,2,20170116175341740
26_1_2_20170116175900172.jpg,26,Female,1,Asian,2,20170116175900172
32_0_3_20170119200351460.jpg,32,Male,0,Indian,3,20170119200351460
35_0_0_20170104200553297.jpg,35,Male,0,White,0,20170104200553297
21_1_3_20170104222105039.jpg,21,Female,1,Indian,3,20170104222105039
1_0_4_20170103210037042.jpg,1,Male,0,Others,4,20170103210037042
25_0_0_20170117144403034.jpg,25,Male,0,White,0,20170117144403034
26_0_1_20170116210446985.jpg,26,Male,0,Black,1,20170116210446985
2_0_4_20161221195015399.jpg,2,Male,0,Others,4,20161221195015399
80_1_0_20170120221022764.jpg,80,Female,1,White,0,20170120221022764
2_1_4_20161221193638214.jpg,2,Female,1,Others,4,20161221193638214
60_0_0_20170117173825225.jpg,60,Male,0,White,0,20170117173825225
2_1_4_20170103213208251.jpg,2,Female,1,Others,4,20170103213208251
35_0_2_20170117173352860.jpg,35,Male,0,Asian,2,20170117173352860
16_0_1_20170116161243731.jpg,16,Male,0,Black,1,20170116161243731
46_0_2_20170105171822557.jpg,46,Male,0,Asian,2,20170105171822557
29_0_0_20170117180725353.jpg,29,Male,0,White,0,20170117180725353
26_0_0_20170104165824281.jpg,26,Male,0,White,0,20170104165824281
25_0_0_20170117195027938.jpg,25,Male,0,White,0,20170117195027938
31_1_2_20170104020444076.jpg,31,Female,1,Asian,2,20170104020444076
24_1_0_20170117150901270.jpg,24,Female,1,White,0,20170117150901270
5_0_0_20170109192317486.jpg,5,Male,0,White,0,20170109192317486
26_1_0_20170103181123449.jpg,26,Female,1,White,0,20170103181123449
31_0_0_20170120134346407.jpg,31,Male,0,White,0,20170120134346407
16_1_4_20170103233406635.jpg,16,Female,1,Others,4,20170103233406635
34_1_1_20170115235753191.jpg,34,Female,1,Black,1,20170115235753191
12_1_0_20170109201611941.jpg,12,Female,1,White,0,20170109201611941
28_1_2_20170116165553955.jpg,28,Female,1,Asian,2,20170116165553955
22_1_1_20170114033301951.jpg,22,Female,1,Black,1,20170114033301951
26_1_2_20170116182351803.jpg,26,Female,1,Asian,2,20170116182351803
67_0_2_20170116193956693.jpg,67,Male,0,Asian,2,20170116193956693
31_0_1_20170113173411619.jpg,31,Male,0,Black,1,20170113173411619
42_1_2_20170116182210072.jpg,42,Female,1,Asian,2,20170116182210072
1_0_2_20161219203954396.jpg,1,Male,0,Asian,2,20161219203954396
48_0_0_20170120134009260.jpg,48,Male,0,White,0,20170120134009260
100_1_0_20170119212053665.jpg,100,Female,1,White,0,20170119212053665
26_0_3_20170119181258652.jpg,26,Male,0,Indian,3,20170119181258652
8_1_2_20170109201847910.jpg,8,Female,1,Asian,2,20170109201847910
22_1_2_20170116172700901.jpg,22,Female,1,Asian,2,20170116172700901
1_0_4_20161221202848809.jpg,1,Male,0,Others,4,20161221202848809
26_1_3_20170117174313937.jpg,26,Female,1,Indian,3,20170117174313937
1_1_3_20161219225259040.jpg,1,Female,1,Indian,3,20161219225259040
54_0_0_20170119210011397.jpg,54,Male,0,White,0,20170119210011397
26_0_1_20170117200036094.jpg,26,Male,0,Black,1,20170117200036094
21_1_0_20170117142341545.jpg,21,Female,1,White,0,20170117142341545
45_0_3_20170117183557423.jpg,45,Male,0,Indian,3,20170117183557423
51_1_0_20170104183749773.jpg,51,Female,1,White,0,20170104183749773
34_0_0_20170103182639105.jpg,34,Male,0,White,0,20170103182639105
1_0_2_20161219152901372.jpg,1,Male,0,Asian,2,20161219152901372
30_0_4_20170117153249558.jpg,30,Male,0,Others,4,20170117153249558
52_0_0_20170111195709447.jpg,52,Male,0,White,0,20170111195709447
20_1_3_20170104222022391.jpg,20,Female,1,Indian,3,20170104222022391
80_0_0_20170111211508161.jpg,80,Male,0,White,0,20170111211508161
51_0_0_20170107212023866.jpg,51,Male,0,White,0,20170107212023866
61_0_1_20170117172824446.jpg,61,Male,0,Black,1,20170117172824446
56_0_3_20170105180725694.jpg,56,Male,0,Indian,3,20170105180725694
28_0_0_20170117180233918.jpg,28,Male,0,White,0,20170117180233918
29_0_1_20170114034635292.jpg,29,Male,0,Black,1,20170114034635292
6_1_3_20161220222405139.jpg,6,Female,1,Indian,3,20161220222405139
28_1_1_20170112202844634.jpg,28,Female,1,Black,1,20170112202844634
32_0_0_20170120220858579.jpg,32,Male,0,White,0,20170120220858579
26_0_0_20170113135319121.jpg,26,Male,0,White,0,20170113135319121
2_1_2_20161220144859447.jpg,2,Female,1,Asian,2,20161220144859447
29_0_1_20170113141803388.jpg,29,Male,0,Black,1,20170113141803388
2_0_2_20161219194455147.jpg,2,Male,0,Asian,2,20161219194455147
9_0_0_20170110220351738.jpg,9,Male,0,White,0,20170110220351738
26_1_1_20170117170703265.jpg,26,Female,1,Black,1,20170117170703265
32_1_0_20170117183907807.jpg,32,Female,1,White,0,20170117183907807
26_1_1_20170112213221119.jpg,26,Female,1,Black,1,20170112213221119
59_0_2_20170113190433215.jpg,59,Male,0,Asian,2,20170113190433215
35_0_4_20170104000753052.jpg,35,Male,0,Others,4,20170104000753052
1_1_2_20161219203318222.jpg,1,Female,1,Asian,2,20161219203318222
36_1_1_20170113193312243.jpg,36,Female,1,Black,1,20170113193312243
27_0_0_20170116220641348.jpg,27,Male,0,White,0,20170116220641348
15_1_4_20170103233348795.jpg,15,Female,1,Others,4,20170103233348795
82_1_1_20170113012909920.jpg,82,Female,1,Black,1,20170113012909920
26_1_4_20170117201509118.jpg,26,Female,1,Others,4,20170117201509118
40_0_2_20170116173629300.jpg,40,Male,0,Asian,2,20170116173629300
26_1_2_20170116182434267.jpg,26,Female,1,Asian,2,20170116182434267
3_1_2_20161219190200060.jpg,3,Female,1,Asian,2,20161219190200060
61_0_1_20170117194600743.jpg,61,Male,0,Black,1,20170117194600743
22_0_0_20170117140026568.jpg,22,Male,0,White,0,20170117140026568
56_0_0_20170113185134655.jpg,56,Male,0,White,0,20170113185134655
53_1_0_20170105163430701.jpg,53,Female,1,White,0,20170105163430701
2_1_0_20170109194054994.jpg,2,Female,1,White,0,20170109194054994
26_0_3_20170119180622762.jpg,26,Male,0,Indian,3,20170119180622762
24_1_2_20170116173550213.jpg,24,Female,1,Asian,2,20170116173550213
53_0_4_20170117204252600.jpg,53,Male,0,Others,4,20170117204252600
79_1_0_20170120225803298.jpg,79,Female,1,White,0,20170120225803298
31_0_0_20170116233154004.jpg,31,Male,0,White,0,20170116233154004
70_0_0_20170111201407590.jpg,70,Male,0,White,0,20170111201407590
48_0_0_20170113181243230.jpg,48,Male,0,White,0,20170113181243230
42_1_1_20170113011527191.jpg,42,Female,1,Black,1,20170113011527191
28_0_2_20170116214450969.jpg,28,Male,0,Asian,2,20170116214450969
28_1_1_20170117020405380.jpg,28,Female,1,Black,1,20170117020405380
28_1_3_20170119164514645.jpg,28,Female,1,Indian,3,20170119164514645
22_0_2_20170117135152126.jpg,22,Male,0,Asian,2,20170117135152126
43_1_4_20170117204026648.jpg,43,Female,1,Others,4,20170117204026648
40_0_0_20170117133705952.jpg,40,Male,0,White,0,20170117133705952
30_0_3_20170119195800379.jpg,30,Male,0,Indian,3,20170119195800379
35_0_3_20170119201446469.jpg,35,Male,0,Indian,3,20170119201446469
39_0_4_20170104200746817.jpg,39,Male,0,Others,4,20170104200746817
30_0_4_20170116221659118.jpg,30,Male,0,Others,4,20170116221659118
4_0_0_20170110205352445.jpg,4,Male,0,White,0,20170110205352445
24_1_0_20170103180549431.jpg,24,Female,1,White,0,20170103180549431
8_1_0_20170109203200614.jpg,8,Female,1,White,0,20170109203200614
80_1_0_20170110180237499.jpg,80,Female,1,White,0,20170110180237499
42_1_1_20170112234656696.jpg,42,Female,1,Black,1,20170112234656696
30_1_0_20170117150420803.jpg,30,Female,1,White,0,20170117150420803
16_0_4_20170103205822811.jpg,16,Male,0,Others,4,20170103205822811
56_1_1_20170112231901927.jpg,56,Female,1,Black,1,20170112231901927
23_0_3_20170119164205782.jpg,23,Male,0,Indian,3,20170119164205782
24_1_4_20170103235745076.jpg,24,Female,1,Others,4,20170103235745076
68_0_0_20170105174949806.jpg,68,Male,0,White,0,20170105174949806
38_0_2_20170104201018401.jpg,38,Male,0,Asian,2,20170104201018401
14_0_0_20170110224441502.jpg,14,Male,0,White,0,20170110224441502
21_0_4_20161223214823880.jpg,21,Male,0,Others,4,20161223214823880
1_0_2_20161219154715885.jpg,1,Male,0,Asian,2,20161219154715885
81_0_0_20170111201206317.jpg,81,Male,0,White,0,20170111201206317
24_0_0_20170113142022092.jpg,24,Male,0,White,0,20170113142022092
28_0_0_20170117180430030.jpg,28,Male,0,White,0,20170117180430030
44_1_2_20170104185236854.jpg,44,Female,1,Asian,2,20170104185236854
60_1_0_20170110152225746.jpg,60,Female,1,White,0,20170110152225746
70_1_0_20170110140702586.jpg,70,Female,1,White,0,20170110140702586
2_0_0_20161219162259070.jpg,2,Male,0,White,0,20161219162259070
85_1_0_20170110181606198.jpg,85,Female,1,White,0,20170110181606198
50_1_4_20170117204033496.jpg,50,Female,1,Others,4,20170117204033496
24_1_2_20170116171543349.jpg,24,Female,1,Asian,2,20170116171543349
42_1_1_20170113012354401.jpg,42,Female,1,Black,1,20170113012354401
86_0_1_20170120230044602.jpg,86,Male,0,Black,1,20170120230044602
55_1_0_20170104212854053.jpg,55,Female,1,White,0,20170104212854053
50_1_0_20170110143454148.jpg,50,Female,1,White,0,20170110143454148
28_1_3_20170119194616045.jpg,28,Female,1,Indian,3,20170119194616045
40_0_1_20170117134411786.jpg,40,Male,0,Black,1,20170117134411786
33_0_1_20170113152629721.jpg,33,Male,0,Black,1,20170113152629721
1_1_3_20161220144645535.jpg,1,Female,1,Indian,3,20161220144645535
38_1_1_20170116024040944.jpg,38,Female,1,Black,1,20170116024040944
61_1_0_20170110173800240.jpg,61,Female,1,White,0,20170110173800240
45_1_0_20170117145704297.jpg,45,Female,1,White,0,20170117145704297
30_0_3_20170119195646516.jpg,30,Male,0,Indian,3,20170119195646516
23_1_0_20170104165334721.jpg,23,Female,1,White,0,20170104165334721
50_0_0_20170120221659635.jpg,50,Male,0,White,0,20170120221659635
23_1_3_20170119164422814.jpg,23,Female,1,Indian,3,20170119164422814
35_0_3_20170119201340627.jpg,35,Male,0,Indian,3,20170119201340627
54_0_0_20170119210031536.jpg,54,Male,0,White,0,20170119210031536
62_0_0_20170117192208082.jpg,62,Male,0,White,0,20170117192208082
39_0_0_20170104204804020.jpg,39,Male,0,White,0,20170104204804020
1_0_2_20161219204108580.jpg,1,Male,0,Asian,2,20161219204108580
1_1_2_20161219194839971.jpg,1,Female,1,Asian,2,20161219194839971
28_0_1_20170113154949665.jpg,28,Male,0,Black,1,20170113154949665
70_0_0_20170117173644159.jpg,70,Male,0,White,0,20170117173644159
22_1_2_20170103212729188.jpg,22,Female,1,Asian,2,20170103212729188
19_0_2_20170112003923755.jpg,19,Male,0,Asian,2,20170112003923755
85_1_0_20170110181543448.jpg,85,Female,1,White,0,20170110181543448
1_0_4_20161221192548675.jpg,1,Male,0,Others,4,20161221192548675
13_1_0_20170109212934682.jpg,13,Female,1,White,0,20170109212934682
39_0_3_20170119194607251.jpg,39,Male,0,Indian,3,20170119194607251
27_0_0_20170116204126806.jpg,27,Male,0,White,0,20170116204126806
55_0_3_20170119201009922.jpg,55,Male,0,Indian,3,20170119201009922
64_1_0_20170110152936764.jpg,64,Female,1,White,0,20170110152936764
45_1_0_20170117154458798.jpg,45,Female,1,White,0,20170117154458798
22_0_1_20170113195509981.jpg,22,Male,0,Black,1,20170113195509981
28_0_0_20170105162351171.jpg,28,Male,0,White,0,20170105162351171
36_1_3_20170117135606725.jpg,36,Female,1,Indian,3,20170117135606725
1_1_0_20170109192051442.jpg,1,Female,1,White,0,20170109192051442
18_1_2_20170104020424141.jpg,18,Female,1,Asian,2,20170104020424141
32_1_0_20170105162521931.jpg,32,Female,1,White,0,20170105162521931
1_0_0_20170103210032258.jpg,1,Male,0,White,0,20170103210032258
26_1_4_20170117202038959.jpg,26,Female,1,Others,4,20170117202038959
1_0_2_20161219190025955.jpg,1,Male,0,Asian,2,20161219190025955
86_0_0_20170111210757200.jpg,86,Male,0,White,0,20170111210757200
30_0_1_20170117130118260.jpg,30,Male,0,Black,1,20170117130118260
25_1_3_20170119172049633.jpg,25,Female,1,Indian,3,20170119172049633
26_0_1_20170113152156561.jpg,26,Male,0,Black,1,20170113152156561
56_0_0_20170113182756438.jpg,56,Male,0,White,0,20170113182756438
24_0_2_20170116165028531.jpg,24,Male,0,Asian,2,20170116165028531
89_1_0_20170120221950480.jpg,89,Female,1,White,0,20170120221950480
39_0_1_20170116193754803.jpg,39,Male,0,Black,1,20170116193754803
32_1_1_20170112210630029.jpg,32,Female,1,Black,1,20170112210630029
66_1_0_20170110160644001.jpg,66,Female,1,White,0,20170110160644001
38_0_3_20170119202607101.jpg,38,Male,0,Indian,3,20170119202607101
39_0_3_20170119203939176.jpg,39,Male,0,Indian,3,20170119203939176
46_0_3_20170119202242015.jpg,46,Male,0,Indian,3,20170119202242015
61_1_0_20170110123303836.jpg,61,Female,1,White,0,20170110123303836
62_1_0_20170109142055018.jpg,62,Female,1,White,0,20170109142055018
56_1_2_20170107213838566.jpg,56,Female,1,Asian,2,20170107213838566
35_0_0_20170105164841588.jpg,35,Male,0,White,0,20170105164841588
21_0_0_20170104020830476.jpg,21,Male,0,White,0,20170104020830476
26_1_1_20170116155754189.jpg,26,Female,1,Black,1,20170116155754189
32_1_4_20170103225837104.jpg,32,Female,1,Others,4,20170103225837104
20_1_1_20170116215855605.jpg,20,Female,1,Black,1,20170116215855605
26_1_1_20170112210539725.jpg,26,Female,1,Black,1,20170112210539725
18_1_1_20170112231616704.jpg,18,Female,1,Black,1,20170112231616704
29_1_1_20170113005659333.jpg,29,Female,1,Black,1,20170113005659333
1_0_2_20170116194202388.jpg,1,Male,0,Asian,2,20170116194202388
36_1_0_20170117135851878.jpg,36,Female,1,White,0,20170117135851878
52_0_0_20170111171747390.jpg,52,Male,0,White,0,20170111171747390
22_1_0_20170104165415377.jpg,22,Female,1,White,0,20170104165415377
8_1_0_20170109201701754.jpg,8,Female,1,White,0,20170109201701754
27_0_0_20170117012808138.jpg,27,Male,0,White,0,20170117012808138
2_1_2_20161219154029060.jpg,2,Female,1,Asian,2,20161219154029060
27_0_4_20161219194059843.jpg,27,Male,0,Others,4,20161219194059843
49_1_1_20170110153320156.jpg,49,Female,1,Black,1,20170110153320156
20_1_3_20170119180453339.jpg,20,Female,1,Indian,3,20170119180453339
8_1_0_20170109205024714.jpg,8,Female,1,White,0,20170109205024714
58_0_1_20170117184831471.jpg,58,Male,0,Black,1,20170117184831471
27_1_2_20170116163123283.jpg,27,Female,1,Asian,2,20170116163123283
22_0_0_20170110232146790.jpg,22,Male,0,White,0,20170110232146790
2_0_4_20161221202432089.jpg,2,Male,0,Others,4,20161221202432089
30_1_2_20170116192456158.jpg,30,Female,1,Asian,2,20170116192456158
58_0_0_20170120224601232.jpg,58,Male,0,White,0,20170120224601232
14_1_0_20170109204358190.jpg,14,Female,1,White,0,20170109204358190
32_1_1_20170116030150291.jpg,32,Female,1,Black,1,20170116030150291
40_0_3_20170119154448251.jpg,40,Male,0,Indian,3,20170119154448251
57_0_0_20170111201356375.jpg,57,Male,0,White,0,20170111201356375
28_0_2_20170116172213528.jpg,28,Male,0,Asian,2,20170116172213528
60_0_1_20170117194137742.jpg,60,Male,0,Black,1,20170117194137742
28_1_1_20170109132733613.jpg,28,Female,1,Black,1,20170109132733613
50_0_0_20170116225153572.jpg,50,Male,0,White,0,20170116225153572
43_0_0_20170104204616830.jpg,43,Male,0,White,0,20170104204616830
39_1_3_20170104214549390.jpg,39,Female,1,Indian,3,20170104214549390
25_0_0_20170105163328603.jpg,25,Male,0,White,0,20170105163328603
14_0_0_20170110225712028.jpg,14,Male,0,White,0,20170110225712028
28_0_1_20170117020659979.jpg,28,Male,0,Black,1,20170117020659979
72_0_0_20170111210705162.jpg,72,Male,0,White,0,20170111210705162
30_0_4_20170120133906735.jpg,30,Male,0,Others,4,20170120133906735
26_1_1_20170113012111272.jpg,26,Female,1,Black,1,20170113012111272
7_1_0_20170109201641541.jpg,7,Female,1,White,0,20170109201641541
28_1_2_20170116164519017.jpg,28,Female,1,Asian,2,20170116164519017
24_1_0_20170116211912644.jpg,24,Female,1,White,0,20170116211912644
19_1_1_20170114030819891.jpg,19,Female,1,Black,1,20170114030819891
55_0_0_20170117190545195.jpg,55,Male,0,White,0,20170117190545195
30_1_3_20170119163739022.jpg,30,Female,1,Indian,3,20170119163739022
38_1_2_20170109002533677.jpg,38,Female,1,Asian,2,20170109002533677
26_1_0_20170103235707476.jpg,26,Female,1,White,0,20170103235707476
45_1_4_20170117145210923.jpg,45,Female,1,Others,4,20170117145210923
26_1_4_20170103224710662.jpg,26,Female,1,Others,4,20170103224710662
10_0_0_20170110225243501.jpg,10,Male,0,White,0,20170110225243501
45_0_4_20170104194522552.jpg,45,Male,0,Others,4,20170104194522552
55_0_0_20170111205137423.jpg,55,Male,0,White,0,20170111205137423
1_0_0_20170110212733875.jpg,1,Male,0,White,0,20170110212733875
48_0_0_20170111201841425.jpg,48,Male,0,White,0,20170111201841425
34_0_0_20170117123737793.jpg,34,Male,0,White,0,20170117123737793
82_1_0_20170110131741775.jpg,82,Female,1,White,0,20170110131741775
18_1_4_20161221195815432.jpg,18,Female,1,Others,4,20161221195815432
47_0_0_20170119202349909.jpg,47,Male,0,White,0,20170119202349909
25_1_1_20170117142659506.jpg,25,Female,1,Black,1,20170117142659506
35_1_1_20170113010415255.jpg,35,Female,1,Black,1,20170113010415255
46_0_0_20170109012425702.jpg,46,Male,0,White,0,20170109012425702
26_0_1_20170116010315712.jpg,26,Male,0,Black,1,20170116010315712
55_0_0_20170120222656161.jpg,55,Male,0,White,0,20170120222656161
10_1_1_20170110225155603.jpg,10,Female,1,Black,1,20170110225155603
26_1_0_20170117201947511.jpg,26,Female,1,White,0,20170117201947511
28_1_1_20170116021913149.jpg,28,Female,1,Black,1,20170116021913149
36_1_0_20170104171550313.jpg,36,Female,1,White,0,20170104171550313
30_0_1_20170113195438285.jpg,30,Male,0,Black,1,20170113195438285
19_0_0_20170116212106328.jpg,19,Male,0,White,0,20170116212106328
26_0_0_20170117170706453.jpg,26,Male,0,White,0,20170117170706453
44_0_3_20170119181341765.jpg,44,Male,0,Indian,3,20170119181341765
1_1_0_20170109190455518.jpg,1,Female,1,White,0,20170109190455518
54_1_0_20170104235918548.jpg,54,Female,1,White,0,20170104235918548
25_1_0_20170117145650515.jpg,25,Female,1,White,0,20170117145650515
26_0_0_20170116232418087.jpg,26,Male,0,White,0,20170116232418087
29_0_2_20170116163447230.jpg,29,Male,0,Asian,2,20170116163447230
1_1_2_20161219212313989.jpg,1,Female,1,Asian,2,20161219212313989
35_1_1_20170116222717126.jpg,35,Female,1,Black,1,20170116222717126
4_1_2_20161219154415701.jpg,4,Female,1,Asian,2,20161219154415701
55_0_3_20170119171117830.jpg,55,Male,0,Indian,3,20170119171117830
40_0_0_20170104204711073.jpg,40,Male,0,White,0,20170104204711073
76_0_2_20170112224304323.jpg,76,Male,0,Asian,2,20170112224304323
26_1_0_20170117200744612.jpg,26,Female,1,White,0,20170117200744612
7_1_3_20161220222902435.jpg,7,Female,1,Indian,3,20161220222902435
19_1_0_20170105183247775.jpg,19,Female,1,White,0,20170105183247775
46_0_0_20170116192705365.jpg,46,Male,0,White,0,20170116192705365
32_1_0_20170105002717213.jpg,32,Female,1,White,0,20170105002717213
26_0_1_20170113175434540.jpg,26,Male,0,Black,1,20170113175434540
53_0_0_20170117163717545.jpg,53,Male,0,White,0,20170117163717545
78_1_0_20170120230432160.jpg,78,Female,1,White,0,20170120230432160
41_0_1_20170114033620952.jpg,41,Male,0,Black,1,20170114033620952
48_0_0_20170117133115061.jpg,48,Male,0,White,0,20170117133115061
72_0_2_20170112223925555.jpg,72,Male,0,Asian,2,20170112223925555
49_0_0_20170117135230645.jpg,49,Male,0,White,0,20170117135230645
26_1_2_20170116183651297.jpg,26,Female,1,Asian,2,20170116183651297
25_1_3_20170119171920688.jpg,25,Female,1,Indian,3,20170119171920688
1_0_3_20161220145156367.jpg,1,Male,0,Indian,3,20161220145156367
63_0_0_20170117190939866.jpg,63,Male,0,White,0,20170117190939866
34_1_0_20170103163530352.jpg,34,Female,1,White,0,20170103163530352
53_1_0_20170105000521347.jpg,53,Female,1,White,0,20170105000521347
3_1_2_20161219212116151.jpg,3,Female,1,Asian,2,20161219212116151
3_0_2_20161219161700237.jpg,3,Male,0,Asian,2,20161219161700237
27_0_0_20170116205629794.jpg,27,Male,0,White,0,20170116205629794
40_1_0_20170117171511139.jpg,40,Female,1,White,0,20170117171511139
40_0_1_20170117170632910.jpg,40,Male,0,Black,1,20170117170632910
47_0_1_20170109001703779.jpg,47,Male,0,Black,1,20170109001703779
25_1_0_20170117141331623.jpg,25,Female,1,White,0,20170117141331623
47_0_0_20170117160009711.jpg,47,Male,0,White,0,20170117160009711
29_0_1_20170113154817089.jpg,29,Male,0,Black,1,20170113154817089
75_1_0_20170110184033219.jpg,75,Female,1,White,0,20170110184033219
28_1_1_20170112233537928.jpg,28,Female,1,Black,1,20170112233537928
59_0_3_20170119200426948.jpg,59,Male,0,Indian,3,20170119200426948
75_1_0_20170110122303534.jpg,75,Female,1,White,0,20170110122303534
32_0_3_20170109141302293.jpg,32,Male,0,Indian,3,20170109141302293
6_1_1_20170114031419410.jpg,6,Female,1,Black,1,20170114031419410
28_0_3_20170119194509114.jpg,28,Male,0,Indian,3,20170119194509114
42_0_3_20170117175439914.jpg,42,Male,0,Indian,3,20170117175439914
65_1_1_20170117184041200.jpg,65,Female,1,Black,1,20170117184041200
26_1_2_20170116180254435.jpg,26,Female,1,Asian,2,20170116180254435
23_1_0_20170103234935189.jpg,23,Female,1,White,0,20170103234935189
54_0_3_20170111202045698.jpg,54,Male,0,Indian,3,20170111202045698
7_1_0_20170109194702900.jpg,7,Female,1,White,0,20170109194702900
4_1_4_20161223230058516.jpg,4,Female,1,Others,4,20161223230058516
45_0_0_20170104210627331.jpg,45,Male,0,White,0,20170104210627331
48_0_3_20170119205339015.jpg,48,Male,0,Indian,3,20170119205339015
31_0_1_20170113133935353.jpg,31,Male,0,Black,1,20170113133935353
26_1_0_20170116193313554.jpg,26,Female,1,White,0,20170116193313554
24_1_0_20170117150853517.jpg,24,Female,1,White,0,20170117150853517
37_0_0_20170119180034627.jpg,37,Male,0,White,0,20170119180034627
42_1_4_20170109002558079.jpg,42,Female,1,Others,4,20170109002558079
51_0_0_20170117160751777.jpg,51,Male,0,White,0,20170117160751777
46_0_3_20170119183135878.jpg,46,Male,0,Indian,3,20170119183135878
72_1_0_20170110183029618.jpg,72,Female,1,White,0,20170110183029618
46_0_0_20170103183413994.jpg,46,Male,0,White,0,20170103183413994
3_1_4_20170103205816397.jpg,3,Female,1,Others,4,20170103205816397
16_0_0_20170104012330536.jpg,16,Male,0,White,0,20170104012330536
37_0_0_20170104185229157.jpg,37,Male,0,White,0,20170104185229157
56_1_0_20170110154129028.jpg,56,Female,1,White,0,20170110154129028
41_0_4_20170104205417148.jpg,41,Male,0,Others,4,20170104205417148
14_0_0_20170103200611317.jpg,14,Male,0,White,0,20170103200611317
58_1_0_20170104212157395.jpg,58,Female,1,White,0,20170104212157395
15_0_0_20170116201250292.jpg,15,Male,0,White,0,20170116201250292
30_0_2_20170103235423316.jpg,30,Male,0,Asian,2,20170103235423316
17_1_1_20170113132612480.jpg,17,Female,1,Black,1,20170113132612480
25_1_3_20170117151139179.jpg,25,Female,1,Indian,3,20170117151139179
40_0_0_20170117182937462.jpg,40,Male,0,White,0,20170117182937462
11_1_0_20170109204546617.jpg,11,Female,1,White,0,20170109204546617
26_0_3_20170117154558934.jpg,26,Male,0,Indian,3,20170117154558934
42_1_4_20170117171425948.jpg,42,Female,1,Others,4,20170117171425948
30_1_3_20170104235553643.jpg,30,Female,1,Indian,3,20170104235553643
28_0_1_20170113150932640.jpg,28,Male,0,Black,1,20170113150932640
23_1_3_20170117144716562.jpg,23,Female,1,Indian,3,20170117144716562
37_1_3_20170109141945326.jpg,37,Female,1,Indian,3,20170109141945326
26_1_1_20170116182109736.jpg,26,Female,1,Black,1,20170116182109736
85_0_1_20170111211354288.jpg,85,Male,0,Black,1,20170111211354288
2_1_2_20161219222030167.jpg,2,Female,1,Asian,2,20161219222030167
16_0_0_20170110232245640.jpg,16,Male,0,White,0,20170110232245640
23_0_2_20170116172840539.jpg,23,Male,0,Asian,2,20170116172840539
34_1_0_20170104170153185.jpg,34,Female,1,White,0,20170104170153185
67_0_0_20170120224558687.jpg,67,Male,0,White,0,20170120224558687
1_0_2_20161219155744942.jpg,1,Male,0,Asian,2,20161219155744942
36_1_4_20170105001239982.jpg,36,Female,1,Others,4,20170105001239982
64_0_0_20170109015541505.jpg,64,Male,0,White,0,20170109015541505
3_1_0_20170110213304238.jpg,3,Female,1,White,0,20170110213304238
40_0_0_20170117120759137.jpg,40,Male,0,White,0,20170117120759137
20_1_0_20170117141338600.jpg,20,Female,1,White,0,20170117141338600
22_1_4_20161223225936076.jpg,22,Female,1,Others,4,20161223225936076
4_0_4_20161221192742413.jpg,4,Male,0,Others,4,20161221192742413
61_0_1_20170117193727094.jpg,61,Male,0,Black,1,20170117193727094
42_1_0_20170104184036733.jpg,42,Female,1,White,0,20170104184036733
64_1_0_20170110131701333.jpg,64,Female,1,White,0,20170110131701333
41_0_1_20170116143010959.jpg,41,Male,0,Black,1,20170116143010959
47_0_1_20170109004328399.jpg,47,Male,0,Black,1,20170109004328399
35_0_0_20170117151841556.jpg,35,Male,0,White,0,20170117151841556
58_0_2_20170117153650893.jpg,58,Male,0,Asian,2,20170117153650893
24_0_2_20170116161813837.jpg,24,Male,0,Asian,2,20170116161813837
26_0_1_20170117200108853.jpg,26,Male,0,Black,1,20170117200108853
78_0_0_20170111222436497.jpg,78,Male,0,White,0,20170111222436497
17_0_0_20170116205554725.jpg,17,Male,0,White,0,20170116205554725
46_1_0_20170104171626722.jpg,46,Female,1,White,0,20170104171626722
96_1_0_20170110183855839.jpg,96,Female,1,White,0,20170110183855839
1_0_4_20161221201753176.jpg,1,Male,0,Others,4,20161221201753176
28_0_3_20170119194818890.jpg,28,Male,0,Indian,3,20170119194818890
18_1_0_20170103201359471.jpg,18,Female,1,White,0,20170103201359471
26_0_4_20170116193007097.jpg,26,Male,0,Others,4,20170116193007097
40_1_0_20170104174233331.jpg,40,Female,1,White,0,20170104174233331
38_1_3_20170105001035965.jpg,38,Female,1,Indian,3,20170105001035965
35_0_1_20170117020814210.jpg,35,Male,0,Black,1,20170117020814210
30_0_0_20170117144027577.jpg,30,Male,0,White,0,20170117144027577
50_1_0_20170113210319697.jpg,50,Female,1,White,0,20170113210319697
26_0_2_20170117172630501.jpg,26,Male,0,Asian,2,20170117172630501
58_0_0_20170117164537154.jpg,58,Male,0,White,0,20170117164537154
26_1_0_20170117174906552.jpg,26,Female,1,White,0,20170117174906552
36_1_1_20170116173257960.jpg,36,Female,1,Black,1,20170116173257960
24_1_3_20170119165246847.jpg,24,Female,1,Indian,3,20170119165246847
8_1_0_20170109205303856.jpg,8,Female,1,White,0,20170109205303856
50_1_0_20170117171530084.jpg,50,Female,1,White,0,20170117171530084
21_1_2_20170104021056028.jpg,21,Female,1,Asian,2,20170104021056028
24_0_3_20170117145631891.jpg,24,Male,0,Indian,3,20170117145631891
95_1_0_20170110182409918.jpg,95,Female,1,White,0,20170110182409918
25_0_3_20170117135144679.jpg,25,Male,0,Indian,3,20170117135144679
30_1_1_20170117123931816.jpg,30,Female,1,Black,1,20170117123931816
85_1_0_20170110183752111.jpg,85,Female,1,White,0,20170110183752111
10_0_0_20170110224402264.jpg,10,Male,0,White,0,20170110224402264
63_0_0_20170120225710313.jpg,63,Male,0,White,0,20170120225710313
40_1_1_20170113001541188.jpg,40,Female,1,Black,1,20170113001541188
40_1_0_20170104183639757.jpg,40,Female,1,White,0,20170104183639757
30_1_0_20170117131116466.jpg,30,Female,1,White,0,20170117131116466
29_1_1_20170114030852380.jpg,29,Female,1,Black,1,20170114030852380
26_1_0_20170113210126901.jpg,26,Female,1,White,0,20170113210126901
78_0_0_20170111221952212.jpg,78,Male,0,White,0,20170111221952212
30_1_0_20170117170803122.jpg,30,Female,1,White,0,20170117170803122
1_0_2_20161219192733154.jpg,1,Male,0,Asian,2,20161219192733154
45_0_0_20170117204750369.jpg,45,Male,0,White,0,20170117204750369
23_0_2_20170116221013973.jpg,23,Male,0,Asian,2,20170116221013973
32_0_0_20170117140244970.jpg,32,Male,0,White,0,20170117140244970
45_1_1_20170117154449503.jpg,45,Female,1,Black,1,20170117154449503
26_1_0_20170103181852617.jpg,26,Female,1,White,0,20170103181852617
43_0_0_20170119163824508.jpg,43,Male,0,White,0,20170119163824508
44_0_0_20170120134632848.jpg,44,Male,0,White,0,20170120134632848
24_1_2_20170104021917324.jpg,24,Female,1,Asian,2,20170104021917324
30_1_3_20170104232539161.jpg,30,Female,1,Indian,3,20170104232539161
38_0_4_20170104174520099.jpg,38,Male,0,Others,4,20170104174520099
4_1_3_20161219230403672.jpg,4,Female,1,Indian,3,20161219230403672
54_1_3_20170105001159796.jpg,54,Female,1,Indian,3,20170105001159796
34_0_4_20170117141716057.jpg,34,Male,0,Others,4,20170117141716057
55_1_3_20170119180712508.jpg,55,Female,1,Indian,3,20170119180712508
10_0_0_20170110221719390.jpg,10,Male,0,White,0,20170110221719390
85_0_0_20170111205957066.jpg,85,Male,0,White,0,20170111205957066
60_1_1_20170112211606108.jpg,60,Female,1,Black,1,20170112211606108
74_1_2_20170105174904109.jpg,74,Female,1,Asian,2,20170105174904109
28_0_1_20170117193549278.jpg,28,Male,0,Black,1,20170117193549278
28_1_1_20170117190456347.jpg,28,Female,1,Black,1,20170117190456347
25_1_1_20170114030227321.jpg,25,Female,1,Black,1,20170114030227321
20_0_0_20170117134052589.jpg,20,Male,0,White,0,20170117134052589
45_0_0_20170111204133863.jpg,45,Male,0,White,0,20170111204133863
9_0_0_20170110225520159.jpg,9,Male,0,White,0,20170110225520159
46_1_0_20170105172747597.jpg,46,Female,1,White,0,20170105172747597
39_0_4_20170104205430619.jpg,39,Male,0,Others,4,20170104205430619
30_0_0_20170117130634587.jpg,30,Male,0,White,0,20170117130634587
58_0_0_20170120224625496.jpg,58,Male,0,White,0,20170120224625496
26_0_0_20170117172630031.jpg,26,Male,0,White,0,20170117172630031
40_0_0_20170117154509590.jpg,40,Male,0,White,0,20170117154509590
28_1_1_20170117020409415.jpg,28,Female,1,Black,1,20170117020409415
29_1_3_20170109133003868.jpg,29,Female,1,Indian,3,20170109133003868
24_1_2_20170104234618170.jpg,24,Female,1,Asian,2,20170104234618170
28_0_0_20170117120226377.jpg,28,Male,0,White,0,20170117120226377
26_1_3_20170117153630883.jpg,26,Female,1,Indian,3,20170117153630883
17_1_1_20170114030037010.jpg,17,Female,1,Black,1,20170114030037010
50_0_0_20170117130056489.jpg,50,Male,0,White,0,20170117130056489
25_1_3_20170119172141792.jpg,25,Female,1,Indian,3,20170119172141792
32_1_3_20170104231906826.jpg,32,Female,1,Indian,3,20170104231906826
1_1_2_20161219142106376.jpg,1,Female,1,Asian,2,20161219142106376
1_1_2_20161219200258716.jpg,1,Female,1,Asian,2,20161219200258716
25_1_1_20170116001936456.jpg,25,Female,1,Black,1,20170116001936456
15_0_0_20170110232327328.jpg,15,Male,0,White,0,20170110232327328
49_0_0_20170105163916587.jpg,49,Male,0,White,0,20170105163916587
31_1_3_20170117164736883.jpg,31,Female,1,Indian,3,20170117164736883
40_1_0_20170116235449020.jpg,40,Female,1,White,0,20170116235449020
45_0_3_20170117165700077.jpg,45,Male,0,Indian,3,20170117165700077
1_1_0_20161219211440749.jpg,1,Female,1,White,0,20161219211440749
4_0_0_20170110213317110.jpg,4,Male,0,White,0,20170110213317110
35_0_2_20170104191726270.jpg,35,Male,0,Asian,2,20170104191726270
84_1_0_20170110181735987.jpg,84,Female,1,White,0,20170110181735987
61_0_3_20170119211851937.jpg,61,Male,0,Indian,3,20170119211851937
26_0_3_20170119183930502.jpg,26,Male,0,Indian,3,20170119183930502
21_0_1_20170117135810975.jpg,21,Male,0,Black,1,20170117135810975
26_1_1_20170116153812488.jpg,26,Female,1,Black,1,20170116153812488
14_1_3_20170104222437734.jpg,14,Female,1,Indian,3,20170104222437734
1_1_0_20170109190512041.jpg,1,Female,1,White,0,20170109190512041
32_1_3_20170105003157142.jpg,32,Female,1,Indian,3,20170105003157142
28_0_3_20170119194457163.jpg,28,Male,0,Indian,3,20170119194457163
27_1_3_20170117180032189.jpg,27,Female,1,Indian,3,20170117180032189
8_1_0_20170109205311048.jpg,8,Female,1,White,0,20170109205311048
14_0_0_20170104011738192.jpg,14,Male,0,White,0,20170104011738192
54_0_0_20170104213129446.jpg,54,Male,0,White,0,20170104213129446
29_1_2_20170116175313289.jpg,29,Female,1,Asian,2,20170116175313289
40_0_0_20170116233744337.jpg,40,Male,0,White,0,20170116233744337
23_1_0_20170117144825371.jpg,23,Female,1,White,0,20170117144825371
28_0_1_20170114034234198.jpg,28,Male,0,Black,1,20170114034234198
58_0_2_20170116193724888.jpg,58,Male,0,Asian,2,20170116193724888
31_0_2_20170116170840810.jpg,31,Male,0,Asian,2,20170116170840810
1_1_2_20161219162843079.jpg,1,Female,1,Asian,2,20161219162843079
1_0_3_20161220221616882.jpg,1,Male,0,Indian,3,20161220221616882
3_0_1_20170110213455106.jpg,3,Male,0,Black,1,20170110213455106
22_1_4_20170103223356448.jpg,22,Female,1,Others,4,20170103223356448
26_1_3_20170119193118682.jpg,26,Female,1,Indian,3,20170119193118682
54_0_0_20170117163720882.jpg,54,Male,0,White,0,20170117163720882
28_1_2_20170116163110033.jpg,28,Female,1,Asian,2,20170116163110033
23_0_2_20170116172947652.jpg,23,Male,0,Asian,2,20170116172947652
26_1_1_20170112235940056.jpg,26,Female,1,Black,1,20170112235940056
2_1_2_20161219142427449.jpg,2,Female,1,Asian,2,20161219142427449
48_0_0_20170104193619832.jpg,48,Male,0,White,0,20170104193619832
4_1_0_20161219160558133.jpg,4,Female,1,White,0,20161219160558133
39_1_1_20170113003558579.jpg,39,Female,1,Black,1,20170113003558579
56_0_0_20170109012058588.jpg,56,Male,0,White,0,20170109012058588
28_0_1_20170117121804732.jpg,28,Male,0,Black,1,20170117121804732
26_1_1_20170116233641024.jpg,26,Female,1,Black,1,20170116233641024
26_1_0_20170116192554607.jpg,26,Female,1,White,0,20170116192554607
30_0_4_20170117154305388.jpg,30,Male,0,Others,4,20170117154305388
29_1_1_20170116021626058.jpg,29,Female,1,Black,1,20170116021626058
76_0_1_20170117165148098.jpg,76,Male,0,Black,1,20170117165148098
61_0_0_20170120225135009.jpg,61,Male,0,White,0,20170120225135009
52_0_0_20170120222918436.jpg,52,Male,0,White,0,20170120222918436
32_0_3_20170119160433674.jpg,32,Male,0,Indian,3,20170119160433674
24_1_4_20170103230402800.jpg,24,Female,1,Others,4,20170103230402800
24_1_4_20170117150458348.jpg,24,Female,1,Others,4,20170117150458348
43_0_0_20170119204527446.jpg,43,Male,0,White,0,20170119204527446
32_0_0_20170117140807934.jpg,32,Male,0,White,0,20170117140807934
28_0_3_20170119194505829.jpg,28,Male,0,Indian,3,20170119194505829
28_0_0_20170117121808358.jpg,28,Male,0,White,0,20170117121808358
35_0_3_20170117182941262.jpg,35,Male,0,Indian,3,20170117182941262
36_1_4_20170117203519312.jpg,36,Female,1,Others,4,20170117203519312
28_1_0_20170116164616853.jpg,28,Female,1,White,0,20170116164616853
90_1_0_20170120221911645.jpg,90,Female,1,White,0,20170120221911645
50_0_0_20170117001207711.jpg,50,Male,0,White,0,20170117001207711
26_1_2_20170116184143860.jpg,26,Female,1,Asian,2,20170116184143860
58_0_2_20170116193604774.jpg,58,Male,0,Asian,2,20170116193604774
24_1_3_20170117150733821.jpg,24,Female,1,Indian,3,20170117150733821
20_0_3_20170113133050904.jpg,20,Male,0,Indian,3,20170113133050904
1_1_0_20170109191156705.jpg,1,Female,1,White,0,20170109191156705
49_0_0_20170104205331460.jpg,49,Male,0,White,0,20170104205331460
26_1_0_20170116224857470.jpg,26,Female,1,White,0,20170116224857470
42_0_2_20170104210407684.jpg,42,Male,0,Asian,2,20170104210407684
47_0_0_20170105173138581.jpg,47,Male,0,White,0,20170105173138581
33_1_1_20170114030609784.jpg,33,Female,1,Black,1,20170114030609784
26_1_1_20170112230643812.jpg,26,Female,1,Black,1,20170112230643812
28_1_2_20170116165121497.jpg,28,Female,1,Asian,2,20170116165121497
1_0_3_20161220145532127.jpg,1,Male,0,Indian,3,20161220145532127
35_0_0_20170116221110764.jpg,35,Male,0,White,0,20170116221110764
34_1_3_20170105002136348.jpg,34,Female,1,Indian,3,20170105002136348
68_0_2_20170112224243075.jpg,68,Male,0,Asian,2,20170112224243075
17_0_0_20170110231748137.jpg,17,Male,0,White,0,20170110231748137
21_0_1_20170113133205762.jpg,21,Male,0,Black,1,20170113133205762
70_1_0_20170110143426723.jpg,70,Female,1,White,0,20170110143426723
5_1_4_20161223232140509.jpg,5,Female,1,Others,4,20161223232140509
35_0_3_20170119201209708.jpg,35,Male,0,Indian,3,20170119201209708
27_1_3_20170104220643526.jpg,27,Female,1,Indian,3,20170104220643526
1_0_0_20170110213448015.jpg,1,Male,0,White,0,20170110213448015
22_1_3_20170104222126558.jpg,22,Female,1,Indian,3,20170104222126558
45_1_3_20170119193000096.jpg,45,Female,1,Indian,3,20170119193000096
27_0_2_20161219192534211.jpg,27,Male,0,Asian,2,20161219192534211
50_0_0_20170117185805681.jpg,50,Male,0,White,0,20170117185805681
72_1_1_20170116182041881.jpg,72,Female,1,Black,1,20170116182041881
20_0_0_20170117140636216.jpg,20,Male,0,White,0,20170117140636216
30_0_0_20170117130639687.jpg,30,Male,0,White,0,20170117130639687
20_1_1_20170112231844733.jpg,20,Female,1,Black,1,20170112231844733
24_1_3_20170104231426665.jpg,24,Female,1,Indian,3,20170104231426665
2_1_4_20170103205101618.jpg,2,Female,1,Others,4,20170103205101618
17_1_1_20170112230526286.jpg,17,Female,1,Black,1,20170112230526286
20_1_0_20170112231826743.jpg,20,Female,1,White,0,20170112231826743
39_0_0_20170116214253075.jpg,39,Male,0,White,0,20170116214253075
34_0_0_20170117103412719.jpg,34,Male,0,White,0,20170117103412719
32_0_0_20170117120718633.jpg,32,Male,0,White,0,20170117120718633
1_0_2_20161219222609775.jpg,1,Male,0,Asian,2,20161219222609775
6_1_4_20170103212222820.jpg,6,Female,1,Others,4,20170103212222820
55_1_1_20170117202741735.jpg,55,Female,1,Black,1,20170117202741735
55_0_3_20170119205515441.jpg,55,Male,0,Indian,3,20170119205515441
26_0_1_20170113133950129.jpg,26,Male,0,Black,1,20170113133950129
24_1_0_20170117194749524.jpg,24,Female,1,White,0,20170117194749524
36_1_3_20170119181235533.jpg,36,Female,1,Indian,3,20170119181235533
2_0_2_20161219222215999.jpg,2,Male,0,Asian,2,20161219222215999
16_1_3_20170104223028462.jpg,16,Female,1,Indian,3,20170104223028462
26_1_2_20170116184636519.jpg,26,Female,1,Asian,2,20170116184636519
48_0_3_20170119193054233.jpg,48,Male,0,Indian,3,20170119193054233
24_1_4_20170103233810029.jpg,24,Female,1,Others,4,20170103233810029
9_0_0_20170110220536562.jpg,9,Male,0,White,0,20170110220536562
38_1_4_20170117203733760.jpg,38,Female,1,Others,4,20170117203733760
23_1_4_20170117144906730.jpg,23,Female,1,Others,4,20170117144906730
27_1_2_20170116163607756.jpg,27,Female,1,Asian,2,20170116163607756
22_0_0_20170119150241646.jpg,22,Male,0,White,0,20170119150241646
27_1_2_20170116184855653.jpg,27,Female,1,Asian,2,20170116184855653
2_0_4_20161221202147913.jpg,2,Male,0,Others,4,20161221202147913
43_1_0_20170109010025945.jpg,43,Female,1,White,0,20170109010025945
32_1_3_20170109140230761.jpg,32,Female,1,Indian,3,20170109140230761
1_0_0_20161220220135250.jpg,1,Male,0,White,0,20161220220135250
26_0_1_20170113134355472.jpg,26,Male,0,Black,1,20170113134355472
26_0_1_20170113135514506.jpg,26,Male,0,Black,1,20170113135514506
19_0_2_20170104020121132.jpg,19,Male,0,Asian,2,20170104020121132
29_1_4_20170103181529824.jpg,29,Female,1,Others,4,20170103181529824
9_0_0_20170110220040107.jpg,9,Male,0,White,0,20170110220040107
46_0_0_20170104184807318.jpg,46,Male,0,White,0,20170104184807318
3_1_0_20170109193043837.jpg,3,Female,1,White,0,20170109193043837
88_1_0_20170120225747122.jpg,88,Female,1,White,0,20170120225747122
28_0_1_20170117202354238.jpg,28,Male,0,Black,1,20170117202354238
47_0_0_20170105173254709.jpg,47,Male,0,White,0,20170105173254709
99_1_0_20170110182052119.jpg,99,Female,1,White,0,20170110182052119
15_1_0_20170109214302271.jpg,15,Female,1,White,0,20170109214302271
26_0_0_20170117201116334.jpg,26,Male,0,White,0,20170117201116334
1_1_2_20161219140604000.jpg,1,Female,1,Asian,2,20161219140604000
84_1_2_20170120225608458.jpg,84,Female,1,Asian,2,20170120225608458
46_0_0_20170104210235844.jpg,46,Male,0,White,0,20170104210235844
65_0_0_20170120224637535.jpg,65,Male,0,White,0,20170120224637535
77_0_0_20170109015126245.jpg,77,Male,0,White,0,20170109015126245
40_0_0_20170117170636232.jpg,40,Male,0,White,0,20170117170636232
21_1_2_20170116170727930.jpg,21,Female,1,Asian,2,20170116170727930
49_1_0_20170109220426712.jpg,49,Female,1,White,0,20170109220426712
25_1_1_20170117135941266.jpg,25,Female,1,Black,1,20170117135941266
37_0_1_20170109010710336.jpg,37,Male,0,Black,1,20170109010710336
88_1_0_20170120230330380.jpg,88,Female,1,White,0,20170120230330380
82_0_2_20170111210508477.jpg,82,Male,0,Asian,2,20170111210508477
1_0_2_20161219160955846.jpg,1,Male,0,Asian,2,20161219160955846
10_1_0_20170109204931156.jpg,10,Female,1,White,0,20170109204931156
47_0_0_20170120222507721.jpg,47,Male,0,White,0,20170120222507721
26_1_1_20170116024031179.jpg,26,Female,1,Black,1,20170116024031179
26_1_1_20170116163946811.jpg,26,Female,1,Black,1,20170116163946811
42_0_1_20170111200932454.jpg,42,Male,0,Black,1,20170111200932454
26_0_3_20170104214726725.jpg,26,Male,0,Indian,3,20170104214726725
28_0_1_20170113195927894.jpg,28,Male,0,Black,1,20170113195927894
49_1_0_20170104184759926.jpg,49,Female,1,White,0,20170104184759926
63_0_0_20170111171747607.jpg,63,Male,0,White,0,20170111171747607
26_0_3_20170119180342860.jpg,26,Male,0,Indian,3,20170119180342860
68_0_0_20170104184826326.jpg,68,Male,0,White,0,20170104184826326
25_0_0_20170117193028403.jpg,25,Male,0,White,0,20170117193028403
42_1_0_20170117154913871.jpg,42,Female,1,White,0,20170117154913871
45_1_0_20170110140908362.jpg,45,Female,1,White,0,20170110140908362
1_0_2_20161219153658004.jpg,1,Male,0,Asian,2,20161219153658004
37_0_3_20170119193226433.jpg,37,Male,0,Indian,3,20170119193226433
32_0_0_20170117021349237.jpg,32,Male,0,White,0,20170117021349237
25_1_3_20170119153526538.jpg,25,Female,1,Indian,3,20170119153526538
8_0_0_20170110220350538.jpg,8,Male,0,White,0,20170110220350538
57_0_0_20170109003027076.jpg,57,Male,0,White,0,20170109003027076
31_0_0_20170109003033356.jpg,31,Male,0,White,0,20170109003033356
52_0_0_20170113181425181.jpg,52,Male,0,White,0,20170113181425181
21_1_1_20170112191219486.jpg,21,Female,1,Black,1,20170112191219486
34_0_0_20170104170055225.jpg,34,Male,0,White,0,20170104170055225
40_0_0_20170109012159348.jpg,40,Male,0,White,0,20170109012159348
4_0_4_20161221193320742.jpg,4,Male,0,Others,4,20161221193320742
4_1_4_20161221202443265.jpg,4,Female,1,Others,4,20161221202443265
1_1_0_20161219203420685.jpg,1,Female,1,White,0,20161219203420685
22_1_3_20170119163324557.jpg,22,Female,1,Indian,3,20170119163324557
40_1_0_20170117134334933.jpg,40,Female,1,White,0,20170117134334933
47_0_0_20170104202550449.jpg,47,Male,0,White,0,20170104202550449
17_0_1_20170116182454836.jpg,17,Male,0,Black,1,20170116182454836
48_0_0_20170120222650520.jpg,48,Male,0,White,0,20170120222650520
26_0_4_20170103224832945.jpg,26,Male,0,Others,4,20170103224832945
40_1_1_20170113000204402.jpg,40,Female,1,Black,1,20170113000204402
24_0_1_20170115231442487.jpg,24,Male,0,Black,1,20170115231442487
40_0_0_20170117000342028.jpg,40,Male,0,White,0,20170117000342028
21_0_4_20161223214833090.jpg,21,Male,0,Others,4,20161223214833090
28_1_2_20170116163327403.jpg,28,Female,1,Asian,2,20170116163327403
61_0_1_20170117182431301.jpg,61,Male,0,Black,1,20170117182431301
42_0_3_20170113142222564.jpg,42,Male,0,Indian,3,20170113142222564
28_1_4_20170117202604343.jpg,28,Female,1,Others,4,20170117202604343
3_0_0_20161219161157166.jpg,3,Male,0,White,0,20161219161157166
28_1_0_20170117183207853.jpg,28,Female,1,White,0,20170117183207853
32_1_4_20170117203121712.jpg,32,Female,1,Others,4,20170117203121712
1_0_0_20170109192819417.jpg,1,Male,0,White,0,20170109192819417
26_1_4_20170103230004440.jpg,26,Female,1,Others,4,20170103230004440
30_1_2_20170105162719051.jpg,30,Female,1,Asian,2,20170105162719051
35_0_0_20170113134346250.jpg,35,Male,0,White,0,20170113134346250
3_0_2_20161219142551561.jpg,3,Male,0,Asian,2,20161219142551561
36_1_1_20170112235957860.jpg,36,Female,1,Black,1,20170112235957860
32_1_1_20170112224337978.jpg,32,Female,1,Black,1,20170112224337978
31_1_2_20170105161436755.jpg,31,Female,1,Asian,2,20170105161436755
23_1_3_20170119164458614.jpg,23,Female,1,Indian,3,20170119164458614
55_0_0_20170117191602073.jpg,55,Male,0,White,0,20170117191602073
49_0_0_20170104185359894.jpg,49,Male,0,White,0,20170104185359894
28_0_1_20170116192030399.jpg,28,Male,0,Black,1,20170116192030399
1_1_4_20170103205134402.jpg,1,Female,1,Others,4,20170103205134402
24_1_1_20170115235754853.jpg,24,Female,1,Black,1,20170115235754853
35_0_1_20170117143145454.jpg,35,Male,0,Black,1,20170117143145454
55_0_3_20170117175457824.jpg,55,Male,0,Indian,3,20170117175457824
32_1_1_20170113012739969.jpg,32,Female,1,Black,1,20170113012739969
60_1_3_20170119204012575.jpg,60,Female,1,Indian,3,20170119204012575
22_0_4_20170103224931632.jpg,22,Male,0,Others,4,20170103224931632
26_0_3_20170119183545783.jpg,26,Male,0,Indian,3,20170119183545783
74_0_0_20170111223743652.jpg,74,Male,0,White,0,20170111223743652
26_1_0_20170117201635534.jpg,26,Female,1,White,0,20170117201635534
28_0_1_20170116210106319.jpg,28,Male,0,Black,1,20170116210106319
46_0_1_20170117171118355.jpg,46,Male,0,Black,1,20170117171118355
40_0_1_20170116143000824.jpg,40,Male,0,Black,1,20170116143000824
25_1_4_20170117123859839.jpg,25,Female,1,Others,4,20170117123859839
40_1_0_20170116222704229.jpg,40,Female,1,White,0,20170116222704229
29_0_1_20170117095004448.jpg,29,Male,0,Black,1,20170117095004448
34_0_3_20170104220329854.jpg,34,Male,0,Indian,3,20170104220329854
45_0_2_20170116164410975.jpg,45,Male,0,Asian,2,20170116164410975
40_0_0_20170113135437140.jpg,40,Male,0,White,0,20170113135437140
39_1_3_20170104220213820.jpg,39,Female,1,Indian,3,20170104220213820
1_0_2_20161219203112116.jpg,1,Male,0,Asian,2,20161219203112116
30_0_2_20170116173046870.jpg,30,Male,0,Asian,2,20170116173046870
70_1_0_20170120223657854.jpg,70,Female,1,White,0,20170120223657854
23_0_2_20170116173007268.jpg,23,Male,0,Asian,2,20170116173007268
26_1_1_20170116232325361.jpg,26,Female,1,Black,1,20170116232325361
16_0_0_20170110231532894.jpg,16,Male,0,White,0,20170110231532894
1_0_0_20161219204759412.jpg,1,Male,0,White,0,20161219204759412
8_1_0_20170109205329922.jpg,8,Female,1,White,0,20170109205329922
4_1_3_20161219225734881.jpg,4,Female,1,Indian,3,20161219225734881
54_0_3_20170104220912510.jpg,54,Male,0,Indian,3,20170104220912510
1_0_1_20170110213647161.jpg,1,Male,0,Black,1,20170110213647161
69_0_0_20170111203934092.jpg,69,Male,0,White,0,20170111203934092
90_0_2_20170111210008312.jpg,90,Male,0,Asian,2,20170111210008312
21_1_0_20170112233608086.jpg,21,Female,1,White,0,20170112233608086
28_0_0_20170116223051730.jpg,28,Male,0,White,0,20170116223051730
28_0_3_20170119194502757.jpg,28,Male,0,Indian,3,20170119194502757
99_1_1_20170120134639935.jpg,99,Female,1,Black,1,20170120134639935
34_1_3_20170105001226421.jpg,34,Female,1,Indian,3,20170105001226421
35_0_2_20170117135017903.jpg,35,Male,0,Asian,2,20170117135017903
2_1_3_20161219225310256.jpg,2,Female,1,Indian,3,20161219225310256
7_0_1_20170116153103465.jpg,7,Male,0,Black,1,20170116153103465
88_1_0_20170120140102078.jpg,88,Female,1,White,0,20170120140102078
23_1_0_20170117144812555.jpg,23,Female,1,White,0,20170117144812555
75_0_0_20170117191812939.jpg,75,Male,0,White,0,20170117191812939
55_0_1_20170120134315207.jpg,55,Male,0,Black,1,20170120134315207
27_0_0_20170117192029218.jpg,27,Male,0,White,0,20170117192029218
69_1_0_20170110153451295.jpg,69,Female,1,White,0,20170110153451295
75_1_0_20170110180500719.jpg,75,Female,1,White,0,20170110180500719
62_0_0_20170111203056771.jpg,62,Male,0,White,0,20170111203056771
36_0_0_20170117135443581.jpg,36,Male,0,White,0,20170117135443581
28_0_3_20170119194504450.jpg,28,Male,0,Indian,3,20170119194504450
26_1_2_20170116184543342.jpg,26,Female,1,Asian,2,20170116184543342
32_0_2_20170116162124916.jpg,32,Male,0,Asian,2,20170116162124916
2_0_2_20161219154627053.jpg,2,Male,0,Asian,2,20161219154627053
1_1_3_20161220220548777.jpg,1,Female,1,Indian,3,20161220220548777
42_0_3_20170104210357420.jpg,42,Male,0,Indian,3,20170104210357420
53_1_0_20170110154328866.jpg,53,Female,1,White,0,20170110154328866
35_1_1_20170117190321049.jpg,35,Female,1,Black,1,20170117190321049
26_0_1_20170116234859005.jpg,26,Male,0,Black,1,20170116234859005
62_0_1_20170113190628890.jpg,62,Male,0,Black,1,20170113190628890
20_1_4_20161223230050564.jpg,20,Female,1,Others,4,20161223230050564
21_1_1_20170116215704702.jpg,21,Female,1,Black,1,20170116215704702
34_0_1_20170113173645019.jpg,34,Male,0,Black,1,20170113173645019
29_1_1_20170116023929751.jpg,29,Female,1,Black,1,20170116023929751
35_0_0_20170117200544166.jpg,35,Male,0,White,0,20170117200544166
45_0_3_20170119212016521.jpg,45,Male,0,Indian,3,20170119212016521
24_1_2_20170116163750637.jpg,24,Female,1,Asian,2,20170116163750637
54_0_3_20170119201327821.jpg,54,Male,0,Indian,3,20170119201327821
27_0_0_20170113210319553.jpg,27,Male,0,White,0,20170113210319553
24_1_3_20170109132425493.jpg,24,Female,1,Indian,3,20170109132425493
47_0_1_20170117172015693.jpg,47,Male,0,Black,1,20170117172015693
45_0_1_20170113181825862.jpg,45,Male,0,Black,1,20170113181825862
34_0_3_20170113190318416.jpg,34,Male,0,Indian,3,20170113190318416
49_1_3_20170109141741879.jpg,49,Female,1,Indian,3,20170109141741879
35_1_3_20170104235558235.jpg,35,Female,1,Indian,3,20170104235558235
5_0_0_20170110212804775.jpg,5,Male,0,White,0,20170110212804775
17_1_4_20170103233548115.jpg,17,Female,1,Others,4,20170103233548115
82_1_0_20170109150955073.jpg,82,Female,1,White,0,20170109150955073
1_1_2_20161219211002173.jpg,1,Female,1,Asian,2,20161219211002173
22_1_3_20161220222350986.jpg,22,Female,1,Indian,3,20161220222350986
1_0_2_20161219161618142.jpg,1,Male,0,Asian,2,20161219161618142
35_0_0_20170117130952893.jpg,35,Male,0,White,0,20170117130952893
25_1_0_20170116223849950.jpg,25,Female,1,White,0,20170116223849950
54_0_0_20170117163733561.jpg,54,Male,0,White,0,20170117163733561
55_0_0_20170117201004124.jpg,55,Male,0,White,0,20170117201004124
31_1_0_20170104234835075.jpg,31,Female,1,White,0,20170104234835075
30_1_2_20170116191911487.jpg,30,Female,1,Asian,2,20170116191911487
40_0_0_20170117135030209.jpg,40,Male,0,White,0,20170117135030209
55_0_4_20170117193528283.jpg,55,Male,0,Others,4,20170117193528283
50_0_3_20170119205541880.jpg,50,Male,0,Indian,3,20170119205541880
26_0_2_20170120134050439.jpg,26,Male,0,Asian,2,20170120134050439
6_0_0_20170110215623387.jpg,6,Male,0,White,0,20170110215623387
26_0_1_20170116200951477.jpg,26,Male,0,Black,1,20170116200951477
2_1_4_20170103212103556.jpg,2,Female,1,Others,4,20170103212103556
32_1_1_20170116160935586.jpg,32,Female,1,Black,1,20170116160935586
58_1_0_20170104185337334.jpg,58,Female,1,White,0,20170104185337334
35_1_0_20170105162234814.jpg,35,Female,1,White,0,20170105162234814
26_1_2_20170117175135184.jpg,26,Female,1,Asian,2,20170117175135184
14_0_0_20170104012315465.jpg,14,Male,0,White,0,20170104012315465
26_1_3_20170119144411037.jpg,26,Female,1,Indian,3,20170119144411037
27_0_1_20170117164420634.jpg,27,Male,0,Black,1,20170117164420634
6_1_2_20161219162040862.jpg,6,Female,1,Asian,2,20161219162040862
28_1_0_20170103182305562.jpg,28,Female,1,White,0,20170103182305562
9_0_0_20170110220237634.jpg,9,Male,0,White,0,20170110220237634
65_0_0_20170120223720869.jpg,65,Male,0,White,0,20170120223720869
20_0_0_20170116201258328.jpg,20,Male,0,White,0,20170116201258328
50_1_0_20170117121926916.jpg,50,Female,1,White,0,20170117121926916
52_1_0_20170109221057047.jpg,52,Female,1,White,0,20170109221057047
49_0_1_20170113184332336.jpg,49,Male,0,Black,1,20170113184332336
4_1_1_20170109194538070.jpg,4,Female,1,Black,1,20170109194538070
25_0_3_20170117141454255.jpg,25,Male,0,Indian,3,20170117141454255
35_0_1_20170113134244873.jpg,35,Male,0,Black,1,20170113134244873
35_1_1_20170116160205469.jpg,35,Female,1,Black,1,20170116160205469
71_0_0_20170109015622110.jpg,71,Male,0,White,0,20170109015622110
40_0_3_20170117133735435.jpg,40,Male,0,Indian,3,20170117133735435
52_0_3_20170119160357804.jpg,52,Male,0,Indian,3,20170119160357804
12_0_4_20170103201607807.jpg,12,Male,0,Others,4,20170103201607807
21_1_0_20170103201838744.jpg,21,Female,1,White,0,20170103201838744
30_1_2_20170116164729972.jpg,30,Female,1,Asian,2,20170116164729972
23_1_1_20170112234048553.jpg,23,Female,1,Black,1,20170112234048553
11_0_0_20170110224233654.jpg,11,Male,0,White,0,20170110224233654
30_1_3_20170116185958458.jpg,30,Female,1,Indian,3,20170116185958458
35_0_2_20170116181329511.jpg,35,Male,0,Asian,2,20170116181329511
30_1_0_20170117140117810.jpg,30,Female,1,White,0,20170117140117810
51_0_3_20170104220749396.jpg,51,Male,0,Indian,3,20170104220749396
24_1_0_20170117135702616.jpg,24,Female,1,White,0,20170117135702616
27_1_2_20170116163601765.jpg,27,Female,1,Asian,2,20170116163601765
65_1_0_20170110143540983.jpg,65,Female,1,White,0,20170110143540983
31_0_1_20170113142511604.jpg,31,Male,0,Black,1,20170113142511604
65_0_0_20170117163540466.jpg,65,Male,0,White,0,20170117163540466
54_0_0_20170117191405698.jpg,54,Male,0,White,0,20170117191405698
24_1_4_20170102233433610.jpg,24,Female,1,Others,4,20170102233433610
7_1_4_20170103230254954.jpg,7,Female,1,Others,4,20170103230254954
49_0_0_20170104212843900.jpg,49,Male,0,White,0,20170104212843900
90_1_2_20170110183630709.jpg,90,Female,1,Asian,2,20170110183630709
20_1_0_20170116205845438.jpg,20,Female,1,White,0,20170116205845438
70_0_0_20170116221027092.jpg,70,Male,0,White,0,20170116221027092
28_0_1_20170116192538185.jpg,28,Male,0,Black,1,20170116192538185
39_0_2_20170107211043190.jpg,39,Male,0,Asian,2,20170107211043190
47_0_4_20170105172754348.jpg,47,Male,0,Others,4,20170105172754348
28_1_4_20170104000708986.jpg,28,Female,1,Others,4,20170104000708986
34_0_3_20170117141317532.jpg,34,Male,0,Indian,3,20170117141317532
46_0_2_20170104204450309.jpg,46,Male,0,Asian,2,20170104204450309
38_1_4_20170103230647441.jpg,38,Female,1,Others,4,20170103230647441
1_0_0_20170110213518456.jpg,1,Male,0,White,0,20170110213518456
42_0_1_20170113185220472.jpg,42,Male,0,Black,1,20170113185220472
40_1_0_20170116221041453.jpg,40,Female,1,White,0,20170116221041453
40_0_0_20170116213608958.jpg,40,Male,0,White,0,20170116213608958
27_1_2_20170105161505810.jpg,27,Female,1,Asian,2,20170105161505810
16_0_0_20170110231801615.jpg,16,Male,0,White,0,20170110231801615
21_0_4_20161223214813672.jpg,21,Male,0,Others,4,20161223214813672
28_1_3_20170119195000849.jpg,28,Female,1,Indian,3,20170119195000849
52_0_3_20170119205716424.jpg,52,Male,0,Indian,3,20170119205716424
25_0_0_20170113210127416.jpg,25,Male,0,White,0,20170113210127416
59_1_1_20170113000626569.jpg,59,Female,1,Black,1,20170113000626569
3_1_2_20161219162958110.jpg,3,Female,1,Asian,2,20161219162958110
35_1_3_20170117154130323.jpg,35,Female,1,Indian,3,20170117154130323
24_1_1_20170117194632596.jpg,24,Female,1,Black,1,20170117194632596
29_1_2_20170105165156291.jpg,29,Female,1,Asian,2,20170105165156291
52_0_3_20170117190840617.jpg,52,Male,0,Indian,3,20170117190840617
2_1_2_20161219212017166.jpg,2,Female,1,Asian,2,20161219212017166
15_1_4_20170109212947695.jpg,15,Female,1,Others,4,20170109212947695
63_1_1_20170110120101291.jpg,63,Female,1,Black,1,20170110120101291
27_1_2_20170104021418549.jpg,27,Female,1,Asian,2,20170104021418549
28_0_1_20170113151615824.jpg,28,Male,0,Black,1,20170113151615824
22_1_3_20170119162920653.jpg,22,Female,1,Indian,3,20170119162920653
36_1_0_20170113005733903.jpg,36,Female,1,White,0,20170113005733903
26_0_0_20170117091440776.jpg,26,Male,0,White,0,20170117091440776
1_0_4_20161221195857728.jpg,1,Male,0,Others,4,20161221195857728
2_1_3_20161219225003319.jpg,2,Female,1,Indian,3,20161219225003319
9_0_0_20170110225318820.jpg,9,Male,0,White,0,20170110225318820
27_0_3_20170104230550273.jpg,27,Male,0,Indian,3,20170104230550273
32_1_2_20170104023251558.jpg,32,Female,1,Asian,2,20170104023251558
1_0_3_20161219230728256.jpg,1,Male,0,Indian,3,20161219230728256
9_0_0_20170110220134026.jpg,9,Male,0,White,0,20170110220134026
27_0_3_20170119193403898.jpg,27,Male,0,Indian,3,20170119193403898
2_1_3_20161219224725248.jpg,2,Female,1,Indian,3,20161219224725248
8_1_3_20161220222610115.jpg,8,Female,1,Indian,3,20161220222610115
26_1_1_20170116231915148.jpg,26,Female,1,Black,1,20170116231915148
34_0_3_20170119195442526.jpg,34,Male,0,Indian,3,20170119195442526
30_1_4_20170117194826836.jpg,30,Female,1,Others,4,20170117194826836
54_0_1_20170117191348426.jpg,54,Male,0,Black,1,20170117191348426
2_1_4_20170103213149252.jpg,2,Female,1,Others,4,20170103213149252
60_0_0_20170111201520536.jpg,60,Male,0,White,0,20170111201520536
16_0_0_20170110231221050.jpg,16,Male,0,White,0,20170110231221050
12_1_1_20170116225216163.jpg,12,Female,1,Black,1,20170116225216163
27_1_1_20170117175920069.jpg,27,Female,1,Black,1,20170117175920069
25_1_3_20170119171943592.jpg,25,Female,1,Indian,3,20170119171943592
50_0_0_20170120220716290.jpg,50,Male,0,White,0,20170120220716290
16_1_0_20170109214757287.jpg,16,Female,1,White,0,20170109214757287
54_1_1_20170117171656445.jpg,54,Female,1,Black,1,20170117171656445
26_1_2_20170104015910819.jpg,26,Female,1,Asian,2,20170104015910819
24_1_0_20170105003235308.jpg,24,Female,1,White,0,20170105003235308
46_0_1_20170116011011516.jpg,46,Male,0,Black,1,20170116011011516
30_0_3_20170119195819708.jpg,30,Male,0,Indian,3,20170119195819708
21_0_1_20170116215535068.jpg,21,Male,0,Black,1,20170116215535068
45_0_0_20170117181001561.jpg,45,Male,0,White,0,20170117181001561
78_1_0_20170120140110282.jpg,78,Female,1,White,0,20170120140110282
27_1_3_20170119194424402.jpg,27,Female,1,Indian,3,20170119194424402
4_0_3_20161220220738826.jpg,4,Male,0,Indian,3,20161220220738826
28_1_0_20170116214251849.jpg,28,Female,1,White,0,20170116214251849
54_1_0_20170110141340224.jpg,54,Female,1,White,0,20170110141340224
20_1_0_20170117193616027.jpg,20,Female,1,White,0,20170117193616027
22_1_3_20170105002128188.jpg,22,Female,1,Indian,3,20170105002128188
1_0_3_20161219230715892.jpg,1,Male,0,Indian,3,20161219230715892
53_1_0_20170110143325963.jpg,53,Female,1,White,0,20170110143325963
35_0_0_20170117171451970.jpg,35,Male,0,White,0,20170117171451970
66_1_0_20170110140952713.jpg,66,Female,1,White,0,20170110140952713
1_0_2_20161219194859803.jpg,1,Male,0,Asian,2,20161219194859803
26_0_3_20170119162753492.jpg,26,Male,0,Indian,3,20170119162753492
92_1_0_20170110133307879.jpg,92,Female,1,White,0,20170110133307879
69_1_0_20170110141308465.jpg,69,Female,1,White,0,20170110141308465
40_0_0_20170117170900892.jpg,40,Male,0,White,0,20170117170900892
95_1_0_20170120230322267.jpg,95,Female,1,White,0,20170120230322267
23_0_2_20170116172927637.jpg,23,Male,0,Asian,2,20170116172927637
29_1_1_20170113000632601.jpg,29,Female,1,Black,1,20170113000632601
27_1_2_20170116192232693.jpg,27,Female,1,Asian,2,20170116192232693
53_1_0_20170110160643266.jpg,53,Female,1,White,0,20170110160643266
8_0_2_20170103201916943.jpg,8,Male,0,Asian,2,20170103201916943
36_1_1_20170116161213859.jpg,36,Female,1,Black,1,20170116161213859
21_0_0_20170117142009042.jpg,21,Male,0,White,0,20170117142009042
65_0_3_20170119205206575.jpg,65,Male,0,Indian,3,20170119205206575
10_0_4_20170103212521420.jpg,10,Male,0,Others,4,20170103212521420
42_0_1_20170113184530032.jpg,42,Male,0,Black,1,20170113184530032
62_1_1_20170113142332748.jpg,62,Female,1,Black,1,20170113142332748
65_0_0_20170111201030222.jpg,65,Male,0,White,0,20170111201030222
2_1_4_20170103210746899.jpg,2,Female,1,Others,4,20170103210746899
21_0_0_20170116215656696.jpg,21,Male,0,White,0,20170116215656696
56_0_2_20170105163513651.jpg,56,Male,0,Asian,2,20170105163513651
85_1_0_20170110183455199.jpg,85,Female,1,White,0,20170110183455199
28_1_2_20170116161950375.jpg,28,Female,1,Asian,2,20170116161950375
28_0_3_20170117020056667.jpg,28,Male,0,Indian,3,20170117020056667
4_0_0_20170110213121589.jpg,4,Male,0,White,0,20170110213121589
35_1_1_20170116223049636.jpg,35,Female,1,Black,1,20170116223049636
32_0_1_20170117140342322.jpg,32,Male,0,Black,1,20170117140342322
24_1_2_20170116170758728.jpg,24,Female,1,Asian,2,20170116170758728
60_0_0_20170117160451902.jpg,60,Male,0,White,0,20170117160451902
26_1_3_20170117174603671.jpg,26,Female,1,Indian,3,20170117174603671
31_0_0_20170104201726242.jpg,31,Male,0,White,0,20170104201726242
1_1_3_20161220145232550.jpg,1,Female,1,Indian,3,20161220145232550
24_1_0_20170104015931173.jpg,24,Female,1,White,0,20170104015931173
20_1_2_20170117141237688.jpg,20,Female,1,Asian,2,20170117141237688
30_1_3_20170104235527578.jpg,30,Female,1,Indian,3,20170104235527578
50_1_0_20170116235636514.jpg,50,Female,1,White,0,20170116235636514
30_1_0_20170116220523530.jpg,30,Female,1,White,0,20170116220523530
54_1_0_20170117171701754.jpg,54,Female,1,White,0,20170117171701754
10_0_0_20170110224255796.jpg,10,Male,0,White,0,20170110224255796
40_1_0_20170105172407051.jpg,40,Female,1,White,0,20170105172407051
14_0_4_20170103205138666.jpg,14,Male,0,Others,4,20170103205138666
73_0_0_20170104213655621.jpg,73,Male,0,White,0,20170104213655621
81_1_0_20170120230530059.jpg,81,Female,1,White,0,20170120230530059
15_0_0_20170110225617650.jpg,15,Male,0,White,0,20170110225617650
1_1_0_20170109193726686.jpg,1,Female,1,White,0,20170109193726686
34_0_0_20170117190336724.jpg,34,Male,0,White,0,20170117190336724
50_0_3_20170119205539984.jpg,50,Male,0,Indian,3,20170119205539984
35_0_0_20170120223253707.jpg,35,Male,0,White,0,20170120223253707
30_1_0_20170116220947988.jpg,30,Female,1,White,0,20170116220947988
26_1_1_20170116164434468.jpg,26,Female,1,Black,1,20170116164434468
30_1_2_20170116165139757.jpg,30,Female,1,Asian,2,20170116165139757
26_0_0_20170105162452859.jpg,26,Male,0,White,0,20170105162452859
1_0_1_20170110213701704.jpg,1,Male,0,Black,1,20170110213701704
26_1_0_20170104022111485.jpg,26,Female,1,White,0,20170104022111485
21_1_4_20170103225212711.jpg,21,Female,1,Others,4,20170103225212711
26_1_1_20170103181931657.jpg,26,Female,1,Black,1,20170103181931657
65_0_2_20170112223941923.jpg,65,Male,0,Asian,2,20170112223941923
24_1_0_20170105184011327.jpg,24,Female,1,White,0,20170105184011327
34_0_1_20170117014101849.jpg,34,Male,0,Black,1,20170117014101849
42_1_0_20170111182452884.jpg,42,Female,1,White,0,20170111182452884
34_0_1_20170112213542279.jpg,34,Male,0,Black,1,20170112213542279
30_1_2_20170116192334382.jpg,30,Female,1,Asian,2,20170116192334382
46_0_0_20170116192656401.jpg,46,Male,0,White,0,20170116192656401
65_0_3_20170119201141428.jpg,65,Male,0,Indian,3,20170119201141428
85_1_0_20170110181946121.jpg,85,Female,1,White,0,20170110181946121
1_0_0_20161219192524675.jpg,1,Male,0,White,0,20161219192524675
27_1_1_20170117010422359.jpg,27,Female,1,Black,1,20170117010422359
16_0_0_20170110231527285.jpg,16,Male,0,White,0,20170110231527285
49_1_0_20170104205013876.jpg,49,Female,1,White,0,20170104205013876
37_1_0_20170117140111378.jpg,37,Female,1,White,0,20170117140111378
31_1_1_20170116170844389.jpg,31,Female,1,Black,1,20170116170844389
66_1_0_20170110123225778.jpg,66,Female,1,White,0,20170110123225778
27_1_3_20170104232647592.jpg,27,Female,1,Indian,3,20170104232647592
28_0_1_20170116213517627.jpg,28,Male,0,Black,1,20170116213517627
1_1_0_20170109191226882.jpg,1,Female,1,White,0,20170109191226882
85_1_0_20170110182055926.jpg,85,Female,1,White,0,20170110182055926
28_1_2_20170116164204569.jpg,28,Female,1,Asian,2,20170116164204569
1_1_2_20161219205821918.jpg,1,Female,1,Asian,2,20161219205821918
32_1_0_20170117134818053.jpg,32,Female,1,White,0,20170117134818053
40_0_0_20170116223913133.jpg,40,Male,0,White,0,20170116223913133
51_0_2_20170104212459757.jpg,51,Male,0,Asian,2,20170104212459757
36_1_3_20170117162455051.jpg,36,Female,1,Indian,3,20170117162455051
26_1_0_20170117091452417.jpg,26,Female,1,White,0,20170117091452417
45_0_3_20170119195659219.jpg,45,Male,0,Indian,3,20170119195659219
1_1_0_20161219205022813.jpg,1,Female,1,White,0,20161219205022813
93_1_0_20170120225304313.jpg,93,Female,1,White,0,20170120225304313
75_0_0_20170117173104681.jpg,75,Male,0,White,0,20170117173104681
52_1_0_20170110123106118.jpg,52,Female,1,White,0,20170110123106118
24_1_4_20170103233659572.jpg,24,Female,1,Others,4,20170103233659572
71_0_0_20170120225641832.jpg,71,Male,0,White,0,20170120225641832
46_1_1_20170113012227505.jpg,46,Female,1,Black,1,20170113012227505
36_0_0_20170116002905632.jpg,36,Male,0,White,0,20170116002905632
8_1_4_20170117192945532.jpg,8,Female,1,Others,4,20170117192945532
65_1_0_20170110141141881.jpg,65,Female,1,White,0,20170110141141881
26_0_1_20170117195651493.jpg,26,Male,0,Black,1,20170117195651493
1_0_4_20161221202305778.jpg,1,Male,0,Others,4,20161221202305778
26_1_3_20170117174540872.jpg,26,Female,1,Indian,3,20170117174540872
2_1_4_20161221192715844.jpg,2,Female,1,Others,4,20161221192715844
25_0_1_20170116205335757.jpg,25,Male,0,Black,1,20170116205335757
35_1_1_20170117022217421.jpg,35,Female,1,Black,1,20170117022217421
32_0_3_20170119184229278.jpg,32,Male,0,Indian,3,20170119184229278
45_1_1_20170113190400378.jpg,45,Female,1,Black,1,20170113190400378
68_1_0_20170110153021285.jpg,68,Female,1,White,0,20170110153021285
42_0_0_20170104210426844.jpg,42,Male,0,White,0,20170104210426844
37_0_4_20170104205837940.jpg,37,Male,0,Others,4,20170104205837940
24_0_2_20170116170903688.jpg,24,Male,0,Asian,2,20170116170903688
4_1_2_20161219141750993.jpg,4,Female,1,Asian,2,20161219141750993
2_1_2_20161219211744478.jpg,2,Female,1,Asian,2,20161219211744478
1_1_4_20161221202912889.jpg,1,Female,1,Others,4,20161221202912889
28_1_0_20170117122010726.jpg,28,Female,1,White,0,20170117122010726
41_0_3_20170119171546296.jpg,41,Male,0,Indian,3,20170119171546296
35_0_3_20170119194907323.jpg,35,Male,0,Indian,3,20170119194907323
25_1_2_20170116174825431.jpg,25,Female,1,Asian,2,20170116174825431
52_0_0_20170120222924114.jpg,52,Male,0,White,0,20170120222924114
58_0_0_20170109015204241.jpg,58,Male,0,White,0,20170109015204241
17_0_2_20170105183335071.jpg,17,Male,0,Asian,2,20170105183335071
85_1_0_20170110181556802.jpg,85,Female,1,White,0,20170110181556802
58_0_4_20170120224545639.jpg,58,Male,0,Others,4,20170120224545639
21_0_4_20161223214837442.jpg,21,Male,0,Others,4,20161223214837442
31_0_1_20170116142922375.jpg,31,Male,0,Black,1,20170116142922375
26_1_1_20170116231102643.jpg,26,Female,1,Black,1,20170116231102643
3_1_0_20161219225130536.jpg,3,Female,1,White,0,20161219225130536
65_0_0_20170103183632050.jpg,65,Male,0,White,0,20170103183632050
4_0_0_20170110213547600.jpg,4,Male,0,White,0,20170110213547600
21_1_2_20170104015832388.jpg,21,Female,1,Asian,2,20170104015832388
26_1_3_20170116233617579.jpg,26,Female,1,Indian,3,20170116233617579
20_0_3_20170104214317461.jpg,20,Male,0,Indian,3,20170104214317461
36_1_0_20170103181448864.jpg,36,Female,1,White,0,20170103181448864
2_0_2_20161219155636293.jpg,2,Male,0,Asian,2,20161219155636293
35_0_0_20170117174409006.jpg,35,Male,0,White,0,20170117174409006
26_0_0_20170117172624038.jpg,26,Male,0,White,0,20170117172624038
27_1_2_20170116170714855.jpg,27,Female,1,Asian,2,20170116170714855
2_1_2_20161219151919100.jpg,2,Female,1,Asian,2,20161219151919100
58_0_1_20170111200022771.jpg,58,Male,0,Black,1,20170111200022771
41_0_0_20170117154652529.jpg,41,Male,0,White,0,20170117154652529
1_1_2_20161219141502337.jpg,1,Female,1,Asian,2,20161219141502337
24_0_2_20170116165208785.jpg,24,Male,0,Asian,2,20170116165208785
35_0_0_20170108224654643.jpg,35,Male,0,White,0,20170108224654643
54_0_0_20170113185012688.jpg,54,Male,0,White,0,20170113185012688
39_1_0_20170117154454831.jpg,39,Female,1,White,0,20170117154454831
22_1_1_20170112230530733.jpg,22,Female,1,Black,1,20170112230530733
26_1_1_20170116232801830.jpg,26,Female,1,Black,1,20170116232801830
10_0_0_20170110224253445.jpg,10,Male,0,White,0,20170110224253445
68_0_1_20170117194555228.jpg,68,Male,0,Black,1,20170117194555228
35_0_0_20170117173311533.jpg,35,Male,0,White,0,20170117173311533
48_0_0_20170117013722003.jpg,48,Male,0,White,0,20170117013722003
26_1_1_20170116012224668.jpg,26,Female,1,Black,1,20170116012224668
53_1_0_20170110141608191.jpg,53,Female,1,White,0,20170110141608191
27_1_1_20170112231931030.jpg,27,Female,1,Black,1,20170112231931030
38_0_2_20170104204240163.jpg,38,Male,0,Asian,2,20170104204240163
26_1_3_20170116232358592.jpg,26,Female,1,Indian,3,20170116232358592
49_0_3_20170119205458583.jpg,49,Male,0,Indian,3,20170119205458583
26_1_3_20170117173653317.jpg,26,Female,1,Indian,3,20170117173653317
1_1_3_20161220142900393.jpg,1,Female,1,Indian,3,20161220142900393
26_0_4_20170117195915493.jpg,26,Male,0,Others,4,20170117195915493
54_1_0_20170110140410594.jpg,54,Female,1,White,0,20170110140410594
78_1_1_20170113011906240.jpg,78,Female,1,Black,1,20170113011906240
1_1_0_20170109191212799.jpg,1,Female,1,White,0,20170109191212799
34_0_0_20170114031602748.jpg,34,Male,0,White,0,20170114031602748
24_1_1_20170115235935017.jpg,24,Female,1,Black,1,20170115235935017
34_1_1_20170113001823786.jpg,34,Female,1,Black,1,20170113001823786
5_0_2_20161219192452267.jpg,5,Male,0,Asian,2,20161219192452267
24_1_1_20170112192919494.jpg,24,Female,1,Black,1,20170112192919494
31_1_0_20170117133433345.jpg,31,Female,1,White,0,20170117133433345
40_0_4_20170117203834424.jpg,40,Male,0,Others,4,20170117203834424
58_0_3_20170119211704736.jpg,58,Male,0,Indian,3,20170119211704736
65_0_3_20161220221926818.jpg,65,Male,0,Indian,3,20161220221926818
9_0_1_20170110224349623.jpg,9,Male,0,Black,1,20170110224349623
75_0_0_20170111205314158.jpg,75,Male,0,White,0,20170111205314158
34_0_1_20170117182640204.jpg,34,Male,0,Black,1,20170117182640204
56_1_0_20170110141232209.jpg,56,Female,1,White,0,20170110141232209
26_1_4_20170117153702405.jpg,26,Female,1,Others,4,20170117153702405
38_0_0_20170117121550630.jpg,38,Male,0,White,0,20170117121550630
20_1_2_20170112003857668.jpg,20,Female,1,Asian,2,20170112003857668
38_1_1_20170116155827602.jpg,38,Female,1,Black,1,20170116155827602
54_0_4_20170117204537409.jpg,54,Male,0,Others,4,20170117204537409
33_1_1_20170116210318759.jpg,33,Female,1,Black,1,20170116210318759
35_1_0_20170116201540728.jpg,35,Female,1,White,0,20170116201540728
12_0_3_20170104230255729.jpg,12,Male,0,Indian,3,20170104230255729
41_1_0_20170103181204176.jpg,41,Female,1,White,0,20170103181204176
18_1_0_20170109213911368.jpg,18,Female,1,White,0,20170109213911368
68_1_1_20170110183842657.jpg,68,Female,1,Black,1,20170110183842657
5_1_2_20161219160435701.jpg,5,Female,1,Asian,2,20161219160435701
45_0_0_20170117135550944.jpg,45,Male,0,White,0,20170117135550944
46_1_2_20170109002550554.jpg,46,Female,1,Asian,2,20170109002550554
56_1_3_20170109142228705.jpg,56,Female,1,Indian,3,20170109142228705
7_1_3_20161220222847210.jpg,7,Female,1,Indian,3,20161220222847210
53_1_0_20170116200916159.jpg,53,Female,1,White,0,20170116200916159
35_1_2_20170117123949303.jpg,35,Female,1,Asian,2,20170117123949303
53_0_0_20170113190631147.jpg,53,Male,0,White,0,20170113190631147
62_0_0_20170105173715821.jpg,62,Male,0,White,0,20170105173715821
92_0_0_20170111223719595.jpg,92,Male,0,White,0,20170111223719595
27_1_0_20170109002819172.jpg,27,Female,1,White,0,20170109002819172
28_1_1_20170116170856613.jpg,28,Female,1,Black,1,20170116170856613
61_0_0_20170117194336276.jpg,61,Male,0,White,0,20170117194336276
85_1_0_20170120230302610.jpg,85,Female,1,White,0,20170120230302610
35_1_2_20170116184621951.jpg,35,Female,1,Asian,2,20170116184621951
42_0_1_20170116220125979.jpg,42,Male,0,Black,1,20170116220125979
1_1_0_20161219222133615.jpg,1,Female,1,White,0,20161219222133615
26_1_1_20170112235540169.jpg,26,Female,1,Black,1,20170112235540169
30_1_2_20170116162039101.jpg,30,Female,1,Asian,2,20170116162039101
45_0_0_20170117185032873.jpg,45,Male,0,White,0,20170117185032873
22_1_2_20170116172702296.jpg,22,Female,1,Asian,2,20170116172702296
10_1_0_20170109205208368.jpg,10,Female,1,White,0,20170109205208368
26_1_1_20170116222929223.jpg,26,Female,1,Black,1,20170116222929223
31_0_0_20170117181923333.jpg,31,Male,0,White,0,20170117181923333
3_0_2_20161219142512185.jpg,3,Male,0,Asian,2,20161219142512185
26_1_0_20170103182040225.jpg,26,Female,1,White,0,20170103182040225
45_0_0_20170120220633050.jpg,45,Male,0,White,0,20170120220633050
29_0_0_20170114032035047.jpg,29,Male,0,White,0,20170114032035047
24_1_0_20170116222419515.jpg,24,Female,1,White,0,20170116222419515
28_0_3_20170119194935947.jpg,28,Male,0,Indian,3,20170119194935947
5_1_3_20161219225937112.jpg,5,Female,1,Indian,3,20161219225937112
56_0_0_20170111201122422.jpg,56,Male,0,White,0,20170111201122422
35_1_3_20170112211501949.jpg,35,Female,1,Indian,3,20170112211501949
20_0_3_20170119152949343.jpg,20,Male,0,Indian,3,20170119152949343
45_0_1_20170116191630240.jpg,45,Male,0,Black,1,20170116191630240
16_1_0_20170105000748206.jpg,16,Female,1,White,0,20170105000748206
78_0_0_20170111210848588.jpg,78,Male,0,White,0,20170111210848588
26_0_3_20170119180528140.jpg,26,Male,0,Indian,3,20170119180528140
52_0_0_20170105173619725.jpg,52,Male,0,White,0,20170105173619725
30_0_2_20170104022129599.jpg,30,Male,0,Asian,2,20170104022129599
26_1_2_20170116180325633.jpg,26,Female,1,Asian,2,20170116180325633
32_0_3_20170119200235517.jpg,32,Male,0,Indian,3,20170119200235517
45_0_4_20170104200726522.jpg,45,Male,0,Others,4,20170104200726522
85_1_0_20170120230116817.jpg,85,Female,1,White,0,20170120230116817
36_0_3_20170117154320368.jpg,36,Male,0,Indian,3,20170117154320368
30_0_3_20170119164115989.jpg,30,Male,0,Indian,3,20170119164115989
20_1_4_20170103223121735.jpg,20,Female,1,Others,4,20170103223121735
32_1_0_20170117154910644.jpg,32,Female,1,White,0,20170117154910644
4_1_1_20161219160501453.jpg,4,Female,1,Black,1,20161219160501453
14_0_1_20170113151234215.jpg,14,Male,0,Black,1,20170113151234215
26_1_2_20170104021834541.jpg,26,Female,1,Asian,2,20170104021834541
60_0_0_20170111195408393.jpg,60,Male,0,White,0,20170111195408393
53_0_1_20170116024724425.jpg,53,Male,0,Black,1,20170116024724425
25_0_4_20170113133140464.jpg,25,Male,0,Others,4,20170113133140464
39_1_2_20170103182754641.jpg,39,Female,1,Asian,2,20170103182754641
52_0_3_20170119200407188.jpg,52,Male,0,Indian,3,20170119200407188
53_0_0_20170111195238954.jpg,53,Male,0,White,0,20170111195238954
50_0_0_20170116235445244.jpg,50,Male,0,White,0,20170116235445244
38_0_0_20170117001116779.jpg,38,Male,0,White,0,20170117001116779
8_1_3_20161220220407073.jpg,8,Female,1,Indian,3,20161220220407073
26_1_4_20170117185535633.jpg,26,Female,1,Others,4,20170117185535633
26_0_2_20170116182654158.jpg,26,Male,0,Asian,2,20170116182654158
42_0_0_20170105173005714.jpg,42,Male,0,White,0,20170105173005714
24_1_0_20170112230455412.jpg,24,Female,1,White,0,20170112230455412
26_1_3_20170119181313268.jpg,26,Female,1,Indian,3,20170119181313268
28_1_3_20170119195107761.jpg,28,Female,1,Indian,3,20170119195107761
26_0_4_20170117153949109.jpg,26,Male,0,Others,4,20170117153949109
48_1_0_20170109142311780.jpg,48,Female,1,White,0,20170109142311780
35_0_2_20170116161354789.jpg,35,Male,0,Asian,2,20170116161354789
26_0_3_20170119183721996.jpg,26,Male,0,Indian,3,20170119183721996
28_0_0_20170119194754322.jpg,28,Male,0,White,0,20170119194754322
72_0_0_20170116193811127.jpg,72,Male,0,White,0,20170116193811127
3_0_0_20170103210954356.jpg,3,Male,0,White,0,20170103210954356
27_1_2_20170116163645443.jpg,27,Female,1,Asian,2,20170116163645443
32_0_3_20170117182343614.jpg,32,Male,0,Indian,3,20170117182343614
5_1_2_20161219160858341.jpg,5,Female,1,Asian,2,20161219160858341
63_1_0_20170117163639729.jpg,63,Female,1,White,0,20170117163639729
5_1_0_20170109193951363.jpg,5,Female,1,White,0,20170109193951363
60_0_1_20170117160042904.jpg,60,Male,0,Black,1,20170117160042904
53_0_0_20170117190933140.jpg,53,Male,0,White,0,20170117190933140
34_0_0_20170116215618294.jpg,34,Male,0,White,0,20170116215618294
50_0_0_20170116192855160.jpg,50,Male,0,White,0,20170116192855160
18_0_0_20170110232054251.jpg,18,Male,0,White,0,20170110232054251
28_1_2_20170116161924643.jpg,28,Female,1,Asian,2,20170116161924643
58_0_4_20170117204717713.jpg,58,Male,0,Others,4,20170117204717713
36_1_0_20170105163244997.jpg,36,Female,1,White,0,20170105163244997
10_1_0_20161220222001459.jpg,10,Female,1,White,0,20161220222001459
26_1_0_20170116214300865.jpg,26,Female,1,White,0,20170116214300865
51_0_1_20170117190816460.jpg,51,Male,0,Black,1,20170117190816460
23_0_2_20170116172908582.jpg,23,Male,0,Asian,2,20170116172908582
35_0_3_20170119180425940.jpg,35,Male,0,Indian,3,20170119180425940
34_0_1_20170117184804228.jpg,34,Male,0,Black,1,20170117184804228
59_0_0_20170117185053635.jpg,59,Male,0,White,0,20170117185053635
23_0_3_20170119164316726.jpg,23,Male,0,Indian,3,20170119164316726
1_0_2_20161219194800523.jpg,1,Male,0,Asian,2,20161219194800523
33_1_0_20170112235228201.jpg,33,Female,1,White,0,20170112235228201
78_0_0_20170111221840478.jpg,78,Male,0,White,0,20170111221840478
1_1_0_20170109193427612.jpg,1,Female,1,White,0,20170109193427612
45_0_0_20170117180150486.jpg,45,Male,0,White,0,20170117180150486
54_0_0_20170111201216588.jpg,54,Male,0,White,0,20170111201216588
28_0_0_20170120134432302.jpg,28,Male,0,White,0,20170120134432302
24_1_1_20170112192317300.jpg,24,Female,1,Black,1,20170112192317300
30_1_0_20170104185111694.jpg,30,Female,1,White,0,20170104185111694
26_1_4_20170103214211386.jpg,26,Female,1,Others,4,20170103214211386
61_1_0_20170117174758733.jpg,61,Female,1,White,0,20170117174758733
28_1_0_20170116000542977.jpg,28,Female,1,White,0,20170116000542977
39_1_1_20170116021937896.jpg,39,Female,1,Black,1,20170116021937896
55_0_3_20170119154102401.jpg,55,Male,0,Indian,3,20170119154102401
31_0_0_20170117135213674.jpg,31,Male,0,White,0,20170117135213674
25_1_2_20170104020339110.jpg,25,Female,1,Asian,2,20170104020339110
60_0_0_20170117160020104.jpg,60,Male,0,White,0,20170117160020104
65_1_3_20170119201536077.jpg,65,Female,1,Indian,3,20170119201536077
22_1_0_20170116220646631.jpg,22,Female,1,White,0,20170116220646631
42_0_2_20170104205142164.jpg,42,Male,0,Asian,2,20170104205142164
39_1_0_20170104185134518.jpg,39,Female,1,White,0,20170104185134518
30_1_0_20170117143933875.jpg,30,Female,1,White,0,20170117143933875
42_0_0_20170116232941954.jpg,42,Male,0,White,0,20170116232941954
9_0_0_20170110221659430.jpg,9,Male,0,White,0,20170110221659430
43_1_1_20170113013016785.jpg,43,Female,1,Black,1,20170113013016785
27_0_4_20170103235409988.jpg,27,Male,0,Others,4,20170103235409988
22_1_2_20170116172659590.jpg,22,Female,1,Asian,2,20170116172659590
57_0_3_20170117172459410.jpg,57,Male,0,Indian,3,20170117172459410
90_0_2_20170112224606516.jpg,90,Male,0,Asian,2,20170112224606516
25_0_3_20170119162903181.jpg,25,Male,0,Indian,3,20170119162903181
3_1_3_20161220220451762.jpg,3,Female,1,Indian,3,20161220220451762
50_0_3_20170119205603287.jpg,50,Male,0,Indian,3,20170119205603287
5_0_3_20161220142906249.jpg,5,Male,0,Indian,3,20161220142906249
12_1_0_20170109205045850.jpg,12,Female,1,White,0,20170109205045850
26_0_0_20170113210127510.jpg,26,Male,0,White,0,20170113210127510
32_1_0_20170103163347255.jpg,32,Female,1,White,0,20170103163347255
25_1_2_20170116175245111.jpg,25,Female,1,Asian,2,20170116175245111
58_0_1_20170117173247104.jpg,58,Male,0,Black,1,20170117173247104
28_0_3_20170119164321820.jpg,28,Male,0,Indian,3,20170119164321820
21_1_3_20170104232011770.jpg,21,Female,1,Indian,3,20170104232011770
5_1_2_20161219153445412.jpg,5,Female,1,Asian,2,20161219153445412
24_1_1_20170112230733998.jpg,24,Female,1,Black,1,20170112230733998
46_0_0_20170104183946093.jpg,46,Male,0,White,0,20170104183946093
53_0_0_20170109012753174.jpg,53,Male,0,White,0,20170109012753174
1_0_2_20161219222035808.jpg,1,Male,0,Asian,2,20161219222035808
3_1_2_20161219160308941.jpg,3,Female,1,Asian,2,20161219160308941
32_0_4_20170104181254053.jpg,32,Male,0,Others,4,20170104181254053
40_0_0_20170116221901075.jpg,40,Male,0,White,0,20170116221901075
40_0_0_20170120223924629.jpg,40,Male,0,White,0,20170120223924629
24_1_3_20170117150530668.jpg,24,Female,1,Indian,3,20170117150530668
28_0_1_20170117020012900.jpg,28,Male,0,Black,1,20170117020012900
51_1_0_20170110154635631.jpg,51,Female,1,White,0,20170110154635631
32_0_0_20170113141701210.jpg,32,Male,0,White,0,20170113141701210
1_0_2_20170110213523297.jpg,1,Male,0,Asian,2,20170110213523297
29_1_4_20170103163340489.jpg,29,Female,1,Others,4,20170103163340489
1_0_2_20161219140540938.jpg,1,Male,0,Asian,2,20161219140540938
28_1_1_20170112213623429.jpg,28,Female,1,Black,1,20170112213623429
26_1_0_20170117174249502.jpg,26,Female,1,White,0,20170117174249502
80_1_0_20170110141417728.jpg,80,Female,1,White,0,20170110141417728
18_1_0_20170109212828069.jpg,18,Female,1,White,0,20170109212828069
58_0_0_20170104185141158.jpg,58,Male,0,White,0,20170104185141158
49_1_0_20170104235655316.jpg,49,Female,1,White,0,20170104235655316
28_0_1_20170113134056728.jpg,28,Male,0,Black,1,20170113134056728
62_1_3_20170109132000815.jpg,62,Female,1,Indian,3,20170109132000815
30_0_2_20170116172753303.jpg,30,Male,0,Asian,2,20170116172753303
90_0_0_20170117174931541.jpg,90,Male,0,White,0,20170117174931541
26_1_1_20170112210923338.jpg,26,Female,1,Black,1,20170112210923338
59_0_1_20170117190355233.jpg,59,Male,0,Black,1,20170117190355233
3_1_0_20170109191823943.jpg,3,Female,1,White,0,20170109191823943
26_1_1_20170116232329337.jpg,26,Female,1,Black,1,20170116232329337
55_0_2_20170112205229451.jpg,55,Male,0,Asian,2,20170112205229451
1_0_2_20161219194543059.jpg,1,Male,0,Asian,2,20161219194543059
53_0_0_20170104211506941.jpg,53,Male,0,White,0,20170104211506941
26_1_3_20170117153624660.jpg,26,Female,1,Indian,3,20170117153624660
25_0_0_20170116222911780.jpg,25,Male,0,White,0,20170116222911780
45_0_3_20170119180924508.jpg,45,Male,0,Indian,3,20170119180924508
45_0_4_20170103235240356.jpg,45,Male,0,Others,4,20170103235240356
23_1_2_20170116173124400.jpg,23,Female,1,Asian,2,20170116173124400
35_1_4_20170117203326008.jpg,35,Female,1,Others,4,20170117203326008
1_0_0_20170110213042127.jpg,1,Male,0,White,0,20170110213042127
29_0_0_20170116221741960.jpg,29,Male,0,White,0,20170116221741960
46_0_0_20170104203049435.jpg,46,Male,0,White,0,20170104203049435
34_0_1_20170116030137215.jpg,34,Male,0,Black,1,20170116030137215
25_0_3_20170119152752375.jpg,25,Male,0,Indian,3,20170119152752375
26_1_0_20170104165807080.jpg,26,Female,1,White,0,20170104165807080
2_1_4_20161221195838329.jpg,2,Female,1,Others,4,20161221195838329
41_0_3_20170119171541497.jpg,41,Male,0,Indian,3,20170119171541497
42_1_0_20170109140758891.jpg,42,Female,1,White,0,20170109140758891
26_1_1_20170112235923687.jpg,26,Female,1,Black,1,20170112235923687
20_1_1_20170105002448621.jpg,20,Female,1,Black,1,20170105002448621
24_0_3_20161220222335651.jpg,24,Male,0,Indian,3,20161220222335651
17_0_0_20170110231830374.jpg,17,Male,0,White,0,20170110231830374
75_1_0_20170120225456154.jpg,75,Female,1,White,0,20170120225456154
33_1_0_20170103182556882.jpg,33,Female,1,White,0,20170103182556882
64_0_2_20170116193321184.jpg,64,Male,0,Asian,2,20170116193321184
53_0_0_20170104200632968.jpg,53,Male,0,White,0,20170104200632968
42_1_3_20170104220806510.jpg,42,Female,1,Indian,3,20170104220806510
72_0_2_20170112224343210.jpg,72,Male,0,Asian,2,20170112224343210
24_0_1_20170113132717504.jpg,24,Male,0,Black,1,20170113132717504
40_1_1_20170113001812259.jpg,40,Female,1,Black,1,20170113001812259
32_1_1_20170112212952111.jpg,32,Female,1,Black,1,20170112212952111
35_0_0_20170117172438851.jpg,35,Male,0,White,0,20170117172438851
38_0_1_20170116010748407.jpg,38,Male,0,Black,1,20170116010748407
29_1_0_20170117180955948.jpg,29,Female,1,White,0,20170117180955948
37_1_0_20170117140016085.jpg,37,Female,1,White,0,20170117140016085
56_1_0_20170110154644528.jpg,56,Female,1,White,0,20170110154644528
32_1_1_20170112224739469.jpg,32,Female,1,Black,1,20170112224739469
14_1_3_20170104222504560.jpg,14,Female,1,Indian,3,20170104222504560
47_0_0_20170116205608766.jpg,47,Male,0,White,0,20170116205608766
26_0_3_20170119180815126.jpg,26,Male,0,Indian,3,20170119180815126
21_1_3_20170119154311378.jpg,21,Female,1,Indian,3,20170119154311378
40_1_0_20170105172927477.jpg,40,Female,1,White,0,20170105172927477
25_1_1_20170112235103240.jpg,25,Female,1,Black,1,20170112235103240
31_1_1_20170117094849113.jpg,31,Female,1,Black,1,20170117094849113
34_0_1_20170117141355339.jpg,34,Male,0,Black,1,20170117141355339
17_0_3_20170104225734512.jpg,17,Male,0,Indian,3,20170104225734512
85_1_0_20170110183728036.jpg,85,Female,1,White,0,20170110183728036
50_0_0_20170104202616026.jpg,50,Male,0,White,0,20170104202616026
35_1_1_20170112231632006.jpg,35,Female,1,Black,1,20170112231632006
2_0_4_20161221194951087.jpg,2,Male,0,Others,4,20161221194951087
39_1_2_20170105170215020.jpg,39,Female,1,Asian,2,20170105170215020
27_0_4_20170117012822305.jpg,27,Male,0,Others,4,20170117012822305
26_0_3_20170119191754105.jpg,26,Male,0,Indian,3,20170119191754105
27_0_1_20170116024214004.jpg,27,Male,0,Black,1,20170116024214004
28_1_1_20170105003322373.jpg,28,Female,1,Black,1,20170105003322373
35_0_0_20170117140509709.jpg,35,Male,0,White,0,20170117140509709
26_0_3_20170119180514197.jpg,26,Male,0,Indian,3,20170119180514197
75_0_0_20170111205133334.jpg,75,Male,0,White,0,20170111205133334
49_1_0_20170110154336582.jpg,49,Female,1,White,0,20170110154336582
53_1_0_20170116201116129.jpg,53,Female,1,White,0,20170116201116129
28_1_4_20170109003009492.jpg,28,Female,1,Others,4,20170109003009492
28_1_3_20170119195054803.jpg,28,Female,1,Indian,3,20170119195054803
26_1_4_20170117200115644.jpg,26,Female,1,Others,4,20170117200115644
32_0_1_20170113141942205.jpg,32,Male,0,Black,1,20170113141942205
16_0_0_20170110232113589.jpg,16,Male,0,White,0,20170110232113589
30_1_0_20170117151304315.jpg,30,Female,1,White,0,20170117151304315
58_0_0_20170104213136437.jpg,58,Male,0,White,0,20170104213136437
15_1_3_20170119164417238.jpg,15,Female,1,Indian,3,20170119164417238
54_0_0_20170117190252594.jpg,54,Male,0,White,0,20170117190252594
24_0_2_20170116172808749.jpg,24,Male,0,Asian,2,20170116172808749
21_0_2_20170112192931470.jpg,21,Male,0,Asian,2,20170112192931470
34_0_1_20170113141042588.jpg,34,Male,0,Black,1,20170113141042588
3_1_0_20170109192420753.jpg,3,Female,1,White,0,20170109192420753
1_1_3_20161219225050632.jpg,1,Female,1,Indian,3,20161219225050632
55_0_3_20170119180841322.jpg,55,Male,0,Indian,3,20170119180841322
24_0_3_20170119165827320.jpg,24,Male,0,Indian,3,20170119165827320
3_0_0_20170110212651258.jpg,3,Male,0,White,0,20170110212651258
34_0_1_20170113175238308.jpg,34,Male,0,Black,1,20170113175238308
16_1_0_20170117193255060.jpg,16,Female,1,White,0,20170117193255060
14_1_0_20170109213522480.jpg,14,Female,1,White,0,20170109213522480
1_1_3_20161220143350174.jpg,1,Female,1,Indian,3,20161220143350174
26_0_1_20170116210505191.jpg,26,Male,0,Black,1,20170116210505191
16_1_4_20170103233818803.jpg,16,Female,1,Others,4,20170103233818803
25_0_3_20170117140649662.jpg,25,Male,0,Indian,3,20170117140649662
2_0_0_20170110211504184.jpg,2,Male,0,White,0,20170110211504184
51_0_0_20170104210526204.jpg,51,Male,0,White,0,20170104210526204
33_1_0_20170104023047606.jpg,33,Female,1,White,0,20170104023047606
26_0_1_20170116010019224.jpg,26,Male,0,Black,1,20170116010019224
26_1_4_20170117174527047.jpg,26,Female,1,Others,4,20170117174527047
22_1_2_20170116162023656.jpg,22,Female,1,Asian,2,20170116162023656
29_1_1_20170116021359164.jpg,29,Female,1,Black,1,20170116021359164
26_1_2_20170104020230700.jpg,26,Female,1,Asian,2,20170104020230700
2_0_4_20161221195159831.jpg,2,Male,0,Others,4,20161221195159831
65_1_0_20170110140917161.jpg,65,Female,1,White,0,20170110140917161
28_0_3_20170119194622939.jpg,28,Male,0,Indian,3,20170119194622939
23_1_4_20170117194317100.jpg,23,Female,1,Others,4,20170117194317100
26_1_0_20170117201443317.jpg,26,Female,1,White,0,20170117201443317
34_0_3_20170119200635028.jpg,34,Male,0,Indian,3,20170119200635028
29_0_1_20170117183551382.jpg,29,Male,0,Black,1,20170117183551382
1_0_2_20161219204010237.jpg,1,Male,0,Asian,2,20161219204010237
9_0_1_20170117195501575.jpg,9,Male,0,Black,1,20170117195501575
1_1_3_20161219230719040.jpg,1,Female,1,Indian,3,20161219230719040
75_0_0_20170111204851535.jpg,75,Male,0,White,0,20170111204851535
26_1_1_20170116224151345.jpg,26,Female,1,Black,1,20170116224151345
25_1_4_20170103225922392.jpg,25,Female,1,Others,4,20170103225922392
1_0_2_20161219205827749.jpg,1,Male,0,Asian,2,20161219205827749
26_1_3_20170117174123429.jpg,26,Female,1,Indian,3,20170117174123429
40_0_0_20170117182353980.jpg,40,Male,0,White,0,20170117182353980
36_1_3_20170117183338262.jpg,36,Female,1,Indian,3,20170117183338262
56_1_0_20170104184326534.jpg,56,Female,1,White,0,20170104184326534
7_0_0_20170110215321996.jpg,7,Male,0,White,0,20170110215321996
23_1_2_20170116172843453.jpg,23,Female,1,Asian,2,20170116172843453
1_0_0_20170110211513139.jpg,1,Male,0,White,0,20170110211513139
65_0_2_20170119205814303.jpg,65,Male,0,Asian,2,20170119205814303
26_0_1_20170116024208336.jpg,26,Male,0,Black,1,20170116024208336
2_1_4_20161221202224681.jpg,2,Female,1,Others,4,20161221202224681
30_1_0_20170116220635092.jpg,30,Female,1,White,0,20170116220635092
28_1_2_20170116161754709.jpg,28,Female,1,Asian,2,20170116161754709
2_1_2_20161219194346219.jpg,2,Female,1,Asian,2,20161219194346219
37_1_3_20170119202307060.jpg,37,Female,1,Indian,3,20170119202307060
23_1_3_20170119164542581.jpg,23,Female,1,Indian,3,20170119164542581
80_0_0_20170110183557670.jpg,80,Male,0,White,0,20170110183557670
8_1_0_20170109205028805.jpg,8,Female,1,White,0,20170109205028805
49_0_0_20170119202355566.jpg,49,Male,0,White,0,20170119202355566
22_1_4_20170117143713802.jpg,22,Female,1,Others,4,20170117143713802
1_0_0_20170110212555368.jpg,1,Male,0,White,0,20170110212555368
52_0_0_20170104170644217.jpg,52,Male,0,White,0,20170104170644217
35_0_0_20170117145906651.jpg,35,Male,0,White,0,20170117145906651
26_0_3_20170119175419890.jpg,26,Male,0,Indian,3,20170119175419890
38_0_0_20170117130715035.jpg,38,Male,0,White,0,20170117130715035
9_0_0_20170110220153114.jpg,9,Male,0,White,0,20170110220153114
1_0_0_20161219205817093.jpg,1,Male,0,White,0,20161219205817093
16_0_0_20170110231916206.jpg,16,Male,0,White,0,20170110231916206
28_0_3_20170119194503787.jpg,28,Male,0,Indian,3,20170119194503787
42_0_2_20170109012231207.jpg,42,Male,0,Asian,2,20170109012231207
2_1_3_20161219225623600.jpg,2,Female,1,Indian,3,20161219225623600
26_0_3_20170119192058354.jpg,26,Male,0,Indian,3,20170119192058354
6_1_4_20170104005453175.jpg,6,Female,1,Others,4,20170104005453175
24_1_0_20170116174738833.jpg,24,Female,1,White,0,20170116174738833
62_0_1_20170113184117629.jpg,62,Male,0,Black,1,20170113184117629
40_0_0_20170116222105127.jpg,40,Male,0,White,0,20170116222105127
26_1_1_20170116024218334.jpg,26,Female,1,Black,1,20170116024218334
47_0_1_20170117141144856.jpg,47,Male,0,Black,1,20170117141144856
23_1_3_20170109132112364.jpg,23,Female,1,Indian,3,20170109132112364
21_1_1_20170116020956813.jpg,21,Female,1,Black,1,20170116020956813
40_1_2_20170117121945324.jpg,40,Female,1,Asian,2,20170117121945324
25_1_0_20170103163218903.jpg,25,Female,1,White,0,20170103163218903
34_0_0_20170109002826967.jpg,34,Male,0,White,0,20170109002826967
35_0_1_20170113155220675.jpg,35,Male,0,Black,1,20170113155220675
28_0_1_20170113151637766.jpg,28,Male,0,Black,1,20170113151637766
4_1_0_20170109193854934.jpg,4,Female,1,White,0,20170109193854934
68_0_0_20170111200803612.jpg,68,Male,0,White,0,20170111200803612
26_0_0_20170116224826344.jpg,26,Male,0,White,0,20170116224826344
34_1_1_20170113001015235.jpg,34,Female,1,Black,1,20170113001015235
28_1_0_20170117180720738.jpg,28,Female,1,White,0,20170117180720738
29_0_4_20170117180903787.jpg,29,Male,0,Others,4,20170117180903787
75_0_1_20170111211400077.jpg,75,Male,0,Black,1,20170111211400077
27_0_4_20170117202219111.jpg,27,Male,0,Others,4,20170117202219111
28_0_0_20170117020857776.jpg,28,Male,0,White,0,20170117020857776
58_0_0_20170105173528685.jpg,58,Male,0,White,0,20170105173528685
37_0_0_20170117140740593.jpg,37,Male,0,White,0,20170117140740593
18_1_1_20170109212540841.jpg,18,Female,1,Black,1,20170109212540841
30_1_0_20170117181115699.jpg,30,Female,1,White,0,20170117181115699
36_0_3_20170119183044775.jpg,36,Male,0,Indian,3,20170119183044775
52_0_0_20170117190849099.jpg,52,Male,0,White,0,20170117190849099
35_0_0_20170117130944941.jpg,35,Male,0,White,0,20170117130944941
72_0_2_20170111200724572.jpg,72,Male,0,Asian,2,20170111200724572
16_1_0_20170109204530608.jpg,16,Female,1,White,0,20170109204530608
36_1_0_20170103182902892.jpg,36,Female,1,White,0,20170103182902892
26_1_2_20170116184232333.jpg,26,Female,1,Asian,2,20170116184232333
50_0_3_20170119204714191.jpg,50,Male,0,Indian,3,20170119204714191
28_0_4_20170117190111300.jpg,28,Male,0,Others,4,20170117190111300
19_0_0_20170117140608208.jpg,19,Male,0,White,0,20170117140608208
1_1_0_20170109193407724.jpg,1,Female,1,White,0,20170109193407724
30_1_1_20170112210943668.jpg,30,Female,1,Black,1,20170112210943668
65_0_0_20170117172111769.jpg,65,Male,0,White,0,20170117172111769
35_0_1_20170117142612894.jpg,35,Male,0,Black,1,20170117142612894
81_1_1_20170116220014045.jpg,81,Female,1,Black,1,20170116220014045
30_1_4_20170103181233632.jpg,30,Female,1,Others,4,20170103181233632
28_0_1_20170113134755546.jpg,28,Male,0,Black,1,20170113134755546
20_1_3_20170117141108233.jpg,20,Female,1,Indian,3,20170117141108233
28_0_0_20170120133901719.jpg,28,Male,0,White,0,20170120133901719
15_0_2_20161219193832243.jpg,15,Male,0,Asian,2,20161219193832243
20_1_4_20170103230215713.jpg,20,Female,1,Others,4,20170103230215713
34_1_1_20170116224909263.jpg,34,Female,1,Black,1,20170116224909263
18_1_0_20170109212908376.jpg,18,Female,1,White,0,20170109212908376
25_1_0_20170116223120888.jpg,25,Female,1,White,0,20170116223120888
1_1_2_20161219202852780.jpg,1,Female,1,Asian,2,20161219202852780
26_0_3_20170119180950828.jpg,26,Male,0,Indian,3,20170119180950828
1_1_3_20161220143335948.jpg,1,Female,1,Indian,3,20161220143335948
40_1_1_20170116165523668.jpg,40,Female,1,Black,1,20170116165523668
26_0_1_20170113151756520.jpg,26,Male,0,Black,1,20170113151756520
29_1_0_20170117153920514.jpg,29,Female,1,White,0,20170117153920514
35_1_1_20170117154240728.jpg,35,Female,1,Black,1,20170117154240728
24_1_2_20170116173423718.jpg,24,Female,1,Asian,2,20170116173423718
63_0_0_20170120225708577.jpg,63,Male,0,White,0,20170120225708577
66_1_0_20170110132126931.jpg,66,Female,1,White,0,20170110132126931
32_0_4_20170117140137322.jpg,32,Male,0,Others,4,20170117140137322
1_0_2_20161219161944926.jpg,1,Male,0,Asian,2,20161219161944926
25_0_3_20170117135721856.jpg,25,Male,0,Indian,3,20170117135721856
62_0_0_20170111210035323.jpg,62,Male,0,White,0,20170111210035323
25_0_2_20170116175213151.jpg,25,Male,0,Asian,2,20170116175213151
26_0_0_20170117090952435.jpg,26,Male,0,White,0,20170117090952435
16_1_1_20170114030930183.jpg,16,Female,1,Black,1,20170114030930183
26_0_3_20170119181042516.jpg,26,Male,0,Indian,3,20170119181042516
52_0_0_20170109005553829.jpg,52,Male,0,White,0,20170109005553829
56_1_1_20170110153620007.jpg,56,Female,1,Black,1,20170110153620007
31_1_2_20170116170736523.jpg,31,Female,1,Asian,2,20170116170736523
26_1_2_20170116161826427.jpg,26,Female,1,Asian,2,20170116161826427
5_1_2_20161219192202650.jpg,5,Female,1,Asian,2,20161219192202650
35_0_3_20170120220551706.jpg,35,Male,0,Indian,3,20170120220551706
1_1_2_20161219222154119.jpg,1,Female,1,Asian,2,20161219222154119
55_1_0_20170109012617704.jpg,55,Female,1,White,0,20170109012617704
10_0_0_20170110225013755.jpg,10,Male,0,White,0,20170110225013755
44_0_4_20170117204035832.jpg,44,Male,0,Others,4,20170117204035832
25_1_2_20170116175242392.jpg,25,Female,1,Asian,2,20170116175242392
21_1_2_20170116171507249.jpg,21,Female,1,Asian,2,20170116171507249
46_0_1_20170117183456244.jpg,46,Male,0,Black,1,20170117183456244
85_1_1_20170110183033556.jpg,85,Female,1,Black,1,20170110183033556
72_1_3_20170109151014965.jpg,72,Female,1,Indian,3,20170109151014965
26_1_3_20170117174433574.jpg,26,Female,1,Indian,3,20170117174433574
10_1_2_20170103201007646.jpg,10,Female,1,Asian,2,20170103201007646
29_1_1_20170116173431601.jpg,29,Female,1,Black,1,20170116173431601
19_1_3_20170104222642335.jpg,19,Female,1,Indian,3,20170104222642335
50_0_1_20170113134715664.jpg,50,Male,0,Black,1,20170113134715664
10_0_0_20170110220530650.jpg,10,Male,0,White,0,20170110220530650
40_1_0_20170105164619947.jpg,40,Female,1,White,0,20170105164619947
29_0_3_20170119195259338.jpg,29,Male,0,Indian,3,20170119195259338
26_0_2_20170116175934531.jpg,26,Male,0,Asian,2,20170116175934531
26_1_0_20170103180235712.jpg,26,Female,1,White,0,20170103180235712
7_1_0_20170109202403368.jpg,7,Female,1,White,0,20170109202403368
90_0_0_20170111223757607.jpg,90,Male,0,White,0,20170111223757607
29_0_0_20170104165350776.jpg,29,Male,0,White,0,20170104165350776
69_0_1_20170117194929098.jpg,69,Male,0,Black,1,20170117194929098
13_1_0_20170109205106776.jpg,13,Female,1,White,0,20170109205106776
1_0_3_20161220223247506.jpg,1,Male,0,Indian,3,20161220223247506
25_1_3_20170119172135455.jpg,25,Female,1,Indian,3,20170119172135455
36_1_0_20170105164705002.jpg,36,Female,1,White,0,20170105164705002
55_0_3_20170119202256173.jpg,55,Male,0,Indian,3,20170119202256173
32_1_1_20170112203815123.jpg,32,Female,1,Black,1,20170112203815123
1_1_2_20161219190745330.jpg,1,Female,1,Asian,2,20161219190745330
54_0_0_20170109150353590.jpg,54,Male,0,White,0,20170109150353590
31_1_1_20170113000500356.jpg,31,Female,1,Black,1,20170113000500356
60_0_1_20170119204250215.jpg,60,Male,0,Black,1,20170119204250215
61_0_3_20170119211816513.jpg,61,Male,0,Indian,3,20170119211816513
23_1_3_20170119164326981.jpg,23,Female,1,Indian,3,20170119164326981
20_1_0_20170103201733831.jpg,20,Female,1,White,0,20170103201733831
14_1_0_20170109203405475.jpg,14,Female,1,White,0,20170109203405475
31_1_0_20170117133119014.jpg,31,Female,1,White,0,20170117133119014
1_1_4_20170109193938953.jpg,1,Female,1,Others,4,20170109193938953
60_1_0_20170110143543095.jpg,60,Female,1,White,0,20170110143543095
26_1_4_20170117201612869.jpg,26,Female,1,Others,4,20170117201612869
1_0_2_20161219203514252.jpg,1,Male,0,Asian,2,20161219203514252
38_0_0_20170116233110862.jpg,38,Male,0,White,0,20170116233110862
1_0_2_20161219222456375.jpg,1,Male,0,Asian,2,20161219222456375
40_1_0_20170117091845090.jpg,40,Female,1,White,0,20170117091845090
69_0_0_20170104213620014.jpg,69,Male,0,White,0,20170104213620014
24_1_1_20170113011154152.jpg,24,Female,1,Black,1,20170113011154152
52_1_0_20170103163641032.jpg,52,Female,1,White,0,20170103163641032
65_0_2_20170112223951171.jpg,65,Male,0,Asian,2,20170112223951171
3_1_0_20170109192434126.jpg,3,Female,1,White,0,20170109192434126
24_0_2_20170116170825869.jpg,24,Male,0,Asian,2,20170116170825869
26_0_0_20170120134255183.jpg,26,Male,0,White,0,20170120134255183
36_0_3_20170104235715835.jpg,36,Male,0,Indian,3,20170104235715835
17_0_1_20170113132545264.jpg,17,Male,0,Black,1,20170113132545264
26_0_0_20170117155115749.jpg,26,Male,0,White,0,20170117155115749
2_1_2_20161219142414913.jpg,2,Female,1,Asian,2,20161219142414913
12_1_0_20170109203536309.jpg,12,Female,1,White,0,20170109203536309
33_1_0_20170105003407044.jpg,33,Female,1,White,0,20170105003407044
2_0_3_20161220144721023.jpg,2,Male,0,Indian,3,20161220144721023
30_1_4_20170117203008151.jpg,30,Female,1,Others,4,20170117203008151
11_0_0_20170110224340941.jpg,11,Male,0,White,0,20170110224340941
26_0_0_20170116203116520.jpg,26,Male,0,White,0,20170116203116520
21_1_1_20170116215855605.jpg,21,Female,1,Black,1,20170116215855605
43_1_0_20170120222412663.jpg,43,Female,1,White,0,20170120222412663
66_0_3_20170117195129091.jpg,66,Male,0,Indian,3,20170117195129091
42_0_0_20170113012441401.jpg,42,Male,0,White,0,20170113012441401
7_1_0_20170109204456971.jpg,7,Female,1,White,0,20170109204456971
30_1_0_20170117135748734.jpg,30,Female,1,White,0,20170117135748734
51_1_1_20170112213230359.jpg,51,Female,1,Black,1,20170112213230359
27_0_0_20170117012331112.jpg,27,Male,0,White,0,20170117012331112
2_1_1_20170109190932811.jpg,2,Female,1,Black,1,20170109190932811
69_1_0_20170110143314986.jpg,69,Female,1,White,0,20170110143314986
26_1_0_20170117174148184.jpg,26,Female,1,White,0,20170117174148184
46_0_2_20170104205205795.jpg,46,Male,0,Asian,2,20170104205205795
57_0_0_20170104212808228.jpg,57,Male,0,White,0,20170104212808228
2_1_0_20170109191803520.jpg,2,Female,1,White,0,20170109191803520
20_1_0_20170116211743925.jpg,20,Female,1,White,0,20170116211743925
49_0_0_20170117153916924.jpg,49,Male,0,White,0,20170117153916924
1_0_2_20161219204655933.jpg,1,Male,0,Asian,2,20161219204655933
4_1_2_20161219160740335.jpg,4,Female,1,Asian,2,20161219160740335
16_1_0_20170105000703117.jpg,16,Female,1,White,0,20170105000703117
26_1_0_20170117003314278.jpg,26,Female,1,White,0,20170117003314278
48_0_2_20170104212013870.jpg,48,Male,0,Asian,2,20170104212013870
8_0_3_20170104230746993.jpg,8,Male,0,Indian,3,20170104230746993
24_1_2_20170116171610481.jpg,24,Female,1,Asian,2,20170116171610481
40_0_0_20170117135450087.jpg,40,Male,0,White,0,20170117135450087
45_1_0_20170117001056094.jpg,45,Female,1,White,0,20170117001056094
62_0_0_20170111202357377.jpg,62,Male,0,White,0,20170111202357377
60_0_3_20170119204824288.jpg,60,Male,0,Indian,3,20170119204824288
9_0_0_20170110224305302.jpg,9,Male,0,White,0,20170110224305302
25_0_0_20170114033002971.jpg,25,Male,0,White,0,20170114033002971
1_1_1_20170109191243420.jpg,1,Female,1,Black,1,20170109191243420
75_0_1_20170113185328144.jpg,75,Male,0,Black,1,20170113185328144
45_0_0_20170117154220587.jpg,45,Male,0,White,0,20170117154220587
55_0_3_20170119171322926.jpg,55,Male,0,Indian,3,20170119171322926
62_0_1_20170111223858253.jpg,62,Male,0,Black,1,20170111223858253
37_0_0_20170117183417406.jpg,37,Male,0,White,0,20170117183417406
43_1_2_20170116192615655.jpg,43,Female,1,Asian,2,20170116192615655
29_0_4_20170117180914972.jpg,29,Male,0,Others,4,20170117180914972
34_0_0_20170105164139508.jpg,34,Male,0,White,0,20170105164139508
59_0_0_20170105173420933.jpg,59,Male,0,White,0,20170105173420933
85_0_2_20170112224212748.jpg,85,Male,0,Asian,2,20170112224212748
15_1_0_20170103200925950.jpg,15,Female,1,White,0,20170103200925950
30_0_1_20170116213438554.jpg,30,Male,0,Black,1,20170116213438554
40_0_0_20170104205634244.jpg,40,Male,0,White,0,20170104205634244
45_0_3_20170119195808299.jpg,45,Male,0,Indian,3,20170119195808299
72_1_0_20170110183416570.jpg,72,Female,1,White,0,20170110183416570
59_0_0_20170113190732385.jpg,59,Male,0,White,0,20170113190732385
31_1_2_20170109141257277.jpg,31,Female,1,Asian,2,20170109141257277
20_1_1_20170112230604949.jpg,20,Female,1,Black,1,20170112230604949
26_1_2_20170103181524137.jpg,26,Female,1,Asian,2,20170103181524137
38_0_0_20170104200835937.jpg,38,Male,0,White,0,20170104200835937
29_1_0_20170104022059373.jpg,29,Female,1,White,0,20170104022059373
2_0_0_20161219163848775.jpg,2,Male,0,White,0,20161219163848775
39_0_1_20170113135726002.jpg,39,Male,0,Black,1,20170113135726002
32_0_2_20170116180251900.jpg,32,Male,0,Asian,2,20170116180251900
50_0_3_20170119205151901.jpg,50,Male,0,Indian,3,20170119205151901
56_0_0_20170120222907250.jpg,56,Male,0,White,0,20170120222907250
27_0_1_20170116001407357.jpg,27,Male,0,Black,1,20170116001407357
65_1_0_20170110132512700.jpg,65,Female,1,White,0,20170110132512700
65_1_0_20170110181102968.jpg,65,Female,1,White,0,20170110181102968
40_1_0_20170117091853557.jpg,40,Female,1,White,0,20170117091853557
32_0_0_20170116211639626.jpg,32,Male,0,White,0,20170116211639626
25_1_3_20170117151958483.jpg,25,Female,1,Indian,3,20170117151958483
20_1_0_20170116214335363.jpg,20,Female,1,White,0,20170116214335363
54_0_0_20170111205229923.jpg,54,Male,0,White,0,20170111205229923
80_0_2_20170111210646563.jpg,80,Male,0,Asian,2,20170111210646563
39_0_3_20170117184958153.jpg,39,Male,0,Indian,3,20170117184958153
4_0_3_20161220220726266.jpg,4,Male,0,Indian,3,20161220220726266
56_0_1_20170113151553665.jpg,56,Male,0,Black,1,20170113151553665
42_0_0_20170117185734922.jpg,42,Male,0,White,0,20170117185734922
26_1_1_20170116234847156.jpg,26,Female,1,Black,1,20170116234847156
26_1_3_20170104234454339.jpg,26,Female,1,Indian,3,20170104234454339
23_0_3_20170119164331517.jpg,23,Male,0,Indian,3,20170119164331517
50_1_0_20170120222828266.jpg,50,Female,1,White,0,20170120222828266
30_1_0_20170117131118803.jpg,30,Female,1,White,0,20170117131118803
40_0_1_20170117173250993.jpg,40,Male,0,Black,1,20170117173250993
28_1_1_20170116164109844.jpg,28,Female,1,Black,1,20170116164109844
35_0_0_20170116162816326.jpg,35,Male,0,White,0,20170116162816326
16_1_0_20170104013543170.jpg,16,Female,1,White,0,20170104013543170
27_0_2_20170105163325547.jpg,27,Male,0,Asian,2,20170105163325547
16_0_0_20170110232218902.jpg,16,Male,0,White,0,20170110232218902
58_0_0_20170120224609760.jpg,58,Male,0,White,0,20170120224609760
24_1_2_20170116163909292.jpg,24,Female,1,Asian,2,20170116163909292
63_0_0_20170113210319817.jpg,63,Male,0,White,0,20170113210319817
18_1_3_20170104221918414.jpg,18,Female,1,Indian,3,20170104221918414
74_1_0_20170117171813979.jpg,74,Female,1,White,0,20170117171813979
32_0_0_20170117182315092.jpg,32,Male,0,White,0,20170117182315092
11_1_0_20170110224810583.jpg,11,Female,1,White,0,20170110224810583
41_1_0_20170117133203334.jpg,41,Female,1,White,0,20170117133203334
30_0_2_20170116194010019.jpg,30,Male,0,Asian,2,20170116194010019
23_1_0_20170116221829199.jpg,23,Female,1,White,0,20170116221829199
26_1_4_20161221193707668.jpg,26,Female,1,Others,4,20161221193707668
36_1_1_20170117165628076.jpg,36,Female,1,Black,1,20170117165628076
36_1_1_20170112233326423.jpg,36,Female,1,Black,1,20170112233326423
30_0_0_20170117141919242.jpg,30,Male,0,White,0,20170117141919242
30_1_2_20170116171019788.jpg,30,Female,1,Asian,2,20170116171019788
30_1_2_20170116161740145.jpg,30,Female,1,Asian,2,20170116161740145
61_0_3_20170119211835296.jpg,61,Male,0,Indian,3,20170119211835296
25_1_0_20170109213201198.jpg,25,Female,1,White,0,20170109213201198
16_1_0_20170103201347823.jpg,16,Female,1,White,0,20170103201347823
17_1_0_20170104012351409.jpg,17,Female,1,White,0,20170104012351409
31_1_0_20170117133121639.jpg,31,Female,1,White,0,20170117133121639
36_0_3_20170119201817029.jpg,36,Male,0,Indian,3,20170119201817029
26_0_1_20170113134742393.jpg,26,Male,0,Black,1,20170113134742393
26_0_3_20170119183421709.jpg,26,Male,0,Indian,3,20170119183421709
32_1_1_20170114024610489.jpg,32,Female,1,Black,1,20170114024610489
40_0_0_20170113184131287.jpg,40,Male,0,White,0,20170113184131287
32_0_2_20170105162228515.jpg,32,Male,0,Asian,2,20170105162228515
65_0_0_20170120225216335.jpg,65,Male,0,White,0,20170120225216335
22_0_2_20170116220743409.jpg,22,Male,0,Asian,2,20170116220743409
41_0_3_20170119204228535.jpg,41,Male,0,Indian,3,20170119204228535
29_1_0_20170104023236006.jpg,29,Female,1,White,0,20170104023236006
61_0_2_20170112224332508.jpg,61,Male,0,Asian,2,20170112224332508
56_1_0_20170120222048719.jpg,56,Female,1,White,0,20170120222048719
33_0_0_20170105164910285.jpg,33,Male,0,White,0,20170105164910285
30_0_0_20170104185757997.jpg,30,Male,0,White,0,20170104185757997
1_0_2_20161219162427318.jpg,1,Male,0,Asian,2,20161219162427318
35_0_0_20170105164824674.jpg,35,Male,0,White,0,20170105164824674
26_0_3_20170104214630381.jpg,26,Male,0,Indian,3,20170104214630381
1_0_0_20170109191440780.jpg,1,Male,0,White,0,20170109191440780
35_1_1_20170117194931418.jpg,35,Female,1,Black,1,20170117194931418
26_0_0_20170117003319885.jpg,26,Male,0,White,0,20170117003319885
36_1_2_20170119164406148.jpg,36,Female,1,Asian,2,20170119164406148
57_0_0_20170104212837910.jpg,57,Male,0,White,0,20170104212837910
23_0_1_20170113133840296.jpg,23,Male,0,Black,1,20170113133840296
25_0_0_20170114025954319.jpg,25,Male,0,White,0,20170114025954319
15_0_0_20170110225705232.jpg,15,Male,0,White,0,20170110225705232
45_1_0_20170103183543298.jpg,45,Female,1,White,0,20170103183543298
14_1_0_20170119150832998.jpg,14,Female,1,White,0,20170119150832998
26_0_0_20170113210126312.jpg,26,Male,0,White,0,20170113210126312
31_0_3_20170104230610969.jpg,31,Male,0,Indian,3,20170104230610969
25_1_0_20170117195136747.jpg,25,Female,1,White,0,20170117195136747
50_0_3_20170119204542975.jpg,50,Male,0,Indian,3,20170119204542975
26_1_3_20170119180813956.jpg,26,Female,1,Indian,3,20170119180813956
23_1_2_20170102235032243.jpg,23,Female,1,Asian,2,20170102235032243
61_0_1_20170113175415829.jpg,61,Male,0,Black,1,20170113175415829
53_0_3_20170117171834099.jpg,53,Male,0,Indian,3,20170117171834099
2_1_4_20170103210830609.jpg,2,Female,1,Others,4,20170103210830609
56_1_0_20170110153255801.jpg,56,Female,1,White,0,20170110153255801
37_0_3_20170119202304167.jpg,37,Male,0,Indian,3,20170119202304167
67_1_0_20170110140452381.jpg,67,Female,1,White,0,20170110140452381
77_0_0_20170111211341479.jpg,77,Male,0,White,0,20170111211341479
23_1_2_20170116173105161.jpg,23,Female,1,Asian,2,20170116173105161
90_0_0_20170111210516589.jpg,90,Male,0,White,0,20170111210516589
9_0_1_20170110215449668.jpg,9,Male,0,Black,1,20170110215449668
59_1_1_20170113173539306.jpg,59,Female,1,Black,1,20170113173539306
18_1_0_20170104022856102.jpg,18,Female,1,White,0,20170104022856102
26_0_0_20170117091143436.jpg,26,Male,0,White,0,20170117091143436
42_1_0_20170117163607667.jpg,42,Female,1,White,0,20170117163607667
50_0_1_20170117173743345.jpg,50,Male,0,Black,1,20170117173743345
26_0_1_20170116142853699.jpg,26,Male,0,Black,1,20170116142853699
30_1_2_20170116165432533.jpg,30,Female,1,Asian,2,20170116165432533
68_1_1_20170116161411128.jpg,68,Female,1,Black,1,20170116161411128
36_1_1_20170116234813239.jpg,36,Female,1,Black,1,20170116234813239
1_0_2_20161219142006881.jpg,1,Male,0,Asian,2,20161219142006881
65_1_0_20170110183018880.jpg,65,Female,1,White,0,20170110183018880
18_1_0_20170109213102446.jpg,18,Female,1,White,0,20170109213102446
26_1_1_20170112211649085.jpg,26,Female,1,Black,1,20170112211649085
2_1_3_20161219225500961.jpg,2,Female,1,Indian,3,20161219225500961
32_1_0_20170108224936101.jpg,32,Female,1,White,0,20170108224936101
26_1_4_20170103225817689.jpg,26,Female,1,Others,4,20170103225817689
4_1_0_20170110213257550.jpg,4,Female,1,White,0,20170110213257550
26_1_2_20170116175519439.jpg,26,Female,1,Asian,2,20170116175519439
22_1_3_20170119163636742.jpg,22,Female,1,Indian,3,20170119163636742
26_1_1_20170116160838344.jpg,26,Female,1,Black,1,20170116160838344
14_0_0_20170117150204180.jpg,14,Male,0,White,0,20170117150204180
75_0_0_20170111204348525.jpg,75,Male,0,White,0,20170111204348525
61_1_0_20170117175122341.jpg,61,Female,1,White,0,20170117175122341
20_0_2_20170116161442758.jpg,20,Male,0,Asian,2,20170116161442758
54_0_0_20170117171614274.jpg,54,Male,0,White,0,20170117171614274
20_0_0_20170116201311689.jpg,20,Male,0,White,0,20170116201311689
30_0_0_20170117130637562.jpg,30,Male,0,White,0,20170117130637562
82_0_0_20170111211328431.jpg,82,Male,0,White,0,20170111211328431
67_0_0_20170120225706103.jpg,67,Male,0,White,0,20170120225706103
16_1_0_20170103201016775.jpg,16,Female,1,White,0,20170103201016775
22_0_1_20170114033210195.jpg,22,Male,0,Black,1,20170114033210195
7_1_4_20170103233309314.jpg,7,Female,1,Others,4,20170103233309314
54_0_3_20170119201240675.jpg,54,Male,0,Indian,3,20170119201240675
30_0_0_20170116222414030.jpg,30,Male,0,White,0,20170116222414030
45_0_1_20170113154803466.jpg,45,Male,0,Black,1,20170113154803466
40_1_0_20170117160718607.jpg,40,Female,1,White,0,20170117160718607
54_0_0_20170104212522653.jpg,54,Male,0,White,0,20170104212522653
56_0_0_20170117165731095.jpg,56,Male,0,White,0,20170117165731095
65_0_1_20170117171258523.jpg,65,Male,0,Black,1,20170117171258523
25_1_3_20170119195859404.jpg,25,Female,1,Indian,3,20170119195859404
2_0_1_20170110213401217.jpg,2,Male,0,Black,1,20170110213401217
28_0_0_20170117120854505.jpg,28,Male,0,White,0,20170117120854505
45_0_0_20170119200455965.jpg,45,Male,0,White,0,20170119200455965
24_1_4_20170117194821716.jpg,24,Female,1,Others,4,20170117194821716
49_1_0_20170104192623743.jpg,49,Female,1,White,0,20170104192623743
30_1_1_20170117203530728.jpg,30,Female,1,Black,1,20170117203530728
10_1_0_20170109201728056.jpg,10,Female,1,White,0,20170109201728056
32_0_3_20170104230706290.jpg,32,Male,0,Indian,3,20170104230706290
26_1_1_20170116222316103.jpg,26,Female,1,Black,1,20170116222316103
60_1_0_20170117130514218.jpg,60,Female,1,White,0,20170117130514218
52_0_0_20170119205653447.jpg,52,Male,0,White,0,20170119205653447
35_0_3_20170119200930924.jpg,35,Male,0,Indian,3,20170119200930924
49_0_3_20170117130537950.jpg,49,Male,0,Indian,3,20170117130537950
8_1_0_20170109200833660.jpg,8,Female,1,White,0,20170109200833660
2_1_3_20161219225917512.jpg,2,Female,1,Indian,3,20161219225917512
25_0_3_20170117141539041.jpg,25,Male,0,Indian,3,20170117141539041
26_0_0_20170117172931573.jpg,26,Male,0,White,0,20170117172931573
1_0_2_20161219222832191.jpg,1,Male,0,Asian,2,20161219222832191
50_0_3_20170119205247101.jpg,50,Male,0,Indian,3,20170119205247101
40_0_4_20170117204008359.jpg,40,Male,0,Others,4,20170117204008359
32_0_2_20170116190200837.jpg,32,Male,0,Asian,2,20170116190200837
17_1_0_20170109214431887.jpg,17,Female,1,White,0,20170109214431887
41_0_4_20170104205137196.jpg,41,Male,0,Others,4,20170104205137196
47_1_3_20170109133358794.jpg,47,Female,1,Indian,3,20170109133358794
70_0_0_20170117173731439.jpg,70,Male,0,White,0,20170117173731439
26_0_0_20170116232422006.jpg,26,Male,0,White,0,20170116232422006
3_1_3_20161219230204712.jpg,3,Female,1,Indian,3,20161219230204712
61_0_2_20170105180829158.jpg,61,Male,0,Asian,2,20170105180829158
52_0_0_20170104210142444.jpg,52,Male,0,White,0,20170104210142444
21_1_1_20170112233421128.jpg,21,Female,1,Black,1,20170112233421128
65_0_0_20170117171038979.jpg,65,Male,0,White,0,20170117171038979
35_1_1_20170112213029215.jpg,35,Female,1,Black,1,20170112213029215
5_1_2_20161219142215457.jpg,5,Female,1,Asian,2,20161219142215457
26_1_1_20170112210240181.jpg,26,Female,1,Black,1,20170112210240181
34_1_1_20170117132708007.jpg,34,Female,1,Black,1,20170117132708007
26_0_1_20170117200138532.jpg,26,Male,0,Black,1,20170117200138532
60_0_0_20170116221104102.jpg,60,Male,0,White,0,20170116221104102
80_0_0_20170111222225975.jpg,80,Male,0,White,0,20170111222225975
24_0_1_20170117150107644.jpg,24,Male,0,Black,1,20170117150107644
1_1_3_20161220220126609.jpg,1,Female,1,Indian,3,20161220220126609
1_0_2_20170110213415212.jpg,1,Male,0,Asian,2,20170110213415212
26_1_3_20170119180544051.jpg,26,Female,1,Indian,3,20170119180544051
72_0_0_20170111171747670.jpg,72,Male,0,White,0,20170111171747670
43_0_0_20170104205149195.jpg,43,Male,0,White,0,20170104205149195
26_1_0_20170103180530224.jpg,26,Female,1,White,0,20170103180530224
87_0_0_20170110183538244.jpg,87,Male,0,White,0,20170110183538244
7_0_0_20170110225010277.jpg,7,Male,0,White,0,20170110225010277
37_1_0_20170104165602361.jpg,37,Female,1,White,0,20170104165602361
30_0_0_20170117143352248.jpg,30,Male,0,White,0,20170117143352248
76_0_1_20170116205605555.jpg,76,Male,0,Black,1,20170116205605555
17_0_1_20170113151030175.jpg,17,Male,0,Black,1,20170113151030175
40_0_1_20170117170529962.jpg,40,Male,0,Black,1,20170117170529962
55_0_0_20170117173834903.jpg,55,Male,0,White,0,20170117173834903
43_0_0_20170104184051293.jpg,43,Male,0,White,0,20170104184051293
80_0_0_20170120223453237.jpg,80,Male,0,White,0,20170120223453237
25_0_3_20170104230516489.jpg,25,Male,0,Indian,3,20170104230516489
21_1_3_20170104222522503.jpg,21,Female,1,Indian,3,20170104222522503
6_0_2_20170103210440650.jpg,6,Male,0,Asian,2,20170103210440650
26_0_3_20170119180512067.jpg,26,Male,0,Indian,3,20170119180512067
16_0_1_20170116214205175.jpg,16,Male,0,Black,1,20170116214205175
59_0_0_20170104212405077.jpg,59,Male,0,White,0,20170104212405077
26_0_0_20170117003310493.jpg,26,Male,0,White,0,20170117003310493
27_0_0_20170117202108094.jpg,27,Male,0,White,0,20170117202108094
24_1_2_20170116165633882.jpg,24,Female,1,Asian,2,20170116165633882
4_1_4_20161223231735684.jpg,4,Female,1,Others,4,20161223231735684
72_0_0_20170111221724508.jpg,72,Male,0,White,0,20170111221724508
24_0_4_20170117145745635.jpg,24,Male,0,Others,4,20170117145745635
58_0_0_20170109012759314.jpg,58,Male,0,White,0,20170109012759314
28_0_1_20170116025822052.jpg,28,Male,0,Black,1,20170116025822052
34_0_1_20170116164815094.jpg,34,Male,0,Black,1,20170116164815094
8_1_0_20170109202859958.jpg,8,Female,1,White,0,20170109202859958
29_1_1_20170112231815517.jpg,29,Female,1,Black,1,20170112231815517
28_1_0_20170117121842806.jpg,28,Female,1,White,0,20170117121842806
38_0_0_20170109013142560.jpg,38,Male,0,White,0,20170109013142560
20_1_0_20170117183640921.jpg,20,Female,1,White,0,20170117183640921
1_1_0_20161219154510229.jpg,1,Female,1,White,0,20161219154510229
56_0_0_20170111202409002.jpg,56,Male,0,White,0,20170111202409002
34_0_4_20170105172324413.jpg,34,Male,0,Others,4,20170105172324413
32_1_1_20170116025959945.jpg,32,Female,1,Black,1,20170116025959945
25_0_3_20170117151048707.jpg,25,Male,0,Indian,3,20170117151048707
24_1_2_20161219201505604.jpg,24,Female,1,Asian,2,20161219201505604
28_0_4_20170103235229669.jpg,28,Male,0,Others,4,20170103235229669
61_1_2_20170105174916768.jpg,61,Female,1,Asian,2,20170105174916768
36_0_0_20170105172613829.jpg,36,Male,0,White,0,20170105172613829
35_0_2_20170116175138888.jpg,35,Male,0,Asian,2,20170116175138888
39_1_0_20170105003308781.jpg,39,Female,1,White,0,20170105003308781
47_0_3_20170119183301849.jpg,47,Male,0,Indian,3,20170119183301849
50_0_3_20170117153047475.jpg,50,Male,0,Indian,3,20170117153047475
69_1_4_20170110141201824.jpg,69,Female,1,Others,4,20170110141201824
35_1_3_20170117154203196.jpg,35,Female,1,Indian,3,20170117154203196
70_1_0_20170117155916072.jpg,70,Female,1,White,0,20170117155916072
1_1_2_20161219204430596.jpg,1,Female,1,Asian,2,20161219204430596
23_1_2_20170116172854458.jpg,23,Female,1,Asian,2,20170116172854458
34_1_3_20170119200906387.jpg,34,Female,1,Indian,3,20170119200906387
31_0_1_20170113141853748.jpg,31,Male,0,Black,1,20170113141853748
65_0_1_20170113184825438.jpg,65,Male,0,Black,1,20170113184825438
21_1_0_20170116215708125.jpg,21,Female,1,White,0,20170116215708125
48_0_1_20170116233413749.jpg,48,Male,0,Black,1,20170116233413749
33_1_1_20170112211553429.jpg,33,Female,1,Black,1,20170112211553429
17_0_0_20170105183607439.jpg,17,Male,0,White,0,20170105183607439
50_0_0_20170120222743386.jpg,50,Male,0,White,0,20170120222743386
6_1_2_20161219141114464.jpg,6,Female,1,Asian,2,20161219141114464
29_1_0_20170109010152767.jpg,29,Female,1,White,0,20170109010152767
47_0_0_20170117204124336.jpg,47,Male,0,White,0,20170117204124336
31_1_0_20170103182729649.jpg,31,Female,1,White,0,20170103182729649
25_0_0_20170113210127389.jpg,25,Male,0,White,0,20170113210127389
24_1_1_20170115235804280.jpg,24,Female,1,Black,1,20170115235804280
21_1_0_20170111182452742.jpg,21,Female,1,White,0,20170111182452742
24_0_0_20170117140958984.jpg,24,Male,0,White,0,20170117140958984
31_0_4_20170108235352933.jpg,31,Male,0,Others,4,20170108235352933
24_1_2_20170112204459483.jpg,24,Female,1,Asian,2,20170112204459483
22_1_3_20170117183653190.jpg,22,Female,1,Indian,3,20170117183653190
95_1_0_20170120230149594.jpg,95,Female,1,White,0,20170120230149594
24_0_1_20170113134010217.jpg,24,Male,0,Black,1,20170113134010217
21_1_0_20170117142653808.jpg,21,Female,1,White,0,20170117142653808
16_0_1_20170120134502877.jpg,16,Male,0,Black,1,20170120134502877
35_1_2_20170116233432190.jpg,35,Female,1,Asian,2,20170116233432190
37_0_2_20170116192041226.jpg,37,Male,0,Asian,2,20170116192041226
76_1_2_20170110143551965.jpg,76,Female,1,Asian,2,20170110143551965
25_1_1_20170114024756550.jpg,25,Female,1,Black,1,20170114024756550
26_0_1_20170113132700512.jpg,26,Male,0,Black,1,20170113132700512
56_1_1_20170116230711681.jpg,56,Female,1,Black,1,20170116230711681
3_1_2_20161219162739430.jpg,3,Female,1,Asian,2,20161219162739430
74_0_0_20170111222650857.jpg,74,Male,0,White,0,20170111222650857
54_0_0_20170117171128299.jpg,54,Male,0,White,0,20170117171128299
92_1_0_20170110182333823.jpg,92,Female,1,White,0,20170110182333823
1_0_0_20161219140623097.jpg,1,Male,0,White,0,20161219140623097
30_0_4_20170117202840206.jpg,30,Male,0,Others,4,20170117202840206
28_0_1_20170114032935025.jpg,28,Male,0,Black,1,20170114032935025
32_1_1_20170116012209350.jpg,32,Female,1,Black,1,20170116012209350
29_0_4_20170103235201420.jpg,29,Male,0,Others,4,20170103235201420
22_0_0_20170104003957078.jpg,22,Male,0,White,0,20170104003957078
68_1_0_20170110175345439.jpg,68,Female,1,White,0,20170110175345439
29_1_1_20170116021855730.jpg,29,Female,1,Black,1,20170116021855730
5_1_0_20170116211929173.jpg,5,Female,1,White,0,20170116211929173
5_0_0_20170109192353674.jpg,5,Male,0,White,0,20170109192353674
26_0_1_20170113134653322.jpg,26,Male,0,Black,1,20170113134653322
13_1_0_20170104005742384.jpg,13,Female,1,White,0,20170104005742384
29_0_1_20170117135753077.jpg,29,Male,0,Black,1,20170117135753077
35_1_4_20170117203751799.jpg,35,Female,1,Others,4,20170117203751799
67_1_2_20161219194437956.jpg,67,Female,1,Asian,2,20161219194437956
1_0_3_20161219224914784.jpg,1,Male,0,Indian,3,20161219224914784
23_1_0_20170112234310143.jpg,23,Female,1,White,0,20170112234310143
42_1_3_20170119163800509.jpg,42,Female,1,Indian,3,20170119163800509
55_0_3_20170119201758443.jpg,55,Male,0,Indian,3,20170119201758443
23_1_2_20170116173152188.jpg,23,Female,1,Asian,2,20170116173152188
28_0_0_20170105162616443.jpg,28,Male,0,White,0,20170105162616443
7_1_2_20161219160329535.jpg,7,Female,1,Asian,2,20161219160329535
53_0_3_20170119205751190.jpg,53,Male,0,Indian,3,20170119205751190
21_1_4_20170103224431735.jpg,21,Female,1,Others,4,20170103224431735
39_0_2_20170104204400674.jpg,39,Male,0,Asian,2,20170104204400674
42_0_4_20170104185534278.jpg,42,Male,0,Others,4,20170104185534278
65_0_1_20170117193640771.jpg,65,Male,0,Black,1,20170117193640771
2_1_0_20161219192513827.jpg,2,Female,1,White,0,20161219192513827
35_0_0_20170117135440070.jpg,35,Male,0,White,0,20170117135440070
3_1_2_20161219162002349.jpg,3,Female,1,Asian,2,20161219162002349
9_0_0_20170110220442681.jpg,9,Male,0,White,0,20170110220442681
25_0_1_20170116002332648.jpg,25,Male,0,Black,1,20170116002332648
77_1_0_20170110180511080.jpg,77,Female,1,White,0,20170110180511080
65_1_0_20170110122725239.jpg,65,Female,1,White,0,20170110122725239
44_0_3_20170119165648839.jpg,44,Male,0,Indian,3,20170119165648839
14_1_0_20170109203901444.jpg,14,Female,1,White,0,20170109203901444
8_1_0_20170109203448247.jpg,8,Female,1,White,0,20170109203448247
24_1_1_20170116162121188.jpg,24,Female,1,Black,1,20170116162121188
8_1_3_20161220220832858.jpg,8,Female,1,Indian,3,20161220220832858
35_1_0_20170116201420399.jpg,35,Female,1,White,0,20170116201420399
6_1_2_20161219151445563.jpg,6,Female,1,Asian,2,20161219151445563
49_0_0_20170117135838690.jpg,49,Male,0,White,0,20170117135838690
2_0_0_20170109193359075.jpg,2,Male,0,White,0,20170109193359075
1_1_0_20170109193830378.jpg,1,Female,1,White,0,20170109193830378
11_0_0_20170110225327724.jpg,11,Male,0,White,0,20170110225327724
26_1_0_20170116225049260.jpg,26,Female,1,White,0,20170116225049260
61_0_0_20170117194413929.jpg,61,Male,0,White,0,20170117194413929
26_1_2_20170116180319469.jpg,26,Female,1,Asian,2,20170116180319469
24_1_0_20170117150815148.jpg,24,Female,1,White,0,20170117150815148
62_0_0_20170104212928133.jpg,62,Male,0,White,0,20170104212928133
55_1_0_20170120222833049.jpg,55,Female,1,White,0,20170120222833049
29_0_2_20170116172041615.jpg,29,Male,0,Asian,2,20170116172041615
44_1_0_20170111182452895.jpg,44,Female,1,White,0,20170111182452895
22_1_0_20170116214345265.jpg,22,Female,1,White,0,20170116214345265
28_1_1_20170112204756098.jpg,28,Female,1,Black,1,20170112204756098
53_0_0_20170117182542501.jpg,53,Male,0,White,0,20170117182542501
59_0_0_20170111203716454.jpg,59,Male,0,White,0,20170111203716454
26_1_3_20170119193114418.jpg,26,Female,1,Indian,3,20170119193114418
49_0_1_20170117173446675.jpg,49,Male,0,Black,1,20170117173446675
39_0_1_20170117165830236.jpg,39,Male,0,Black,1,20170117165830236
34_0_1_20170116202024648.jpg,34,Male,0,Black,1,20170116202024648
35_1_0_20170103182733994.jpg,35,Female,1,White,0,20170103182733994
29_1_1_20170117132637271.jpg,29,Female,1,Black,1,20170117132637271
25_0_3_20170119171743041.jpg,25,Male,0,Indian,3,20170119171743041
54_0_0_20170117155536389.jpg,54,Male,0,White,0,20170117155536389
21_1_3_20170104231633619.jpg,21,Female,1,Indian,3,20170104231633619
47_0_3_20170119205155167.jpg,47,Male,0,Indian,3,20170119205155167
26_1_2_20170116184054722.jpg,26,Female,1,Asian,2,20170116184054722
28_0_1_20170117021549834.jpg,28,Male,0,Black,1,20170117021549834
31_1_0_20170119150929511.jpg,31,Female,1,White,0,20170119150929511
56_0_0_20170116235418709.jpg,56,Male,0,White,0,20170116235418709
62_0_0_20170104185145582.jpg,62,Male,0,White,0,20170104185145582
82_1_2_20170110183005747.jpg,82,Female,1,Asian,2,20170110183005747
4_0_2_20161219194114267.jpg,4,Male,0,Asian,2,20161219194114267
2_1_3_20161219230209511.jpg,2,Female,1,Indian,3,20161219230209511
30_1_0_20170116211836902.jpg,30,Female,1,White,0,20170116211836902
2_0_3_20161220143229191.jpg,2,Male,0,Indian,3,20161220143229191
58_1_0_20170109142427954.jpg,58,Female,1,White,0,20170109142427954
69_0_0_20170111200942998.jpg,69,Male,0,White,0,20170111200942998
28_0_1_20170113190421608.jpg,28,Male,0,Black,1,20170113190421608
26_1_1_20170116021804434.jpg,26,Female,1,Black,1,20170116021804434
31_1_2_20170116191331056.jpg,31,Female,1,Asian,2,20170116191331056
1_0_2_20161219162544751.jpg,1,Male,0,Asian,2,20161219162544751
2_1_3_20161220144445968.jpg,2,Female,1,Indian,3,20161220144445968
22_1_4_20170103225813392.jpg,22,Female,1,Others,4,20170103225813392
40_0_2_20170116232918443.jpg,40,Male,0,Asian,2,20170116232918443
29_1_1_20170116231920226.jpg,29,Female,1,Black,1,20170116231920226
25_0_3_20170117135612879.jpg,25,Male,0,Indian,3,20170117135612879
16_1_0_20170109213456322.jpg,16,Female,1,White,0,20170109213456322
2_0_4_20170103212058572.jpg,2,Male,0,Others,4,20170103212058572
30_1_0_20170117092552049.jpg,30,Female,1,White,0,20170117092552049
29_1_0_20170120133642078.jpg,29,Female,1,White,0,20170120133642078
29_1_4_20170105171748652.jpg,29,Female,1,Others,4,20170105171748652
36_1_1_20170116002211364.jpg,36,Female,1,Black,1,20170116002211364
52_1_1_20170113011248822.jpg,52,Female,1,Black,1,20170113011248822
24_0_3_20170119150342598.jpg,24,Male,0,Indian,3,20170119150342598
29_1_4_20170104165318736.jpg,29,Female,1,Others,4,20170104165318736
23_1_2_20170104021026844.jpg,23,Female,1,Asian,2,20170104021026844
16_1_4_20170102234841875.jpg,16,Female,1,Others,4,20170102234841875
38_0_2_20170116165202051.jpg,38,Male,0,Asian,2,20170116165202051
30_0_1_20170117123915360.jpg,30,Male,0,Black,1,20170117123915360
37_0_2_20170116184952701.jpg,37,Male,0,Asian,2,20170116184952701
30_0_0_20170119195542220.jpg,30,Male,0,White,0,20170119195542220
32_1_0_20170117140131110.jpg,32,Female,1,White,0,20170117140131110
23_1_4_20170103223551622.jpg,23,Female,1,Others,4,20170103223551622
4_0_0_20170110213536030.jpg,4,Male,0,White,0,20170110213536030
23_1_2_20170116173244358.jpg,23,Female,1,Asian,2,20170116173244358
32_0_2_20170116163452816.jpg,32,Male,0,Asian,2,20170116163452816
8_1_0_20170109204910999.jpg,8,Female,1,White,0,20170109204910999
25_1_0_20170116205838424.jpg,25,Female,1,White,0,20170116205838424
30_0_0_20170117000350509.jpg,30,Male,0,White,0,20170117000350509
65_1_0_20170110131531222.jpg,65,Female,1,White,0,20170110131531222
65_1_0_20170110132446063.jpg,65,Female,1,White,0,20170110132446063
63_1_0_20170110160643845.jpg,63,Female,1,White,0,20170110160643845
26_1_3_20170117154458652.jpg,26,Female,1,Indian,3,20170117154458652
17_1_1_20170112234115471.jpg,17,Female,1,Black,1,20170112234115471
39_1_3_20170117141047098.jpg,39,Female,1,Indian,3,20170117141047098
25_1_4_20170103235222492.jpg,25,Female,1,Others,4,20170103235222492
23_1_0_20170117145019683.jpg,23,Female,1,White,0,20170117145019683
52_0_1_20170113195507899.jpg,52,Male,0,Black,1,20170113195507899
25_0_1_20170117190559108.jpg,25,Male,0,Black,1,20170117190559108
46_0_0_20170113185333766.jpg,46,Male,0,White,0,20170113185333766
10_1_2_20170116175840105.jpg,10,Female,1,Asian,2,20170116175840105
65_1_0_20170110180059564.jpg,65,Female,1,White,0,20170110180059564
1_0_2_20161219222119639.jpg,1,Male,0,Asian,2,20161219222119639
1_1_3_20161220143303110.jpg,1,Female,1,Indian,3,20161220143303110
18_1_0_20170116211949605.jpg,18,Female,1,White,0,20170116211949605
25_0_1_20170117140732133.jpg,25,Male,0,Black,1,20170117140732133
30_0_1_20170117194500557.jpg,30,Male,0,Black,1,20170117194500557
35_0_0_20170117170540987.jpg,35,Male,0,White,0,20170117170540987
5_1_0_20170109194253514.jpg,5,Female,1,White,0,20170109194253514
30_0_0_20170116204142744.jpg,30,Male,0,White,0,20170116204142744
10_1_4_20161223225854867.jpg,10,Female,1,Others,4,20161223225854867
18_0_0_20170103201308008.jpg,18,Male,0,White,0,20170103201308008
80_1_1_20170119210040345.jpg,80,Female,1,Black,1,20170119210040345
28_1_0_20170112235047937.jpg,28,Female,1,White,0,20170112235047937
30_0_1_20170117123839619.jpg,30,Male,0,Black,1,20170117123839619
65_1_0_20170110131714147.jpg,65,Female,1,White,0,20170110131714147
71_1_0_20170110143306064.jpg,71,Female,1,White,0,20170110143306064
18_1_1_20170117140433352.jpg,18,Female,1,Black,1,20170117140433352
10_0_0_20170110225601897.jpg,10,Male,0,White,0,20170110225601897
25_1_0_20170109213232182.jpg,25,Female,1,White,0,20170109213232182
12_1_0_20170109201553786.jpg,12,Female,1,White,0,20170109201553786
38_1_1_20170113005439788.jpg,38,Female,1,Black,1,20170113005439788
1_1_4_20161221193743543.jpg,1,Female,1,Others,4,20161221193743543
50_0_1_20170113184607014.jpg,50,Male,0,Black,1,20170113184607014
29_0_0_20170103182333545.jpg,29,Male,0,White,0,20170103182333545
24_0_0_20170117150015076.jpg,24,Male,0,White,0,20170117150015076
5_1_2_20161219142421601.jpg,5,Female,1,Asian,2,20161219142421601
1_1_2_20161219194531091.jpg,1,Female,1,Asian,2,20161219194531091
76_0_0_20170111222424361.jpg,76,Male,0,White,0,20170111222424361
45_1_0_20170117193323733.jpg,45,Female,1,White,0,20170117193323733
31_0_0_20170117131124063.jpg,31,Male,0,White,0,20170117131124063
2_0_2_20161219203844252.jpg,2,Male,0,Asian,2,20161219203844252
1_0_2_20161219162212662.jpg,1,Male,0,Asian,2,20161219162212662
40_0_0_20170117203837280.jpg,40,Male,0,White,0,20170117203837280
19_0_0_20170103201406775.jpg,19,Male,0,White,0,20170103201406775
32_0_0_20170113181420389.jpg,32,Male,0,White,0,20170113181420389
26_0_0_20170117152311509.jpg,26,Male,0,White,0,20170117152311509
26_0_1_20170117154145261.jpg,26,Male,0,Black,1,20170117154145261
29_0_1_20170116182134769.jpg,29,Male,0,Black,1,20170116182134769
25_1_3_20170117152028652.jpg,25,Female,1,Indian,3,20170117152028652
67_0_0_20170120225145905.jpg,67,Male,0,White,0,20170120225145905
30_1_2_20170116191316723.jpg,30,Female,1,Asian,2,20170116191316723
26_0_4_20170117195459004.jpg,26,Male,0,Others,4,20170117195459004
62_1_0_20170110160643798.jpg,62,Female,1,White,0,20170110160643798
12_1_2_20170117194013371.jpg,12,Female,1,Asian,2,20170117194013371
26_0_3_20170119184129122.jpg,26,Male,0,Indian,3,20170119184129122
10_0_0_20170110225414790.jpg,10,Male,0,White,0,20170110225414790
37_0_0_20170105173125404.jpg,37,Male,0,White,0,20170105173125404
37_0_0_20170113210126299.jpg,37,Male,0,White,0,20170113210126299
18_1_0_20170109212538216.jpg,18,Female,1,White,0,20170109212538216
29_1_0_20170104185616837.jpg,29,Female,1,White,0,20170104185616837
35_1_1_20170116173118874.jpg,35,Female,1,Black,1,20170116173118874
2_1_2_20161219222249678.jpg,2,Female,1,Asian,2,20161219222249678
28_1_0_20170104181551957.jpg,28,Female,1,White,0,20170104181551957
32_1_2_20170116190141356.jpg,32,Female,1,Asian,2,20170116190141356
85_1_0_20170120230406643.jpg,85,Female,1,White,0,20170120230406643
43_0_3_20170119153259240.jpg,43,Male,0,Indian,3,20170119153259240
56_0_0_20170111204518142.jpg,56,Male,0,White,0,20170111204518142
86_1_2_20170112215418656.jpg,86,Female,1,Asian,2,20170112215418656
24_0_2_20170104015809173.jpg,24,Male,0,Asian,2,20170104015809173
29_0_1_20170117103819519.jpg,29,Male,0,Black,1,20170117103819519
40_0_4_20170117203403479.jpg,40,Male,0,Others,4,20170117203403479
25_0_4_20170117155154894.jpg,25,Male,0,Others,4,20170117155154894
86_1_0_20170120134855602.jpg,86,Female,1,White,0,20170120134855602
25_1_0_20170103180911281.jpg,25,Female,1,White,0,20170103180911281
30_1_2_20170116162102874.jpg,30,Female,1,Asian,2,20170116162102874
1_0_2_20161219155857576.jpg,1,Male,0,Asian,2,20161219155857576
43_0_0_20170103183345633.jpg,43,Male,0,White,0,20170103183345633
20_1_0_20170103175416510.jpg,20,Female,1,White,0,20170103175416510
62_0_1_20170111204710125.jpg,62,Male,0,Black,1,20170111204710125
4_1_1_20170109194638149.jpg,4,Female,1,Black,1,20170109194638149
24_1_1_20170112231342878.jpg,24,Female,1,Black,1,20170112231342878
54_0_3_20170119180958035.jpg,54,Male,0,Indian,3,20170119180958035
61_0_0_20170117192025774.jpg,61,Male,0,White,0,20170117192025774
72_1_0_20170110173128700.jpg,72,Female,1,White,0,20170110173128700
29_0_4_20170104200952009.jpg,29,Male,0,Others,4,20170104200952009
50_1_0_20170117145826250.jpg,50,Female,1,White,0,20170117145826250
54_0_3_20170119210212976.jpg,54,Male,0,Indian,3,20170119210212976
30_1_0_20170117160402167.jpg,30,Female,1,White,0,20170117160402167
45_0_0_20170117173552477.jpg,45,Male,0,White,0,20170117173552477
26_1_2_20170116180246581.jpg,26,Female,1,Asian,2,20170116180246581
38_1_1_20170112231328158.jpg,38,Female,1,Black,1,20170112231328158
31_1_4_20170117203051199.jpg,31,Female,1,Others,4,20170117203051199
53_0_3_20170119164140382.jpg,53,Male,0,Indian,3,20170119164140382
4_1_3_20161219224933671.jpg,4,Female,1,Indian,3,20161219224933671
59_0_0_20170104212437869.jpg,59,Male,0,White,0,20170104212437869
67_1_0_20170109150548754.jpg,67,Female,1,White,0,20170109150548754
26_1_2_20170116175505151.jpg,26,Female,1,Asian,2,20170116175505151
62_0_0_20170120223929774.jpg,62,Male,0,White,0,20170120223929774
57_1_0_20170110180113129.jpg,57,Female,1,White,0,20170110180113129
69_1_2_20170111210824053.jpg,69,Female,1,Asian,2,20170111210824053
23_0_1_20170114032011297.jpg,23,Male,0,Black,1,20170114032011297
24_1_0_20170112234608449.jpg,24,Female,1,White,0,20170112234608449
26_1_2_20170116184052021.jpg,26,Female,1,Asian,2,20170116184052021
64_0_1_20170120224617161.jpg,64,Male,0,Black,1,20170120224617161
61_1_0_20170103184132186.jpg,61,Female,1,White,0,20170103184132186
26_0_1_20170113155018211.jpg,26,Male,0,Black,1,20170113155018211
40_0_0_20170111181750378.jpg,40,Male,0,White,0,20170111181750378
46_0_0_20170119150223726.jpg,46,Male,0,White,0,20170119150223726
23_0_1_20170115231442487.jpg,23,Male,0,Black,1,20170115231442487
51_0_0_20170117160807782.jpg,51,Male,0,White,0,20170117160807782
40_1_3_20170119145610534.jpg,40,Female,1,Indian,3,20170119145610534
40_0_0_20170117134702038.jpg,40,Male,0,White,0,20170117134702038
21_0_4_20161223214830361.jpg,21,Male,0,Others,4,20161223214830361
35_1_0_20170117182920141.jpg,35,Female,1,White,0,20170117182920141
29_1_3_20170104235518987.jpg,29,Female,1,Indian,3,20170104235518987
17_0_0_20170110232027271.jpg,17,Male,0,White,0,20170110232027271
57_0_0_20170117191704100.jpg,57,Male,0,White,0,20170117191704100
1_1_2_20161219200100707.jpg,1,Female,1,Asian,2,20161219200100707
85_0_0_20170111210457043.jpg,85,Male,0,White,0,20170111210457043
54_0_0_20170117171007439.jpg,54,Male,0,White,0,20170117171007439
30_1_1_20170112204445843.jpg,30,Female,1,Black,1,20170112204445843
49_1_0_20170103181519681.jpg,49,Female,1,White,0,20170103181519681
48_0_2_20170117160518496.jpg,48,Male,0,Asian,2,20170117160518496
23_1_3_20170119164545181.jpg,23,Female,1,Indian,3,20170119164545181
8_1_0_20170109204542015.jpg,8,Female,1,White,0,20170109204542015
30_1_0_20170103182413737.jpg,30,Female,1,White,0,20170103182413737
41_0_3_20170119181048675.jpg,41,Male,0,Indian,3,20170119181048675
85_0_0_20170111205823547.jpg,85,Male,0,White,0,20170111205823547
73_0_1_20170117194721939.jpg,73,Male,0,Black,1,20170117194721939
36_0_1_20170117163412132.jpg,36,Male,0,Black,1,20170117163412132
3_1_3_20161220145428645.jpg,3,Female,1,Indian,3,20161220145428645
30_0_1_20170117130022204.jpg,30,Male,0,Black,1,20170117130022204
7_0_1_20170113161247843.jpg,7,Male,0,Black,1,20170113161247843
35_0_4_20170117174212110.jpg,35,Male,0,Others,4,20170117174212110
46_0_2_20170116173625939.jpg,46,Male,0,Asian,2,20170116173625939
80_0_0_20170117172944233.jpg,80,Male,0,White,0,20170117172944233
50_0_1_20170113173649243.jpg,50,Male,0,Black,1,20170113173649243
22_0_2_20170104021129925.jpg,22,Male,0,Asian,2,20170104021129925
45_0_4_20170117172212027.jpg,45,Male,0,Others,4,20170117172212027
50_0_1_20170117003124915.jpg,50,Male,0,Black,1,20170117003124915
2_0_4_20170103205319954.jpg,2,Male,0,Others,4,20170103205319954
75_0_0_20170117163552393.jpg,75,Male,0,White,0,20170117163552393
66_1_0_20170110140430277.jpg,66,Female,1,White,0,20170110140430277
7_0_1_20170110224720024.jpg,7,Male,0,Black,1,20170110224720024
13_1_0_20170109204128684.jpg,13,Female,1,White,0,20170109204128684
41_0_3_20170119204235487.jpg,41,Male,0,Indian,3,20170119204235487
43_0_0_20170117185833850.jpg,43,Male,0,White,0,20170117185833850
34_0_1_20170117204703255.jpg,34,Male,0,Black,1,20170117204703255
54_0_1_20170120222533712.jpg,54,Male,0,Black,1,20170120222533712
38_0_2_20170104205949499.jpg,38,Male,0,Asian,2,20170104205949499
29_0_3_20170117180819737.jpg,29,Male,0,Indian,3,20170117180819737
89_0_1_20170117194109597.jpg,89,Male,0,Black,1,20170117194109597
80_0_0_20170117171459531.jpg,80,Male,0,White,0,20170117171459531
30_0_0_20170117132539923.jpg,30,Male,0,White,0,20170117132539923
40_0_2_20170117000400201.jpg,40,Male,0,Asian,2,20170117000400201
24_1_1_20170115235714565.jpg,24,Female,1,Black,1,20170115235714565
8_1_3_20170104222635007.jpg,8,Female,1,Indian,3,20170104222635007
75_0_1_20170113135403273.jpg,75,Male,0,Black,1,20170113135403273
35_0_3_20170119181325084.jpg,35,Male,0,Indian,3,20170119181325084
76_0_2_20170112204914106.jpg,76,Male,0,Asian,2,20170112204914106
25_0_0_20170116223149525.jpg,25,Male,0,White,0,20170116223149525
80_1_0_20170110131934630.jpg,80,Female,1,White,0,20170110131934630
21_0_1_20170113145729669.jpg,21,Male,0,Black,1,20170113145729669
27_0_3_20170104225852088.jpg,27,Male,0,Indian,3,20170104225852088
32_0_2_20170116193804883.jpg,32,Male,0,Asian,2,20170116193804883
28_1_2_20170116190130252.jpg,28,Female,1,Asian,2,20170116190130252
37_1_0_20170109003001568.jpg,37,Female,1,White,0,20170109003001568
32_1_1_20170115235801065.jpg,32,Female,1,Black,1,20170115235801065
43_1_0_20170105172627988.jpg,43,Female,1,White,0,20170105172627988
2_0_2_20161219203126700.jpg,2,Male,0,Asian,2,20161219203126700
35_0_0_20170117180527065.jpg,35,Male,0,White,0,20170117180527065
25_0_0_20170114024601058.jpg,25,Male,0,White,0,20170114024601058
65_0_0_20170111201953344.jpg,65,Male,0,White,0,20170111201953344
31_1_3_20170104234925395.jpg,31,Female,1,Indian,3,20170104234925395
44_0_3_20170119171650408.jpg,44,Male,0,Indian,3,20170119171650408
2_1_3_20161219225702256.jpg,2,Female,1,Indian,3,20161219225702256
81_1_2_20170105174804349.jpg,81,Female,1,Asian,2,20170105174804349
55_0_3_20170119201213412.jpg,55,Male,0,Indian,3,20170119201213412
18_1_1_20170114030424059.jpg,18,Female,1,Black,1,20170114030424059
1_0_2_20161219203720956.jpg,1,Male,0,Asian,2,20161219203720956
25_1_1_20170117140352370.jpg,25,Female,1,Black,1,20170117140352370
25_1_3_20170117142157226.jpg,25,Female,1,Indian,3,20170117142157226
36_0_1_20170116144540721.jpg,36,Male,0,Black,1,20170116144540721
9_0_0_20170110220449969.jpg,9,Male,0,White,0,20170110220449969
29_0_0_20170116192103987.jpg,29,Male,0,White,0,20170116192103987
24_1_3_20170119152515392.jpg,24,Female,1,Indian,3,20170119152515392
82_0_3_20170105180948808.jpg,82,Male,0,Indian,3,20170105180948808
26_0_2_20170116181230382.jpg,26,Male,0,Asian,2,20170116181230382
32_0_4_20170117140145171.jpg,32,Male,0,Others,4,20170117140145171
62_0_3_20170109142504979.jpg,62,Male,0,Indian,3,20170109142504979
55_0_0_20170104184424541.jpg,55,Male,0,White,0,20170104184424541
22_0_2_20170104021348142.jpg,22,Male,0,Asian,2,20170104021348142
3_1_2_20161219142501225.jpg,3,Female,1,Asian,2,20161219142501225
1_0_4_20161221202206568.jpg,1,Male,0,Others,4,20161221202206568
8_1_4_20161223232240516.jpg,8,Female,1,Others,4,20161223232240516
50_0_0_20170120134101471.jpg,50,Male,0,White,0,20170120134101471
50_0_2_20170116173533123.jpg,50,Male,0,Asian,2,20170116173533123
1_1_4_20161221192836205.jpg,1,Female,1,Others,4,20161221192836205
47_0_3_20170119205107927.jpg,47,Male,0,Indian,3,20170119205107927
3_0_2_20161219162657782.jpg,3,Male,0,Asian,2,20161219162657782
30_1_2_20170116192313635.jpg,30,Female,1,Asian,2,20170116192313635
50_0_1_20170117001050081.jpg,50,Male,0,Black,1,20170117001050081
30_0_1_20170113134006616.jpg,30,Male,0,Black,1,20170113134006616
43_0_3_20170119204554406.jpg,43,Male,0,Indian,3,20170119204554406
44_1_0_20170116222635275.jpg,44,Female,1,White,0,20170116222635275
26_0_1_20170116192055859.jpg,26,Male,0,Black,1,20170116192055859
46_0_0_20170119204805959.jpg,46,Male,0,White,0,20170119204805959
26_1_3_20170119193120649.jpg,26,Female,1,Indian,3,20170119193120649
26_1_3_20170117152925781.jpg,26,Female,1,Indian,3,20170117152925781
28_0_1_20170117020644358.jpg,28,Male,0,Black,1,20170117020644358
47_0_0_20170117190246626.jpg,47,Male,0,White,0,20170117190246626
35_1_0_20170103181812617.jpg,35,Female,1,White,0,20170103181812617
32_0_1_20170117140659728.jpg,32,Male,0,Black,1,20170117140659728
63_0_2_20170112224412180.jpg,63,Male,0,Asian,2,20170112224412180
35_1_3_20170117183034589.jpg,35,Female,1,Indian,3,20170117183034589
35_1_0_20170117170752436.jpg,35,Female,1,White,0,20170117170752436
50_1_0_20170113000711114.jpg,50,Female,1,White,0,20170113000711114
27_0_0_20170117175359640.jpg,27,Male,0,White,0,20170117175359640
35_0_1_20170117143158631.jpg,35,Male,0,Black,1,20170117143158631
28_0_1_20170116215824899.jpg,28,Male,0,Black,1,20170116215824899
28_0_1_20170113154856394.jpg,28,Male,0,Black,1,20170113154856394
26_1_3_20170104235435739.jpg,26,Female,1,Indian,3,20170104235435739
77_0_0_20170111222228671.jpg,77,Male,0,White,0,20170111222228671
58_0_0_20170117191847355.jpg,58,Male,0,White,0,20170117191847355
38_1_0_20170117154132795.jpg,38,Female,1,White,0,20170117154132795
54_0_0_20170113210319956.jpg,54,Male,0,White,0,20170113210319956
24_1_4_20170117194850412.jpg,24,Female,1,Others,4,20170117194850412
38_0_1_20170116233242125.jpg,38,Male,0,Black,1,20170116233242125
1_0_2_20161219162852759.jpg,1,Male,0,Asian,2,20161219162852759
21_1_0_20170116220220347.jpg,21,Female,1,White,0,20170116220220347
26_1_1_20170112213102254.jpg,26,Female,1,Black,1,20170112213102254
21_1_1_20170114031445759.jpg,21,Female,1,Black,1,20170114031445759
1_1_3_20161220145401126.jpg,1,Female,1,Indian,3,20161220145401126
8_1_4_20170109202358152.jpg,8,Female,1,Others,4,20170109202358152
1_1_2_20161219204636789.jpg,1,Female,1,Asian,2,20161219204636789
67_1_1_20170113185517320.jpg,67,Female,1,Black,1,20170113185517320
58_0_0_20170109013800693.jpg,58,Male,0,White,0,20170109013800693
39_1_0_20170104235806251.jpg,39,Female,1,White,0,20170104235806251
25_0_0_20170119145504925.jpg,25,Male,0,White,0,20170119145504925
55_0_3_20170119181425916.jpg,55,Male,0,Indian,3,20170119181425916
38_0_2_20170116173400198.jpg,38,Male,0,Asian,2,20170116173400198
34_0_3_20170119164730142.jpg,34,Male,0,Indian,3,20170119164730142
8_1_0_20170109203315965.jpg,8,Female,1,White,0,20170109203315965
47_0_0_20170117135932141.jpg,47,Male,0,White,0,20170117135932141
5_1_2_20161219194405259.jpg,5,Female,1,Asian,2,20161219194405259
26_0_1_20170116203607574.jpg,26,Male,0,Black,1,20170116203607574
40_0_3_20170119180356516.jpg,40,Male,0,Indian,3,20170119180356516
54_0_3_20170119201031709.jpg,54,Male,0,Indian,3,20170119201031709
35_0_2_20170116184036787.jpg,35,Male,0,Asian,2,20170116184036787
84_1_0_20170109150838156.jpg,84,Female,1,White,0,20170109150838156
56_0_0_20170120225933785.jpg,56,Male,0,White,0,20170120225933785
26_0_3_20170119180344516.jpg,26,Male,0,Indian,3,20170119180344516
60_1_0_20170110160643720.jpg,60,Female,1,White,0,20170110160643720
25_1_2_20170104021958662.jpg,25,Female,1,Asian,2,20170104021958662
1_1_4_20161221194943920.jpg,1,Female,1,Others,4,20161221194943920
12_1_0_20170104012017177.jpg,12,Female,1,White,0,20170104012017177
26_1_4_20170117174505182.jpg,26,Female,1,Others,4,20170117174505182
3_0_3_20161220145007862.jpg,3,Male,0,Indian,3,20161220145007862
26_1_2_20170104022532727.jpg,26,Female,1,Asian,2,20170104022532727
50_1_0_20170110143557981.jpg,50,Female,1,White,0,20170110143557981
1_0_2_20161219191035251.jpg,1,Male,0,Asian,2,20161219191035251
45_0_3_20170119194520650.jpg,45,Male,0,Indian,3,20170119194520650
27_1_1_20170114030435835.jpg,27,Female,1,Black,1,20170114030435835
25_0_0_20170116223127339.jpg,25,Male,0,White,0,20170116223127339
50_0_3_20170119205544079.jpg,50,Male,0,Indian,3,20170119205544079
38_0_1_20170113151753966.jpg,38,Male,0,Black,1,20170113151753966
35_0_0_20170117193222963.jpg,35,Male,0,White,0,20170117193222963
56_1_1_20170105163352795.jpg,56,Female,1,Black,1,20170105163352795
26_0_0_20170117003342340.jpg,26,Male,0,White,0,20170117003342340
26_1_1_20170112235913713.jpg,26,Female,1,Black,1,20170112235913713
28_1_2_20170116161343328.jpg,28,Female,1,Asian,2,20170116161343328
1_0_3_20161219190227867.jpg,1,Male,0,Indian,3,20161219190227867
23_1_0_20170117144757777.jpg,23,Female,1,White,0,20170117144757777
16_1_0_20170104012420681.jpg,16,Female,1,White,0,20170104012420681
1_1_0_20161220220141090.jpg,1,Female,1,White,0,20161220220141090
30_1_1_20170117133827950.jpg,30,Female,1,Black,1,20170117133827950
55_1_3_20170117154725038.jpg,55,Female,1,Indian,3,20170117154725038
14_1_0_20170109203340834.jpg,14,Female,1,White,0,20170109203340834
26_0_2_20170116175942111.jpg,26,Male,0,Asian,2,20170116175942111
30_0_0_20170117130615780.jpg,30,Male,0,White,0,20170117130615780
15_0_0_20170116211720424.jpg,15,Male,0,White,0,20170116211720424
67_0_1_20170113175755885.jpg,67,Male,0,Black,1,20170113175755885
24_1_2_20170116164559724.jpg,24,Female,1,Asian,2,20170116164559724
45_1_0_20170104205614347.jpg,45,Female,1,White,0,20170104205614347
26_1_3_20170119181305426.jpg,26,Female,1,Indian,3,20170119181305426
50_1_0_20170110141422320.jpg,50,Female,1,White,0,20170110141422320
48_1_0_20170119201528627.jpg,48,Female,1,White,0,20170119201528627
1_1_3_20161220143404575.jpg,1,Female,1,Indian,3,20161220143404575
26_1_0_20170112235918563.jpg,26,Female,1,White,0,20170112235918563
28_0_1_20170113155441306.jpg,28,Male,0,Black,1,20170113155441306
3_1_2_20161219190118219.jpg,3,Female,1,Asian,2,20161219190118219
3_1_2_20161219141356665.jpg,3,Female,1,Asian,2,20161219141356665
27_0_3_20170104214439206.jpg,27,Male,0,Indian,3,20170104214439206
7_0_0_20170110215620675.jpg,7,Male,0,White,0,20170110215620675
26_0_0_20170116193305807.jpg,26,Male,0,White,0,20170116193305807
26_1_3_20170104232435586.jpg,26,Female,1,Indian,3,20170104232435586
26_1_3_20170119153452146.jpg,26,Female,1,Indian,3,20170119153452146
32_1_1_20170114024717988.jpg,32,Female,1,Black,1,20170114024717988
21_0_1_20170116215700416.jpg,21,Male,0,Black,1,20170116215700416
42_1_0_20170117172734743.jpg,42,Female,1,White,0,20170117172734743
25_1_3_20170109213236360.jpg,25,Female,1,Indian,3,20170109213236360
54_0_3_20170117171122244.jpg,54,Male,0,Indian,3,20170117171122244
52_1_0_20170117145704297.jpg,52,Female,1,White,0,20170117145704297
15_1_4_20170103233441003.jpg,15,Female,1,Others,4,20170103233441003
1_1_0_20170109193120893.jpg,1,Female,1,White,0,20170109193120893
34_0_1_20170116003530809.jpg,34,Male,0,Black,1,20170116003530809
51_0_1_20170117173642448.jpg,51,Male,0,Black,1,20170117173642448
34_1_0_20170104174537956.jpg,34,Female,1,White,0,20170104174537956
58_0_3_20170119211712697.jpg,58,Male,0,Indian,3,20170119211712697
15_1_0_20170103201844088.jpg,15,Female,1,White,0,20170103201844088
60_0_0_20170109002333882.jpg,60,Male,0,White,0,20170109002333882
28_1_0_20170114032127194.jpg,28,Female,1,White,0,20170114032127194
8_1_4_20161223230045701.jpg,8,Female,1,Others,4,20161223230045701
65_0_0_20170120224023991.jpg,65,Male,0,White,0,20170120224023991
32_0_3_20170113190504936.jpg,32,Male,0,Indian,3,20170113190504936
36_1_0_20170109141845861.jpg,36,Female,1,White,0,20170109141845861
80_0_0_20170117175515838.jpg,80,Male,0,White,0,20170117175515838
35_1_0_20170109132412553.jpg,35,Female,1,White,0,20170109132412553
9_0_0_20170110225508509.jpg,9,Male,0,White,0,20170110225508509
55_0_0_20170117143101440.jpg,55,Male,0,White,0,20170117143101440
8_1_0_20170109204901514.jpg,8,Female,1,White,0,20170109204901514
60_0_1_20170120222729424.jpg,60,Male,0,Black,1,20170120222729424
58_0_3_20170119211700248.jpg,58,Male,0,Indian,3,20170119211700248
28_0_0_20170117120915648.jpg,28,Male,0,White,0,20170117120915648
34_0_1_20170113181625781.jpg,34,Male,0,Black,1,20170113181625781
39_0_1_20170117185039604.jpg,39,Male,0,Black,1,20170117185039604
26_0_1_20170116214531552.jpg,26,Male,0,Black,1,20170116214531552
36_1_2_20170105000458833.jpg,36,Female,1,Asian,2,20170105000458833
35_0_0_20170117170757093.jpg,35,Male,0,White,0,20170117170757093
26_0_3_20170119180341844.jpg,26,Male,0,Indian,3,20170119180341844
24_1_3_20170104231916690.jpg,24,Female,1,Indian,3,20170104231916690
22_1_3_20170119163753629.jpg,22,Female,1,Indian,3,20170119163753629
37_1_0_20170117183426542.jpg,37,Female,1,White,0,20170117183426542
80_0_0_20170117174434118.jpg,80,Male,0,White,0,20170117174434118
26_0_2_20170119184056247.jpg,26,Male,0,Asian,2,20170119184056247
75_1_0_20170110182151180.jpg,75,Female,1,White,0,20170110182151180
32_1_2_20170109141403511.jpg,32,Female,1,Asian,2,20170109141403511
35_1_0_20170105162344803.jpg,35,Female,1,White,0,20170105162344803
59_0_0_20170104212234005.jpg,59,Male,0,White,0,20170104212234005
35_1_3_20170117143024930.jpg,35,Female,1,Indian,3,20170117143024930
52_0_1_20170116010409058.jpg,52,Male,0,Black,1,20170116010409058
53_0_0_20170109002933938.jpg,53,Male,0,White,0,20170109002933938
36_1_1_20170112233335504.jpg,36,Female,1,Black,1,20170112233335504
30_1_1_20170112231841071.jpg,30,Female,1,Black,1,20170112231841071
55_0_0_20170120223717438.jpg,55,Male,0,White,0,20170120223717438
80_0_0_20170117204632601.jpg,80,Male,0,White,0,20170117204632601
29_0_0_20170117180942324.jpg,29,Male,0,White,0,20170117180942324
39_0_4_20170104202054058.jpg,39,Male,0,Others,4,20170104202054058
21_1_0_20170104234439209.jpg,21,Female,1,White,0,20170104234439209
81_1_0_20170120230536155.jpg,81,Female,1,White,0,20170120230536155
25_0_4_20170117195023516.jpg,25,Male,0,Others,4,20170117195023516
28_0_1_20170117022132855.jpg,28,Male,0,Black,1,20170117022132855
32_0_1_20170113145215078.jpg,32,Male,0,Black,1,20170113145215078
23_0_1_20170113195548821.jpg,23,Male,0,Black,1,20170113195548821
31_0_2_20170116193441821.jpg,31,Male,0,Asian,2,20170116193441821
28_1_2_20170116162147060.jpg,28,Female,1,Asian,2,20170116162147060
46_0_0_20170104204544691.jpg,46,Male,0,White,0,20170104204544691
41_0_1_20170117164137053.jpg,41,Male,0,Black,1,20170117164137053
3_0_3_20161219225157056.jpg,3,Male,0,Indian,3,20161219225157056
79_0_0_20170111222432817.jpg,79,Male,0,White,0,20170111222432817
28_0_2_20170116191256645.jpg,28,Male,0,Asian,2,20170116191256645
35_0_0_20170117134959477.jpg,35,Male,0,White,0,20170117134959477
68_1_0_20170109221126838.jpg,68,Female,1,White,0,20170109221126838
60_1_0_20170110122425732.jpg,60,Female,1,White,0,20170110122425732
48_0_3_20170119205356352.jpg,48,Male,0,Indian,3,20170119205356352
27_1_2_20170116163622032.jpg,27,Female,1,Asian,2,20170116163622032
1_0_3_20161219225445327.jpg,1,Male,0,Indian,3,20161219225445327
26_1_0_20170117175313606.jpg,26,Female,1,White,0,20170117175313606
28_1_3_20170119195103018.jpg,28,Female,1,Indian,3,20170119195103018
63_0_1_20170117194925787.jpg,63,Male,0,Black,1,20170117194925787
55_0_2_20170112222313915.jpg,55,Male,0,Asian,2,20170112222313915
32_0_3_20170119164310053.jpg,32,Male,0,Indian,3,20170119164310053
26_1_2_20170116163918033.jpg,26,Female,1,Asian,2,20170116163918033
30_1_3_20170117181352869.jpg,30,Female,1,Indian,3,20170117181352869
23_1_2_20170116172902847.jpg,23,Female,1,Asian,2,20170116172902847
35_1_0_20170104181321972.jpg,35,Female,1,White,0,20170104181321972
89_1_0_20170110183446677.jpg,89,Female,1,White,0,20170110183446677
60_0_0_20170117160236104.jpg,60,Male,0,White,0,20170117160236104
70_1_0_20170120133535645.jpg,70,Female,1,White,0,20170120133535645
77_1_0_20170110132442352.jpg,77,Female,1,White,0,20170110132442352
23_0_3_20170119164313321.jpg,23,Male,0,Indian,3,20170119164313321
28_0_2_20170116192652371.jpg,28,Male,0,Asian,2,20170116192652371
75_1_0_20170109150808608.jpg,75,Female,1,White,0,20170109150808608
60_0_0_20170119145422774.jpg,60,Male,0,White,0,20170119145422774
26_0_1_20170116204954485.jpg,26,Male,0,Black,1,20170116204954485
85_1_0_20170110183614616.jpg,85,Female,1,White,0,20170110183614616
35_0_0_20170120220454138.jpg,35,Male,0,White,0,20170120220454138
89_1_0_20170110183554182.jpg,89,Female,1,White,0,20170110183554182
17_1_0_20170109213916364.jpg,17,Female,1,White,0,20170109213916364
36_0_3_20170104220702798.jpg,36,Male,0,Indian,3,20170104220702798
59_0_0_20170104213214717.jpg,59,Male,0,White,0,20170104213214717
52_1_0_20170104210704511.jpg,52,Female,1,White,0,20170104210704511
1_0_4_20170103202331712.jpg,1,Male,0,Others,4,20170103202331712
24_1_0_20170117120938226.jpg,24,Female,1,White,0,20170117120938226
25_1_3_20170119171956657.jpg,25,Female,1,Indian,3,20170119171956657
10_0_4_20170103200409638.jpg,10,Male,0,Others,4,20170103200409638
31_1_0_20170104235124347.jpg,31,Female,1,White,0,20170104235124347
1_1_2_20161219162243182.jpg,1,Female,1,Asian,2,20161219162243182
36_0_2_20170116191926914.jpg,36,Male,0,Asian,2,20170116191926914
1_0_3_20161219225242908.jpg,1,Male,0,Indian,3,20161219225242908
34_0_3_20170119200611509.jpg,34,Male,0,Indian,3,20170119200611509
30_0_0_20170116222120436.jpg,30,Male,0,White,0,20170116222120436
52_0_0_20170104211941860.jpg,52,Male,0,White,0,20170104211941860
53_0_0_20170111171747396.jpg,53,Male,0,White,0,20170111171747396
1_0_4_20161221195115664.jpg,1,Male,0,Others,4,20161221195115664
40_1_1_20170113010444517.jpg,40,Female,1,Black,1,20170113010444517
4_1_3_20161220222145586.jpg,4,Female,1,Indian,3,20161220222145586
75_1_1_20170112211657821.jpg,75,Female,1,Black,1,20170112211657821
67_1_0_20170120224807800.jpg,67,Female,1,White,0,20170120224807800
62_1_1_20170117183835889.jpg,62,Female,1,Black,1,20170117183835889
78_1_0_20170120230525666.jpg,78,Female,1,White,0,20170120230525666
4_1_0_20170109192742824.jpg,4,Female,1,White,0,20170109192742824
58_0_3_20170119211718370.jpg,58,Male,0,Indian,3,20170119211718370
14_0_4_20170103200608359.jpg,14,Male,0,Others,4,20170103200608359
26_0_0_20170117200045150.jpg,26,Male,0,White,0,20170117200045150
34_0_3_20170119200731972.jpg,34,Male,0,Indian,3,20170119200731972
59_0_1_20170113182157557.jpg,59,Male,0,Black,1,20170113182157557
4_0_0_20170110213530901.jpg,4,Male,0,White,0,20170110213530901
26_1_4_20170103225928346.jpg,26,Female,1,Others,4,20170103225928346
41_0_0_20170117131149828.jpg,41,Male,0,White,0,20170117131149828
16_0_0_20170110232038257.jpg,16,Male,0,White,0,20170110232038257
28_1_0_20170104183435637.jpg,28,Female,1,White,0,20170104183435637
25_0_1_20170113133830608.jpg,25,Male,0,Black,1,20170113133830608
23_0_0_20170119163828336.jpg,23,Male,0,White,0,20170119163828336
45_1_0_20170110160643106.jpg,45,Female,1,White,0,20170110160643106
25_1_3_20170117140714944.jpg,25,Female,1,Indian,3,20170117140714944
35_0_2_20170116172943457.jpg,35,Male,0,Asian,2,20170116172943457
74_0_0_20170120230055728.jpg,74,Male,0,White,0,20170120230055728
26_1_1_20170116164056356.jpg,26,Female,1,Black,1,20170116164056356
56_0_0_20170104184930061.jpg,56,Male,0,White,0,20170104184930061
27_1_1_20170117164706491.jpg,27,Female,1,Black,1,20170117164706491
2_1_4_20161221195137728.jpg,2,Female,1,Others,4,20161221195137728
30_0_2_20170116173409625.jpg,30,Male,0,Asian,2,20170116173409625
30_1_2_20170116174548024.jpg,30,Female,1,Asian,2,20170116174548024
26_0_0_20170119180126156.jpg,26,Male,0,White,0,20170119180126156
37_0_0_20170104204438250.jpg,37,Male,0,White,0,20170104204438250
26_0_3_20170119184305598.jpg,26,Male,0,Indian,3,20170119184305598
63_0_3_20170119211953569.jpg,63,Male,0,Indian,3,20170119211953569
28_1_1_20170117125929515.jpg,28,Female,1,Black,1,20170117125929515
25_1_3_20170104234944475.jpg,25,Female,1,Indian,3,20170104234944475
36_1_1_20170114030712822.jpg,36,Female,1,Black,1,20170114030712822
2_1_0_20161219211753710.jpg,2,Female,1,White,0,20161219211753710
17_1_0_20170111182452732.jpg,17,Female,1,White,0,20170111182452732
14_1_0_20170103200819591.jpg,14,Female,1,White,0,20170103200819591
7_0_1_20170110220029050.jpg,7,Male,0,Black,1,20170110220029050
26_0_0_20170117172146059.jpg,26,Male,0,White,0,20170117172146059
66_0_0_20170120225919754.jpg,66,Male,0,White,0,20170120225919754
70_0_2_20170116173622688.jpg,70,Male,0,Asian,2,20170116173622688
29_0_1_20170108235740510.jpg,29,Male,0,Black,1,20170108235740510
24_1_2_20170116172739067.jpg,24,Female,1,Asian,2,20170116172739067
54_0_0_20170120223241564.jpg,54,Male,0,White,0,20170120223241564
65_1_0_20170110181703594.jpg,65,Female,1,White,0,20170110181703594
30_1_0_20170117170425322.jpg,30,Female,1,White,0,20170117170425322
34_0_3_20170119194724475.jpg,34,Male,0,Indian,3,20170119194724475
30_1_0_20170117174824936.jpg,30,Female,1,White,0,20170117174824936
52_1_0_20170113182810479.jpg,52,Female,1,White,0,20170113182810479
4_1_3_20161219225056888.jpg,4,Female,1,Indian,3,20161219225056888
2_0_2_20161219221701671.jpg,2,Male,0,Asian,2,20161219221701671
34_0_3_20170117182805214.jpg,34,Male,0,Indian,3,20170117182805214
30_0_3_20170119195801779.jpg,30,Male,0,Indian,3,20170119195801779
36_0_0_20170105170234235.jpg,36,Male,0,White,0,20170105170234235
14_0_0_20170110224528797.jpg,14,Male,0,White,0,20170110224528797
16_0_0_20170110231645188.jpg,16,Male,0,White,0,20170110231645188
84_1_0_20170110175644800.jpg,84,Female,1,White,0,20170110175644800
30_0_0_20170117171629282.jpg,30,Male,0,White,0,20170117171629282
26_1_1_20170112213308487.jpg,26,Female,1,Black,1,20170112213308487
26_1_2_20170116184246209.jpg,26,Female,1,Asian,2,20170116184246209
32_1_1_20170113000955116.jpg,32,Female,1,Black,1,20170113000955116
50_0_0_20170117135739223.jpg,50,Male,0,White,0,20170117135739223
1_1_1_20161219155940125.jpg,1,Female,1,Black,1,20161219155940125
28_0_1_20170116194234082.jpg,28,Male,0,Black,1,20170116194234082
30_1_0_20170117135302551.jpg,30,Female,1,White,0,20170117135302551
60_1_0_20170110141612400.jpg,60,Female,1,White,0,20170110141612400
18_1_0_20170117133441179.jpg,18,Female,1,White,0,20170117133441179
48_1_1_20170109220301068.jpg,48,Female,1,Black,1,20170109220301068
28_0_2_20170116190048260.jpg,28,Male,0,Asian,2,20170116190048260
1_0_0_20170110213015629.jpg,1,Male,0,White,0,20170110213015629
8_1_4_20170109201844552.jpg,8,Female,1,Others,4,20170109201844552
35_0_2_20170116164723099.jpg,35,Male,0,Asian,2,20170116164723099
35_0_1_20170117091619928.jpg,35,Male,0,Black,1,20170117091619928
75_0_1_20170111221655006.jpg,75,Male,0,Black,1,20170111221655006
21_1_2_20170116171706610.jpg,21,Female,1,Asian,2,20170116171706610
2_0_2_20161219202644971.jpg,2,Male,0,Asian,2,20161219202644971
24_1_0_20170104233906146.jpg,24,Female,1,White,0,20170104233906146
15_1_3_20170104221725742.jpg,15,Female,1,Indian,3,20170104221725742
18_0_0_20170117193153029.jpg,18,Male,0,White,0,20170117193153029
48_0_0_20170116222136433.jpg,48,Male,0,White,0,20170116222136433
66_1_0_20170105174521629.jpg,66,Female,1,White,0,20170105174521629
2_0_2_20161219191202354.jpg,2,Male,0,Asian,2,20161219191202354
17_1_0_20170104005759343.jpg,17,Female,1,White,0,20170104005759343
35_0_1_20170116022038426.jpg,35,Male,0,Black,1,20170116022038426
37_0_1_20170116002833730.jpg,37,Male,0,Black,1,20170116002833730
35_1_1_20170117194907090.jpg,35,Female,1,Black,1,20170117194907090
26_1_3_20170104222929063.jpg,26,Female,1,Indian,3,20170104222929063
45_0_3_20170119154224697.jpg,45,Male,0,Indian,3,20170119154224697
26_0_1_20170113135532482.jpg,26,Male,0,Black,1,20170113135532482
70_0_0_20170111200011745.jpg,70,Male,0,White,0,20170111200011745
24_0_3_20170117144123778.jpg,24,Male,0,Indian,3,20170117144123778
62_0_0_20170111210530412.jpg,62,Male,0,White,0,20170111210530412
1_1_2_20161219202741628.jpg,1,Female,1,Asian,2,20161219202741628
56_1_3_20170119192943673.jpg,56,Female,1,Indian,3,20170119192943673
30_1_0_20170117103601281.jpg,30,Female,1,White,0,20170117103601281
21_1_4_20170103223240255.jpg,21,Female,1,Others,4,20170103223240255
26_0_2_20170116181209519.jpg,26,Male,0,Asian,2,20170116181209519
12_1_4_20170109214232071.jpg,12,Female,1,Others,4,20170109214232071
22_1_1_20170116172633295.jpg,22,Female,1,Black,1,20170116172633295
35_0_0_20170119200925684.jpg,35,Male,0,White,0,20170119200925684
31_0_3_20170119195935948.jpg,31,Male,0,Indian,3,20170119195935948
80_1_0_20170110140603775.jpg,80,Female,1,White,0,20170110140603775
25_1_3_20170119151524280.jpg,25,Female,1,Indian,3,20170119151524280
26_1_3_20170119192313426.jpg,26,Female,1,Indian,3,20170119192313426
60_0_0_20170111202416395.jpg,60,Male,0,White,0,20170111202416395
20_1_2_20170103234750663.jpg,20,Female,1,Asian,2,20170103234750663
25_1_3_20161220221512186.jpg,25,Female,1,Indian,3,20161220221512186
26_1_1_20170116231832606.jpg,26,Female,1,Black,1,20170116231832606
16_0_0_20170110232307970.jpg,16,Male,0,White,0,20170110232307970
56_1_0_20170110124233302.jpg,56,Female,1,White,0,20170110124233302
45_1_0_20170109220540006.jpg,45,Female,1,White,0,20170109220540006
23_1_2_20170116173128603.jpg,23,Female,1,Asian,2,20170116173128603
26_1_2_20170116184657842.jpg,26,Female,1,Asian,2,20170116184657842
24_1_2_20170116174526687.jpg,24,Female,1,Asian,2,20170116174526687
37_1_1_20170116153302333.jpg,37,Female,1,Black,1,20170116153302333
22_1_1_20170112233701320.jpg,22,Female,1,Black,1,20170112233701320
50_0_0_20170104202456587.jpg,50,Male,0,White,0,20170104202456587
8_1_0_20170109203241741.jpg,8,Female,1,White,0,20170109203241741
38_1_1_20170104202534970.jpg,38,Female,1,Black,1,20170104202534970
25_1_1_20170116003309994.jpg,25,Female,1,Black,1,20170116003309994
37_0_4_20170104201910626.jpg,37,Male,0,Others,4,20170104201910626
26_0_0_20170113210127432.jpg,26,Male,0,White,0,20170113210127432
55_0_0_20170117190544306.jpg,55,Male,0,White,0,20170117190544306
40_1_0_20170117174656768.jpg,40,Female,1,White,0,20170117174656768
48_1_1_20170113190404873.jpg,48,Female,1,Black,1,20170113190404873
4_0_4_20161221202651241.jpg,4,Male,0,Others,4,20161221202651241
55_0_0_20170117171818853.jpg,55,Male,0,White,0,20170117171818853
58_0_0_20170111204009616.jpg,58,Male,0,White,0,20170111204009616
60_1_0_20170110152900163.jpg,60,Female,1,White,0,20170110152900163
55_0_0_20170120221936510.jpg,55,Male,0,White,0,20170120221936510
27_0_2_20170116161853757.jpg,27,Male,0,Asian,2,20170116161853757
26_0_2_20170116183029241.jpg,26,Male,0,Asian,2,20170116183029241
70_1_0_20170110152916950.jpg,70,Female,1,White,0,20170110152916950
45_1_1_20170117001154223.jpg,45,Female,1,Black,1,20170117001154223
20_1_1_20170112230742277.jpg,20,Female,1,Black,1,20170112230742277
45_0_4_20170117204342880.jpg,45,Male,0,Others,4,20170117204342880
38_0_0_20170105184043687.jpg,38,Male,0,White,0,20170105184043687
35_1_2_20170116191223232.jpg,35,Female,1,Asian,2,20170116191223232
50_0_3_20170119205600824.jpg,50,Male,0,Indian,3,20170119205600824
38_1_3_20170105003415085.jpg,38,Female,1,Indian,3,20170105003415085
18_1_0_20170117135802544.jpg,18,Female,1,White,0,20170117135802544
27_1_2_20170116175146257.jpg,27,Female,1,Asian,2,20170116175146257
38_0_0_20170117120920017.jpg,38,Male,0,White,0,20170117120920017
32_0_0_20170117182429685.jpg,32,Male,0,White,0,20170117182429685
59_1_1_20170116233345047.jpg,59,Female,1,Black,1,20170116233345047
60_0_2_20170116182752428.jpg,60,Male,0,Asian,2,20170116182752428
29_1_1_20170114032143096.jpg,29,Female,1,Black,1,20170114032143096
40_1_0_20170105164202500.jpg,40,Female,1,White,0,20170105164202500
24_0_0_20170117150120578.jpg,24,Male,0,White,0,20170117150120578
65_0_0_20170104184048158.jpg,65,Male,0,White,0,20170104184048158
39_0_0_20170117154432514.jpg,39,Male,0,White,0,20170117154432514
29_0_1_20170113173051227.jpg,29,Male,0,Black,1,20170113173051227
27_1_2_20170104022251917.jpg,27,Female,1,Asian,2,20170104022251917
56_0_1_20170117165152523.jpg,56,Male,0,Black,1,20170117165152523
46_0_0_20170108235049898.jpg,46,Male,0,White,0,20170108235049898
1_0_0_20170110212907649.jpg,1,Male,0,White,0,20170110212907649
49_0_3_20170119201615957.jpg,49,Male,0,Indian,3,20170119201615957
52_0_3_20170109140934624.jpg,52,Male,0,Indian,3,20170109140934624
43_0_0_20170117171818356.jpg,43,Male,0,White,0,20170117171818356
29_1_3_20170104223300263.jpg,29,Female,1,Indian,3,20170104223300263
35_0_1_20170116201805063.jpg,35,Male,0,Black,1,20170116201805063
35_1_1_20170112191127473.jpg,35,Female,1,Black,1,20170112191127473
62_0_3_20170104220837477.jpg,62,Male,0,Indian,3,20170104220837477
51_0_0_20170111171747325.jpg,51,Male,0,White,0,20170111171747325
26_1_2_20170104022654101.jpg,26,Female,1,Asian,2,20170104022654101
30_1_2_20170116191305000.jpg,30,Female,1,Asian,2,20170116191305000
22_0_0_20170112202935851.jpg,22,Male,0,White,0,20170112202935851
65_0_1_20170113174052843.jpg,65,Male,0,Black,1,20170113174052843
2_0_2_20161219211219902.jpg,2,Male,0,Asian,2,20161219211219902
53_0_3_20170119205806352.jpg,53,Male,0,Indian,3,20170119205806352
76_1_1_20170110182035970.jpg,76,Female,1,Black,1,20170110182035970
56_1_0_20170110152839709.jpg,56,Female,1,White,0,20170110152839709
54_1_0_20170104212730503.jpg,54,Female,1,White,0,20170104212730503
58_0_0_20170113185354432.jpg,58,Male,0,White,0,20170113185354432
66_0_3_20170119180856366.jpg,66,Male,0,Indian,3,20170119180856366
34_1_4_20170104165941169.jpg,34,Female,1,Others,4,20170104165941169
32_1_1_20170116021012241.jpg,32,Female,1,Black,1,20170116021012241
25_0_0_20170117140932120.jpg,25,Male,0,White,0,20170117140932120
32_0_2_20170116221122729.jpg,32,Male,0,Asian,2,20170116221122729
36_1_1_20170113001658573.jpg,36,Female,1,Black,1,20170113001658573
76_0_2_20170117194539514.jpg,76,Male,0,Asian,2,20170117194539514
35_1_2_20170112191512046.jpg,35,Female,1,Asian,2,20170112191512046
28_1_3_20170119194934347.jpg,28,Female,1,Indian,3,20170119194934347
49_1_4_20170104235649484.jpg,49,Female,1,Others,4,20170104235649484
34_0_3_20170119160235323.jpg,34,Male,0,Indian,3,20170119160235323
26_0_1_20170113155100771.jpg,26,Male,0,Black,1,20170113155100771
15_0_0_20170110232452356.jpg,15,Male,0,White,0,20170110232452356
42_1_0_20170120221629278.jpg,42,Female,1,White,0,20170120221629278
46_0_3_20170119183449213.jpg,46,Male,0,Indian,3,20170119183449213
36_1_1_20170115235941456.jpg,36,Female,1,Black,1,20170115235941456
32_1_1_20170112235029546.jpg,32,Female,1,Black,1,20170112235029546
34_0_3_20170119200628579.jpg,34,Male,0,Indian,3,20170119200628579
21_0_1_20170116215541940.jpg,21,Male,0,Black,1,20170116215541940
43_0_3_20170119202025045.jpg,43,Male,0,Indian,3,20170119202025045
26_1_1_20170113011825553.jpg,26,Female,1,Black,1,20170113011825553
19_0_0_20170103201556447.jpg,19,Male,0,White,0,20170103201556447
68_0_1_20170111194909799.jpg,68,Male,0,Black,1,20170111194909799
30_0_1_20170116025831395.jpg,30,Male,0,Black,1,20170116025831395
39_0_0_20170103183230555.jpg,39,Male,0,White,0,20170103183230555
50_0_1_20170120220929108.jpg,50,Male,0,Black,1,20170120220929108
76_1_0_20170110182941342.jpg,76,Female,1,White,0,20170110182941342
26_1_3_20170119180415252.jpg,26,Female,1,Indian,3,20170119180415252
79_0_2_20170112224730972.jpg,79,Male,0,Asian,2,20170112224730972
51_0_0_20170113183747149.jpg,51,Male,0,White,0,20170113183747149
55_0_0_20170120221314028.jpg,55,Male,0,White,0,20170120221314028
28_0_1_20170116202028662.jpg,28,Male,0,Black,1,20170116202028662
32_0_0_20170116232949988.jpg,32,Male,0,White,0,20170116232949988
18_1_2_20170104020418380.jpg,18,Female,1,Asian,2,20170104020418380
55_1_0_20170109132147662.jpg,55,Female,1,White,0,20170109132147662
25_1_0_20170117141421609.jpg,25,Female,1,White,0,20170117141421609
36_1_3_20170119202138661.jpg,36,Female,1,Indian,3,20170119202138661
1_1_2_20161219153256492.jpg,1,Female,1,Asian,2,20161219153256492
1_0_2_20161219205702141.jpg,1,Male,0,Asian,2,20161219205702141
43_1_1_20170105172848997.jpg,43,Female,1,Black,1,20170105172848997
34_0_1_20170113135659457.jpg,34,Male,0,Black,1,20170113135659457
7_1_1_20170116225209209.jpg,7,Female,1,Black,1,20170116225209209
35_0_0_20170117134938738.jpg,35,Male,0,White,0,20170117134938738
43_1_0_20170117155108211.jpg,43,Female,1,White,0,20170117155108211
50_1_3_20170109134207312.jpg,50,Female,1,Indian,3,20170109134207312
30_0_0_20170116221857954.jpg,30,Male,0,White,0,20170116221857954
30_0_4_20170104201527594.jpg,30,Male,0,Others,4,20170104201527594
27_0_1_20170114031440930.jpg,27,Male,0,Black,1,20170114031440930
2_0_2_20161219212403166.jpg,2,Male,0,Asian,2,20161219212403166
45_0_0_20170117170741266.jpg,45,Male,0,White,0,20170117170741266
52_1_0_20170104212301653.jpg,52,Female,1,White,0,20170104212301653
32_0_4_20170104170633305.jpg,32,Male,0,Others,4,20170104170633305
34_0_0_20170116191654862.jpg,34,Male,0,White,0,20170116191654862
5_1_2_20161219205338333.jpg,5,Female,1,Asian,2,20161219205338333
75_0_1_20170117183723984.jpg,75,Male,0,Black,1,20170117183723984
85_1_0_20170110180123239.jpg,85,Female,1,White,0,20170110180123239
63_0_0_20170111222203870.jpg,63,Male,0,White,0,20170111222203870
2_1_1_20170109194445412.jpg,2,Female,1,Black,1,20170109194445412
8_1_0_20170109202926726.jpg,8,Female,1,White,0,20170109202926726
85_1_0_20170111205811953.jpg,85,Female,1,White,0,20170111205811953
35_0_3_20170119201449076.jpg,35,Male,0,Indian,3,20170119201449076
72_0_0_20170120225636180.jpg,72,Male,0,White,0,20170120225636180
40_1_1_20170112231504476.jpg,40,Female,1,Black,1,20170112231504476
52_1_0_20170109221143312.jpg,52,Female,1,White,0,20170109221143312
27_0_0_20170117012806890.jpg,27,Male,0,White,0,20170117012806890
26_0_1_20170117172711486.jpg,26,Male,0,Black,1,20170117172711486
58_0_3_20170119211656985.jpg,58,Male,0,Indian,3,20170119211656985
32_1_0_20170112224814924.jpg,32,Female,1,White,0,20170112224814924
25_1_0_20170103181255384.jpg,25,Female,1,White,0,20170103181255384
26_1_3_20170119193045378.jpg,26,Female,1,Indian,3,20170119193045378
1_1_0_20170109191415528.jpg,1,Female,1,White,0,20170109191415528
2_0_2_20161219152009555.jpg,2,Male,0,Asian,2,20161219152009555
35_0_3_20170105172520740.jpg,35,Male,0,Indian,3,20170105172520740
17_1_0_20170109212954942.jpg,17,Female,1,White,0,20170109212954942
26_0_0_20170108235818665.jpg,26,Male,0,White,0,20170108235818665
28_1_2_20170116164621666.jpg,28,Female,1,Asian,2,20170116164621666
74_0_0_20170111222222432.jpg,74,Male,0,White,0,20170111222222432
1_1_0_20170109194117865.jpg,1,Female,1,White,0,20170109194117865
24_1_0_20170116174513932.jpg,24,Female,1,White,0,20170116174513932
54_0_0_20170113161336995.jpg,54,Male,0,White,0,20170113161336995
31_1_3_20170104234902482.jpg,31,Female,1,Indian,3,20170104234902482
23_1_3_20170104231807345.jpg,23,Female,1,Indian,3,20170104231807345
25_0_2_20170116175215147.jpg,25,Male,0,Asian,2,20170116175215147
62_1_3_20170105000830708.jpg,62,Female,1,Indian,3,20170105000830708
30_1_2_20170108234540565.jpg,30,Female,1,Asian,2,20170108234540565
35_0_3_20170117152630820.jpg,35,Male,0,Indian,3,20170117152630820
26_1_0_20170117003258343.jpg,26,Female,1,White,0,20170117003258343
34_1_1_20170113000209880.jpg,34,Female,1,Black,1,20170113000209880
35_0_4_20170117181019980.jpg,35,Male,0,Others,4,20170117181019980
8_0_0_20170103210941483.jpg,8,Male,0,White,0,20170103210941483
34_1_3_20170119200846595.jpg,34,Female,1,Indian,3,20170119200846595
4_1_0_20170109193547686.jpg,4,Female,1,White,0,20170109193547686
23_1_1_20170112234052856.jpg,23,Female,1,Black,1,20170112234052856
28_0_4_20170117202327093.jpg,28,Male,0,Others,4,20170117202327093
36_0_1_20170113161458922.jpg,36,Male,0,Black,1,20170113161458922
34_0_1_20170113135745306.jpg,34,Male,0,Black,1,20170113135745306
45_0_0_20170117135621471.jpg,45,Male,0,White,0,20170117135621471
15_1_1_20170104005130400.jpg,15,Female,1,Black,1,20170104005130400
1_1_2_20161219155353413.jpg,1,Female,1,Asian,2,20161219155353413
73_0_0_20170111205646002.jpg,73,Male,0,White,0,20170111205646002
40_0_1_20170117170126359.jpg,40,Male,0,Black,1,20170117170126359
26_1_0_20170116235012961.jpg,26,Female,1,White,0,20170116235012961
29_1_4_20170103230141555.jpg,29,Female,1,Others,4,20170103230141555
33_1_0_20170117171111730.jpg,33,Female,1,White,0,20170117171111730
70_0_0_20170117174803325.jpg,70,Male,0,White,0,20170117174803325
54_0_0_20170117171455802.jpg,54,Male,0,White,0,20170117171455802
31_0_1_20170116220207245.jpg,31,Male,0,Black,1,20170116220207245
2_0_0_20170110213349752.jpg,2,Male,0,White,0,20170110213349752
11_0_0_20170104012556563.jpg,11,Male,0,White,0,20170104012556563
26_0_1_20170113152216521.jpg,26,Male,0,Black,1,20170113152216521
10_1_0_20170109204244904.jpg,10,Female,1,White,0,20170109204244904
30_0_0_20170117131025845.jpg,30,Male,0,White,0,20170117131025845
23_1_2_20170116172817773.jpg,23,Female,1,Asian,2,20170116172817773
25_1_1_20170112205059883.jpg,25,Female,1,Black,1,20170112205059883
26_0_0_20170117172056035.jpg,26,Male,0,White,0,20170117172056035
34_0_0_20170104204404531.jpg,34,Male,0,White,0,20170104204404531
57_0_0_20170120223908110.jpg,57,Male,0,White,0,20170120223908110
54_0_0_20170104213004356.jpg,54,Male,0,White,0,20170104213004356
39_1_0_20170105172637013.jpg,39,Female,1,White,0,20170105172637013
25_1_4_20170117193813573.jpg,25,Female,1,Others,4,20170117193813573
25_1_3_20170104231501635.jpg,25,Female,1,Indian,3,20170104231501635
26_1_2_20170116184100913.jpg,26,Female,1,Asian,2,20170116184100913
20_1_0_20170117141213281.jpg,20,Female,1,White,0,20170117141213281
26_0_0_20170120134250839.jpg,26,Male,0,White,0,20170120134250839
17_0_4_20170102234904707.jpg,17,Male,0,Others,4,20170102234904707
2_1_2_20161219211255317.jpg,2,Female,1,Asian,2,20161219211255317
26_1_0_20170117201629485.jpg,26,Female,1,White,0,20170117201629485
12_1_3_20170104223643593.jpg,12,Female,1,Indian,3,20170104223643593
40_0_3_20170117131047444.jpg,40,Male,0,Indian,3,20170117131047444
25_1_0_20170117142901203.jpg,25,Female,1,White,0,20170117142901203
90_0_0_20170111210220723.jpg,90,Male,0,White,0,20170111210220723
30_1_3_20170119205414159.jpg,30,Female,1,Indian,3,20170119205414159
3_1_0_20170109192006973.jpg,3,Female,1,White,0,20170109192006973
53_1_0_20170120223149451.jpg,53,Female,1,White,0,20170120223149451
32_1_1_20170113000027033.jpg,32,Female,1,Black,1,20170113000027033
1_1_2_20161219200230867.jpg,1,Female,1,Asian,2,20161219200230867
80_0_1_20170116003703261.jpg,80,Male,0,Black,1,20170116003703261
3_0_2_20161219190447811.jpg,3,Male,0,Asian,2,20161219190447811
51_1_1_20170113010949270.jpg,51,Female,1,Black,1,20170113010949270
50_0_3_20170119205543104.jpg,50,Male,0,Indian,3,20170119205543104
12_0_0_20170110225540554.jpg,12,Male,0,White,0,20170110225540554
5_0_2_20161219192503459.jpg,5,Male,0,Asian,2,20161219192503459
85_0_2_20170112224655914.jpg,85,Male,0,Asian,2,20170112224655914
59_1_2_20170104212726717.jpg,59,Female,1,Asian,2,20170104212726717
14_0_4_20170103201644927.jpg,14,Male,0,Others,4,20170103201644927
26_1_0_20170117091502729.jpg,26,Female,1,White,0,20170117091502729
15_0_0_20170104013333801.jpg,15,Male,0,White,0,20170104013333801
18_1_0_20170109214512153.jpg,18,Female,1,White,0,20170109214512153
4_0_0_20170110213500051.jpg,4,Male,0,White,0,20170110213500051
8_0_0_20170110220143955.jpg,8,Male,0,White,0,20170110220143955
53_0_4_20170104184621374.jpg,53,Male,0,Others,4,20170104184621374
58_0_1_20170117193630275.jpg,58,Male,0,Black,1,20170117193630275
10_1_0_20170109203905538.jpg,10,Female,1,White,0,20170109203905538
12_1_3_20170117152932909.jpg,12,Female,1,Indian,3,20170117152932909
18_1_1_20170116164854853.jpg,18,Female,1,Black,1,20170116164854853
58_0_0_20170119211727401.jpg,58,Male,0,White,0,20170119211727401
14_1_2_20170104021105972.jpg,14,Female,1,Asian,2,20170104021105972
77_0_1_20170117173757948.jpg,77,Male,0,Black,1,20170117173757948
30_0_1_20170117094442927.jpg,30,Male,0,Black,1,20170117094442927
31_0_3_20170119195953620.jpg,31,Male,0,Indian,3,20170119195953620
14_1_1_20170112230439326.jpg,14,Female,1,Black,1,20170112230439326
24_1_1_20170113011232616.jpg,24,Female,1,Black,1,20170113011232616
35_1_0_20170116235700676.jpg,35,Female,1,White,0,20170116235700676
20_0_3_20170119151327694.jpg,20,Male,0,Indian,3,20170119151327694
54_0_3_20170119210128472.jpg,54,Male,0,Indian,3,20170119210128472
50_0_0_20170117091017638.jpg,50,Male,0,White,0,20170117091017638
16_0_0_20170116235030195.jpg,16,Male,0,White,0,20170116235030195
3_1_4_20161221192845405.jpg,3,Female,1,Others,4,20161221192845405
2_1_2_20161219202825380.jpg,2,Female,1,Asian,2,20161219202825380
34_0_2_20170119200711947.jpg,34,Male,0,Asian,2,20170119200711947
40_0_1_20170116203957000.jpg,40,Male,0,Black,1,20170116203957000
8_0_0_20170117175648380.jpg,8,Male,0,White,0,20170117175648380
49_1_3_20170104231642491.jpg,49,Female,1,Indian,3,20170104231642491
19_1_2_20170104015921814.jpg,19,Female,1,Asian,2,20170104015921814
32_0_0_20170111181750357.jpg,32,Male,0,White,0,20170111181750357
66_1_0_20170110175837753.jpg,66,Female,1,White,0,20170110175837753
26_1_0_20170117200527405.jpg,26,Female,1,White,0,20170117200527405
4_1_0_20170109190923998.jpg,4,Female,1,White,0,20170109190923998
24_1_4_20170103224910931.jpg,24,Female,1,Others,4,20170103224910931
26_1_2_20170116163558042.jpg,26,Female,1,Asian,2,20170116163558042
2_0_0_20170110211501002.jpg,2,Male,0,White,0,20170110211501002
78_0_1_20170117193425610.jpg,78,Male,0,Black,1,20170117193425610
31_1_0_20170103183812243.jpg,31,Female,1,White,0,20170103183812243
28_0_0_20170120134320743.jpg,28,Male,0,White,0,20170120134320743
1_0_3_20161219230032969.jpg,1,Male,0,Indian,3,20161219230032969
30_1_3_20170119195853443.jpg,30,Female,1,Indian,3,20170119195853443
66_0_4_20170104185439302.jpg,66,Male,0,Others,4,20170104185439302
26_0_1_20170113151659634.jpg,26,Male,0,Black,1,20170113151659634
29_1_4_20170103230245713.jpg,29,Female,1,Others,4,20170103230245713
30_1_0_20170120133648501.jpg,30,Female,1,White,0,20170120133648501
29_0_1_20170117103813080.jpg,29,Male,0,Black,1,20170117103813080
1_0_3_20161220220038618.jpg,1,Male,0,Indian,3,20161220220038618
26_1_2_20170116175508654.jpg,26,Female,1,Asian,2,20170116175508654
31_1_1_20170116233436288.jpg,31,Female,1,Black,1,20170116233436288
33_0_3_20170117152711252.jpg,33,Male,0,Indian,3,20170117152711252
25_1_3_20170117151955147.jpg,25,Female,1,Indian,3,20170117151955147
36_0_0_20170104205158732.jpg,36,Male,0,White,0,20170104205158732
40_0_3_20170117181129612.jpg,40,Male,0,Indian,3,20170117181129612
30_0_3_20170117130709884.jpg,30,Male,0,Indian,3,20170117130709884
27_1_1_20170113011433800.jpg,27,Female,1,Black,1,20170113011433800
42_1_0_20170104181529757.jpg,42,Female,1,White,0,20170104181529757
4_0_2_20161219194145563.jpg,4,Male,0,Asian,2,20161219194145563
26_0_1_20170113154903732.jpg,26,Male,0,Black,1,20170113154903732
24_1_2_20170116165051346.jpg,24,Female,1,Asian,2,20170116165051346
8_1_0_20170109203450522.jpg,8,Female,1,White,0,20170109203450522
49_0_0_20170103182824970.jpg,49,Male,0,White,0,20170103182824970
28_1_3_20170109140238810.jpg,28,Female,1,Indian,3,20170109140238810
45_0_3_20170119204138943.jpg,45,Male,0,Indian,3,20170119204138943
76_0_0_20170111201944904.jpg,76,Male,0,White,0,20170111201944904
1_1_0_20161219205534526.jpg,1,Female,1,White,0,20161219205534526
39_0_0_20170111181750371.jpg,39,Male,0,White,0,20170111181750371
25_1_0_20170116204011908.jpg,25,Female,1,White,0,20170116204011908
12_1_0_20170109203424756.jpg,12,Female,1,White,0,20170109203424756
42_0_0_20170116205352497.jpg,42,Male,0,White,0,20170116205352497
50_1_0_20170120220951100.jpg,50,Female,1,White,0,20170120220951100
25_1_1_20170112191319941.jpg,25,Female,1,Black,1,20170112191319941
42_0_0_20170116224637121.jpg,42,Male,0,White,0,20170116224637121
26_0_3_20170117173025404.jpg,26,Male,0,Indian,3,20170117173025404
58_0_0_20170120224018686.jpg,58,Male,0,White,0,20170120224018686
46_0_1_20170113142208515.jpg,46,Male,0,Black,1,20170113142208515
65_1_0_20170110125535454.jpg,65,Female,1,White,0,20170110125535454
30_1_3_20170117181328835.jpg,30,Female,1,Indian,3,20170117181328835
29_1_0_20170117130620465.jpg,29,Female,1,White,0,20170117130620465
24_0_3_20170117150025331.jpg,24,Male,0,Indian,3,20170117150025331
29_1_0_20170103183548206.jpg,29,Female,1,White,0,20170103183548206
42_0_0_20170117135611209.jpg,42,Male,0,White,0,20170117135611209
68_0_3_20170113185529025.jpg,68,Male,0,Indian,3,20170113185529025
26_0_3_20170119181428332.jpg,26,Male,0,Indian,3,20170119181428332
40_1_1_20170117154203322.jpg,40,Female,1,Black,1,20170117154203322
35_1_0_20170117092628774.jpg,35,Female,1,White,0,20170117092628774
40_0_0_20170117182249476.jpg,40,Male,0,White,0,20170117182249476
1_0_2_20161219204848341.jpg,1,Male,0,Asian,2,20161219204848341
32_1_1_20170114030326243.jpg,32,Female,1,Black,1,20170114030326243
35_1_1_20170117183053534.jpg,35,Female,1,Black,1,20170117183053534
82_1_0_20170120225739329.jpg,82,Female,1,White,0,20170120225739329
35_1_0_20170117143853082.jpg,35,Female,1,White,0,20170117143853082
26_1_4_20170117201855518.jpg,26,Female,1,Others,4,20170117201855518
28_1_0_20170104181556245.jpg,28,Female,1,White,0,20170104181556245
43_1_0_20170117155106415.jpg,43,Female,1,White,0,20170117155106415
2_0_2_20161219141147608.jpg,2,Male,0,Asian,2,20161219141147608
54_0_0_20170104212537133.jpg,54,Male,0,White,0,20170104212537133
32_1_2_20170109135928794.jpg,32,Female,1,Asian,2,20170109135928794
26_1_3_20170117174445062.jpg,26,Female,1,Indian,3,20170117174445062
26_0_2_20170116165230359.jpg,26,Male,0,Asian,2,20170116165230359
34_0_4_20170105161411273.jpg,34,Male,0,Others,4,20170105161411273
59_0_0_20170104212933919.jpg,59,Male,0,White,0,20170104212933919
3_1_2_20161219140828120.jpg,3,Female,1,Asian,2,20161219140828120
39_0_0_20170104205154433.jpg,39,Male,0,White,0,20170104205154433
34_1_1_20170116231528550.jpg,34,Female,1,Black,1,20170116231528550
29_0_3_20170119195113147.jpg,29,Male,0,Indian,3,20170119195113147
47_0_4_20170104002129509.jpg,47,Male,0,Others,4,20170104002129509
37_1_0_20170117160423705.jpg,37,Female,1,White,0,20170117160423705
62_0_1_20170117175059690.jpg,62,Male,0,Black,1,20170117175059690
25_0_3_20170119171549168.jpg,25,Male,0,Indian,3,20170119171549168
30_0_3_20170117144419843.jpg,30,Male,0,Indian,3,20170117144419843
28_0_0_20170116212026440.jpg,28,Male,0,White,0,20170116212026440
52_0_0_20170104212253932.jpg,52,Male,0,White,0,20170104212253932
110_1_1_20170110155201038.jpg,110,Female,1,Black,1,20170110155201038
31_0_3_20170104230731169.jpg,31,Male,0,Indian,3,20170104230731169
64_0_0_20170104185416238.jpg,64,Male,0,White,0,20170104185416238
29_1_1_20170117190515909.jpg,29,Female,1,Black,1,20170117190515909
40_0_0_20170104205931291.jpg,40,Male,0,White,0,20170104205931291
22_1_4_20170103225112465.jpg,22,Female,1,Others,4,20170103225112465
80_0_0_20170111210128898.jpg,80,Male,0,White,0,20170111210128898
73_0_0_20170117195327991.jpg,73,Male,0,White,0,20170117195327991
33_0_0_20170116232429422.jpg,33,Male,0,White,0,20170116232429422
25_1_1_20170116003425155.jpg,25,Female,1,Black,1,20170116003425155
41_1_1_20170117194317075.jpg,41,Female,1,Black,1,20170117194317075
26_0_2_20170103181248536.jpg,26,Male,0,Asian,2,20170103181248536
1_1_3_20161220143202710.jpg,1,Female,1,Indian,3,20161220143202710
63_0_0_20170113173302611.jpg,63,Male,0,White,0,20170113173302611
34_0_0_20170117134910165.jpg,34,Male,0,White,0,20170117134910165
31_0_3_20170104232355440.jpg,31,Male,0,Indian,3,20170104232355440
24_1_0_20170117150911661.jpg,24,Female,1,White,0,20170117150911661
28_1_1_20170113005333198.jpg,28,Female,1,Black,1,20170113005333198
26_0_3_20170119184110103.jpg,26,Male,0,Indian,3,20170119184110103
28_1_1_20170117121931617.jpg,28,Female,1,Black,1,20170117121931617
54_0_0_20170117163724762.jpg,54,Male,0,White,0,20170117163724762
54_1_3_20170119202248869.jpg,54,Female,1,Indian,3,20170119202248869
35_0_3_20170117000810969.jpg,35,Male,0,Indian,3,20170117000810969
33_1_3_20170119200544140.jpg,33,Female,1,Indian,3,20170119200544140
37_0_0_20170117135928574.jpg,37,Male,0,White,0,20170117135928574
60_0_0_20170120222339215.jpg,60,Male,0,White,0,20170120222339215
43_1_1_20170116233041044.jpg,43,Female,1,Black,1,20170116233041044
85_1_0_20170110183700308.jpg,85,Female,1,White,0,20170110183700308
26_1_3_20170117153041485.jpg,26,Female,1,Indian,3,20170117153041485
15_0_3_20170104225537649.jpg,15,Male,0,Indian,3,20170104225537649
43_0_1_20170113184629512.jpg,43,Male,0,Black,1,20170113184629512
9_0_2_20170110215503716.jpg,9,Male,0,Asian,2,20170110215503716
58_0_0_20170117143055861.jpg,58,Male,0,White,0,20170117143055861
60_0_0_20170117135052544.jpg,60,Male,0,White,0,20170117135052544
25_1_0_20170117152149428.jpg,25,Female,1,White,0,20170117152149428
40_0_0_20170117141747634.jpg,40,Male,0,White,0,20170117141747634
52_1_0_20170103163702176.jpg,52,Female,1,White,0,20170103163702176
28_0_0_20170113132803105.jpg,28,Male,0,White,0,20170113132803105
18_0_1_20170113132626633.jpg,18,Male,0,Black,1,20170113132626633
32_1_0_20170104171643865.jpg,32,Female,1,White,0,20170104171643865
15_0_0_20170116201123807.jpg,15,Male,0,White,0,20170116201123807
36_1_1_20170117170752063.jpg,36,Female,1,Black,1,20170117170752063
62_0_0_20170111193832899.jpg,62,Male,0,White,0,20170111193832899
27_1_3_20170116173028210.jpg,27,Female,1,Indian,3,20170116173028210
3_0_0_20170110212956113.jpg,3,Male,0,White,0,20170110212956113
1_1_1_20170109194554835.jpg,1,Female,1,Black,1,20170109194554835
48_0_3_20170109142337247.jpg,48,Male,0,Indian,3,20170109142337247
8_1_0_20170109205416266.jpg,8,Female,1,White,0,20170109205416266
20_0_1_20170113132411433.jpg,20,Male,0,Black,1,20170113132411433
2_1_4_20170103210129538.jpg,2,Female,1,Others,4,20170103210129538
31_0_1_20170117135549723.jpg,31,Male,0,Black,1,20170117135549723
28_1_1_20170113001655787.jpg,28,Female,1,Black,1,20170113001655787
9_0_0_20170110220559873.jpg,9,Male,0,White,0,20170110220559873
48_0_1_20170117171859064.jpg,48,Male,0,Black,1,20170117171859064
2_1_4_20170103213317172.jpg,2,Female,1,Others,4,20170103213317172
22_1_3_20170104222857952.jpg,22,Female,1,Indian,3,20170104222857952
22_0_0_20170117134653966.jpg,22,Male,0,White,0,20170117134653966
61_0_0_20170117194619461.jpg,61,Male,0,White,0,20170117194619461
5_0_0_20170110220356210.jpg,5,Male,0,White,0,20170110220356210
35_1_0_20170117183056734.jpg,35,Female,1,White,0,20170117183056734
37_1_1_20170112212055549.jpg,37,Female,1,Black,1,20170112212055549
40_0_0_20170117182908711.jpg,40,Male,0,White,0,20170117182908711
22_1_1_20170114025217323.jpg,22,Female,1,Black,1,20170114025217323
1_0_1_20170110213808936.jpg,1,Male,0,Black,1,20170110213808936
40_0_0_20170120221448239.jpg,40,Male,0,White,0,20170120221448239
24_1_0_20170117150424339.jpg,24,Female,1,White,0,20170117150424339
1_1_3_20161220145228183.jpg,1,Female,1,Indian,3,20161220145228183
50_0_0_20170120222230975.jpg,50,Male,0,White,0,20170120222230975
27_0_2_20170116165157609.jpg,27,Male,0,Asian,2,20170116165157609
35_0_3_20170119201026253.jpg,35,Male,0,Indian,3,20170119201026253
27_1_3_20170104223444183.jpg,27,Female,1,Indian,3,20170104223444183
21_1_4_20170104005731615.jpg,21,Female,1,Others,4,20170104005731615
24_1_3_20170104231950346.jpg,24,Female,1,Indian,3,20170104231950346
43_0_1_20170116210444779.jpg,43,Male,0,Black,1,20170116210444779
45_1_0_20170110151448578.jpg,45,Female,1,White,0,20170110151448578
21_1_3_20170104222105822.jpg,21,Female,1,Indian,3,20170104222105822
52_0_3_20170119205638160.jpg,52,Male,0,Indian,3,20170119205638160
25_1_2_20170104022416501.jpg,25,Female,1,Asian,2,20170104022416501
72_0_2_20170112205400276.jpg,72,Male,0,Asian,2,20170112205400276
30_1_1_20170112215039472.jpg,30,Female,1,Black,1,20170112215039472
36_0_0_20170117153823071.jpg,36,Male,0,White,0,20170117153823071
35_0_4_20170117204355896.jpg,35,Male,0,Others,4,20170117204355896
28_1_1_20170117020452350.jpg,28,Female,1,Black,1,20170117020452350
1_0_0_20161219203657925.jpg,1,Male,0,White,0,20161219203657925
18_1_0_20170109214749825.jpg,18,Female,1,White,0,20170109214749825
34_1_1_20170116021114210.jpg,34,Female,1,Black,1,20170116021114210
1_1_2_20161219151127243.jpg,1,Female,1,Asian,2,20161219151127243
36_0_1_20170116024228249.jpg,36,Male,0,Black,1,20170116024228249
18_0_1_20170113132627873.jpg,18,Male,0,Black,1,20170113132627873
70_1_0_20170110122949483.jpg,70,Female,1,White,0,20170110122949483
14_1_0_20170109201824270.jpg,14,Female,1,White,0,20170109201824270
26_1_3_20170119193117522.jpg,26,Female,1,Indian,3,20170119193117522
4_0_0_20170110224413618.jpg,4,Male,0,White,0,20170110224413618
36_1_1_20170116014314127.jpg,36,Female,1,Black,1,20170116014314127
18_1_0_20170117140504776.jpg,18,Female,1,White,0,20170117140504776
5_1_4_20161223230106795.jpg,5,Female,1,Others,4,20161223230106795
35_1_0_20170117185628434.jpg,35,Female,1,White,0,20170117185628434
26_1_2_20170116175847741.jpg,26,Female,1,Asian,2,20170116175847741
72_0_1_20170113184626575.jpg,72,Male,0,Black,1,20170113184626575
26_0_0_20170117172222445.jpg,26,Male,0,White,0,20170117172222445
20_0_0_20170117140628568.jpg,20,Male,0,White,0,20170117140628568
35_0_1_20170117190123993.jpg,35,Male,0,Black,1,20170117190123993
37_1_0_20170105170228540.jpg,37,Female,1,White,0,20170105170228540
35_1_4_20170117203924087.jpg,35,Female,1,Others,4,20170117203924087
38_1_1_20170104234648395.jpg,38,Female,1,Black,1,20170104234648395
28_0_1_20170117021201719.jpg,28,Male,0,Black,1,20170117021201719
88_1_3_20170110182157752.jpg,88,Female,1,Indian,3,20170110182157752
7_0_2_20161219193457075.jpg,7,Male,0,Asian,2,20161219193457075
44_0_3_20170119162912596.jpg,44,Male,0,Indian,3,20170119162912596
5_0_0_20170110213118425.jpg,5,Male,0,White,0,20170110213118425
26_0_0_20170117195903790.jpg,26,Male,0,White,0,20170117195903790
26_1_3_20170119193135681.jpg,26,Female,1,Indian,3,20170119193135681
34_0_3_20170119151259742.jpg,34,Male,0,Indian,3,20170119151259742
28_1_0_20170117191714643.jpg,28,Female,1,White,0,20170117191714643
36_0_0_20170114030354305.jpg,36,Male,0,White,0,20170114030354305
26_1_0_20170117200604086.jpg,26,Female,1,White,0,20170117200604086
45_0_0_20170117182436373.jpg,45,Male,0,White,0,20170117182436373
78_0_0_20170111222218304.jpg,78,Male,0,White,0,20170111222218304
67_0_3_20170119212008184.jpg,67,Male,0,Indian,3,20170119212008184
27_1_0_20170117142744825.jpg,27,Female,1,White,0,20170117142744825
30_0_0_20170117123740914.jpg,30,Male,0,White,0,20170117123740914
5_0_4_20170103212624758.jpg,5,Male,0,Others,4,20170103212624758
45_0_4_20170117202920775.jpg,45,Male,0,Others,4,20170117202920775
22_1_3_20170104231655336.jpg,22,Female,1,Indian,3,20170104231655336
36_0_0_20170117162433077.jpg,36,Male,0,White,0,20170117162433077
30_0_2_20170116172925949.jpg,30,Male,0,Asian,2,20170116172925949
10_0_1_20170104010841239.jpg,10,Male,0,Black,1,20170104010841239
58_0_0_20170105173531229.jpg,58,Male,0,White,0,20170105173531229
26_1_3_20170117153151565.jpg,26,Female,1,Indian,3,20170117153151565
29_0_0_20170104192604087.jpg,29,Male,0,White,0,20170104192604087
26_1_0_20170117201904253.jpg,26,Female,1,White,0,20170117201904253
34_1_2_20170104022134829.jpg,34,Female,1,Asian,2,20170104022134829
27_0_3_20170117175736147.jpg,27,Male,0,Indian,3,20170117175736147
38_0_4_20170104202009825.jpg,38,Male,0,Others,4,20170104202009825
37_1_0_20170104181525205.jpg,37,Female,1,White,0,20170104181525205
26_1_1_20170116153050594.jpg,26,Female,1,Black,1,20170116153050594
15_1_3_20170104221933959.jpg,15,Female,1,Indian,3,20170104221933959
34_1_1_20170112204814042.jpg,34,Female,1,Black,1,20170112204814042
45_1_3_20170119200125452.jpg,45,Female,1,Indian,3,20170119200125452
50_0_3_20170119203956223.jpg,50,Male,0,Indian,3,20170119203956223
1_1_4_20161221193744550.jpg,1,Female,1,Others,4,20161221193744550
51_1_3_20170109142147935.jpg,51,Female,1,Indian,3,20170109142147935
29_0_2_20170116164431232.jpg,29,Male,0,Asian,2,20170116164431232
3_0_0_20170110213048070.jpg,3,Male,0,White,0,20170110213048070
24_0_0_20170113210126406.jpg,24,Male,0,White,0,20170113210126406
53_1_0_20170117191020179.jpg,53,Female,1,White,0,20170117191020179
59_0_0_20170111171747514.jpg,59,Male,0,White,0,20170111171747514
32_1_0_20170103181859185.jpg,32,Female,1,White,0,20170103181859185
1_1_4_20161221193821215.jpg,1,Female,1,Others,4,20161221193821215
37_0_1_20170117134417970.jpg,37,Male,0,Black,1,20170117134417970
26_0_1_20170113181549340.jpg,26,Male,0,Black,1,20170113181549340
26_1_2_20170116180003876.jpg,26,Female,1,Asian,2,20170116180003876
12_1_0_20170109200926532.jpg,12,Female,1,White,0,20170109200926532
2_1_0_20170109191758501.jpg,2,Female,1,White,0,20170109191758501
41_1_0_20170109132156624.jpg,41,Female,1,White,0,20170109132156624
71_1_0_20170110152341109.jpg,71,Female,1,White,0,20170110152341109
24_0_4_20161219192105922.jpg,24,Male,0,Others,4,20161219192105922
86_1_2_20170112224133563.jpg,86,Female,1,Asian,2,20170112224133563
1_1_0_20170109193017247.jpg,1,Female,1,White,0,20170109193017247
32_0_2_20170116162300011.jpg,32,Male,0,Asian,2,20170116162300011
26_1_0_20170116232424535.jpg,26,Female,1,White,0,20170116232424535
35_0_0_20170120224033278.jpg,35,Male,0,White,0,20170120224033278
33_1_1_20170117173927950.jpg,33,Female,1,Black,1,20170117173927950
15_1_0_20170109204416506.jpg,15,Female,1,White,0,20170109204416506
49_1_0_20170104185034878.jpg,49,Female,1,White,0,20170104185034878
5_0_2_20161219194318083.jpg,5,Male,0,Asian,2,20161219194318083
1_0_2_20161219195130076.jpg,1,Male,0,Asian,2,20161219195130076
24_0_1_20170117010800698.jpg,24,Male,0,Black,1,20170117010800698
37_0_0_20170117135927074.jpg,37,Male,0,White,0,20170117135927074
2_0_2_20161219201235452.jpg,2,Male,0,Asian,2,20161219201235452
18_1_3_20170109213144758.jpg,18,Female,1,Indian,3,20170109213144758
55_0_3_20170119181138452.jpg,55,Male,0,Indian,3,20170119181138452
34_1_1_20170117194352091.jpg,34,Female,1,Black,1,20170117194352091
2_0_0_20161219160615893.jpg,2,Male,0,White,0,20161219160615893
50_1_3_20170117185207623.jpg,50,Female,1,Indian,3,20170117185207623
29_1_0_20170104021946334.jpg,29,Female,1,White,0,20170104021946334
45_0_1_20170116010133085.jpg,45,Male,0,Black,1,20170116010133085
28_1_1_20170116180035164.jpg,28,Female,1,Black,1,20170116180035164
4_1_0_20170109192714731.jpg,4,Female,1,White,0,20170109192714731
3_1_3_20161219230023400.jpg,3,Female,1,Indian,3,20161219230023400
22_1_3_20170104222547654.jpg,22,Female,1,Indian,3,20170104222547654
88_0_1_20170116144533236.jpg,88,Male,0,Black,1,20170116144533236
37_1_3_20170104235745484.jpg,37,Female,1,Indian,3,20170104235745484
45_0_3_20170117175453472.jpg,45,Male,0,Indian,3,20170117175453472
26_0_0_20170113210319768.jpg,26,Male,0,White,0,20170113210319768
32_0_1_20170113141038018.jpg,32,Male,0,Black,1,20170113141038018
32_0_3_20170119154229786.jpg,32,Male,0,Indian,3,20170119154229786
59_0_0_20170105173441604.jpg,59,Male,0,White,0,20170105173441604
54_0_0_20170104184603397.jpg,54,Male,0,White,0,20170104184603397
29_1_3_20170119195533364.jpg,29,Female,1,Indian,3,20170119195533364
23_1_0_20170103180703224.jpg,23,Female,1,White,0,20170103180703224
45_0_3_20170119201255635.jpg,45,Male,0,Indian,3,20170119201255635
22_1_3_20170119163328077.jpg,22,Female,1,Indian,3,20170119163328077
72_1_0_20170110182012800.jpg,72,Female,1,White,0,20170110182012800
22_1_2_20170104021444541.jpg,22,Female,1,Asian,2,20170104021444541
15_0_0_20170116201342325.jpg,15,Male,0,White,0,20170116201342325
55_0_3_20170119202635230.jpg,55,Male,0,Indian,3,20170119202635230
69_1_0_20170110131736764.jpg,69,Female,1,White,0,20170110131736764
19_1_3_20170104221938894.jpg,19,Female,1,Indian,3,20170104221938894
29_1_0_20170105163239939.jpg,29,Female,1,White,0,20170105163239939
35_0_3_20170119201215829.jpg,35,Male,0,Indian,3,20170119201215829
32_0_0_20170116210057148.jpg,32,Male,0,White,0,20170116210057148
53_1_0_20170117000739940.jpg,53,Female,1,White,0,20170117000739940
55_1_3_20170109142400325.jpg,55,Female,1,Indian,3,20170109142400325
50_0_3_20170119194914299.jpg,50,Male,0,Indian,3,20170119194914299
8_1_1_20170113000012514.jpg,8,Female,1,Black,1,20170113000012514
55_0_0_20170117185733289.jpg,55,Male,0,White,0,20170117185733289
28_0_0_20170117180538592.jpg,28,Male,0,White,0,20170117180538592
7_0_0_20170112211931030.jpg,7,Male,0,White,0,20170112211931030
25_0_0_20170117143507210.jpg,25,Male,0,White,0,20170117143507210
5_0_4_20161221200001464.jpg,5,Male,0,Others,4,20161221200001464
31_0_2_20170116183822859.jpg,31,Male,0,Asian,2,20170116183822859
45_1_0_20170117152126596.jpg,45,Female,1,White,0,20170117152126596
25_0_4_20170117151003346.jpg,25,Male,0,Others,4,20170117151003346
7_0_0_20170110220439570.jpg,7,Male,0,White,0,20170110220439570
8_1_0_20170109205127726.jpg,8,Female,1,White,0,20170109205127726
24_1_0_20170117194800876.jpg,24,Female,1,White,0,20170117194800876
38_1_0_20170117154114972.jpg,38,Female,1,White,0,20170117154114972
37_1_1_20170112220140249.jpg,37,Female,1,Black,1,20170112220140249
26_1_0_20170116225127693.jpg,26,Female,1,White,0,20170116225127693
28_0_0_20170105164855636.jpg,28,Male,0,White,0,20170105164855636
53_1_3_20170119164036366.jpg,53,Female,1,Indian,3,20170119164036366
3_0_0_20170110213041017.jpg,3,Male,0,White,0,20170110213041017
32_0_0_20170105171757165.jpg,32,Male,0,White,0,20170105171757165
35_1_0_20170117121555358.jpg,35,Female,1,White,0,20170117121555358
1_0_2_20161219204252348.jpg,1,Male,0,Asian,2,20161219204252348
24_0_1_20170113151046472.jpg,24,Male,0,Black,1,20170113151046472
29_1_0_20170116205802552.jpg,29,Female,1,White,0,20170116205802552
54_1_0_20170110152827859.jpg,54,Female,1,White,0,20170110152827859
56_1_0_20170120133251429.jpg,56,Female,1,White,0,20170120133251429
23_1_1_20170114033456731.jpg,23,Female,1,Black,1,20170114033456731
35_0_1_20170117141822660.jpg,35,Male,0,Black,1,20170117141822660
23_0_1_20170113150723591.jpg,23,Male,0,Black,1,20170113150723591
28_1_4_20170103235557846.jpg,28,Female,1,Others,4,20170103235557846
71_0_0_20170111203734910.jpg,71,Male,0,White,0,20170111203734910
10_0_0_20170110225444491.jpg,10,Male,0,White,0,20170110225444491
54_0_0_20170120223316292.jpg,54,Male,0,White,0,20170120223316292
26_0_0_20170117172824779.jpg,26,Male,0,White,0,20170117172824779
50_0_0_20170117172254068.jpg,50,Male,0,White,0,20170117172254068
32_0_3_20170119200320269.jpg,32,Male,0,Indian,3,20170119200320269
18_1_0_20170109212847067.jpg,18,Female,1,White,0,20170109212847067
12_1_0_20170103200742207.jpg,12,Female,1,White,0,20170103200742207
2_0_2_20161219151144107.jpg,2,Male,0,Asian,2,20161219151144107
22_1_1_20170114025927882.jpg,22,Female,1,Black,1,20170114025927882
2_1_3_20161219230338336.jpg,2,Female,1,Indian,3,20161219230338336
70_0_0_20170117174841157.jpg,70,Male,0,White,0,20170117174841157
35_0_1_20170117094513411.jpg,35,Male,0,Black,1,20170117094513411
28_1_2_20170116162424590.jpg,28,Female,1,Asian,2,20170116162424590
26_1_1_20170116234758189.jpg,26,Female,1,Black,1,20170116234758189
1_0_2_20161219161843718.jpg,1,Male,0,Asian,2,20161219161843718
29_1_3_20170104222730103.jpg,29,Female,1,Indian,3,20170104222730103
59_0_0_20170104185901246.jpg,59,Male,0,White,0,20170104185901246
60_0_3_20170119203850894.jpg,60,Male,0,Indian,3,20170119203850894
24_0_0_20170111181750330.jpg,24,Male,0,White,0,20170111181750330
65_1_0_20170110141348912.jpg,65,Female,1,White,0,20170110141348912
60_0_0_20170116174351033.jpg,60,Male,0,White,0,20170116174351033
29_1_0_20170113012607249.jpg,29,Female,1,White,0,20170113012607249
65_0_1_20170113182137398.jpg,65,Male,0,Black,1,20170113182137398
33_0_3_20170119184235519.jpg,33,Male,0,Indian,3,20170119184235519
21_0_0_20170103223223127.jpg,21,Male,0,White,0,20170103223223127
34_1_1_20170117010327748.jpg,34,Female,1,Black,1,20170117010327748
54_1_3_20170104220907782.jpg,54,Female,1,Indian,3,20170104220907782
25_0_0_20170113181537380.jpg,25,Male,0,White,0,20170113181537380
30_1_1_20170112234436144.jpg,30,Female,1,Black,1,20170112234436144
55_0_1_20170113184228007.jpg,55,Male,0,Black,1,20170113184228007
75_0_1_20170111210049339.jpg,75,Male,0,Black,1,20170111210049339
26_0_4_20170117153706349.jpg,26,Male,0,Others,4,20170117153706349
36_1_1_20170113000341643.jpg,36,Female,1,Black,1,20170113000341643
23_1_2_20170116173036181.jpg,23,Female,1,Asian,2,20170116173036181
48_0_0_20170104184719245.jpg,48,Male,0,White,0,20170104184719245
30_0_3_20170119195740600.jpg,30,Male,0,Indian,3,20170119195740600
39_0_0_20170104210107057.jpg,39,Male,0,White,0,20170104210107057
24_1_3_20170104223049680.jpg,24,Female,1,Indian,3,20170104223049680
32_1_2_20170109141342355.jpg,32,Female,1,Asian,2,20170109141342355
5_1_3_20161220221812930.jpg,5,Female,1,Indian,3,20161220221812930
52_0_0_20170111195455240.jpg,52,Male,0,White,0,20170111195455240
3_0_2_20161219153035532.jpg,3,Male,0,Asian,2,20161219153035532
2_1_2_20161219203118564.jpg,2,Female,1,Asian,2,20161219203118564
24_1_1_20170112204854107.jpg,24,Female,1,Black,1,20170112204854107
25_1_0_20170117195319237.jpg,25,Female,1,White,0,20170117195319237
58_0_1_20170113182450903.jpg,58,Male,0,Black,1,20170113182450903
21_1_1_20170112193005893.jpg,21,Female,1,Black,1,20170112193005893
81_1_0_20170120224920120.jpg,81,Female,1,White,0,20170120224920120
5_1_2_20161219200132701.jpg,5,Female,1,Asian,2,20161219200132701
28_1_0_20170116221840111.jpg,28,Female,1,White,0,20170116221840111
35_1_1_20170117203407119.jpg,35,Female,1,Black,1,20170117203407119
24_1_3_20170104231625010.jpg,24,Female,1,Indian,3,20170104231625010
29_0_0_20170117120414669.jpg,29,Male,0,White,0,20170117120414669
42_1_1_20170113005434508.jpg,42,Female,1,Black,1,20170113005434508
21_1_2_20170104015820531.jpg,21,Female,1,Asian,2,20170104015820531
23_0_3_20170119150001740.jpg,23,Male,0,Indian,3,20170119150001740
35_0_0_20170117194328411.jpg,35,Male,0,White,0,20170117194328411
23_1_4_20170103223618431.jpg,23,Female,1,Others,4,20170103223618431
72_1_0_20170110184007710.jpg,72,Female,1,White,0,20170110184007710
29_1_1_20170115235003672.jpg,29,Female,1,Black,1,20170115235003672
36_1_1_20170113011509561.jpg,36,Female,1,Black,1,20170113011509561
24_0_0_20170104165239658.jpg,24,Male,0,White,0,20170104165239658
6_0_3_20161220145323231.jpg,6,Male,0,Indian,3,20161220145323231
70_1_1_20170119205140215.jpg,70,Female,1,Black,1,20170119205140215
35_1_0_20170117184925681.jpg,35,Female,1,White,0,20170117184925681
35_0_1_20170117015451562.jpg,35,Male,0,Black,1,20170117015451562
20_1_0_20170109213459975.jpg,20,Female,1,White,0,20170109213459975
20_1_0_20170103175645974.jpg,20,Female,1,White,0,20170103175645974
26_0_3_20170117153033332.jpg,26,Male,0,Indian,3,20170117153033332
35_0_4_20170104181306061.jpg,35,Male,0,Others,4,20170104181306061
40_1_2_20170116191703413.jpg,40,Female,1,Asian,2,20170116191703413
15_0_0_20170110232311158.jpg,15,Male,0,White,0,20170110232311158
40_0_1_20170113174215274.jpg,40,Male,0,Black,1,20170113174215274
2_1_2_20161219140833880.jpg,2,Female,1,Asian,2,20161219140833880
30_1_2_20170104020950540.jpg,30,Female,1,Asian,2,20170104020950540
31_0_2_20170116191350922.jpg,31,Male,0,Asian,2,20170116191350922
26_1_1_20170116160930991.jpg,26,Female,1,Black,1,20170116160930991
35_0_2_20170116165347849.jpg,35,Male,0,Asian,2,20170116165347849
26_1_2_20170105163925349.jpg,26,Female,1,Asian,2,20170105163925349
30_0_1_20170117142125041.jpg,30,Male,0,Black,1,20170117142125041
28_0_3_20170104220258078.jpg,28,Male,0,Indian,3,20170104220258078
3_1_0_20170109191344231.jpg,3,Female,1,White,0,20170109191344231
6_1_0_20170109201829191.jpg,6,Female,1,White,0,20170109201829191
34_0_3_20170119200758796.jpg,34,Male,0,Indian,3,20170119200758796
54_0_1_20170117183554529.jpg,54,Male,0,Black,1,20170117183554529
28_0_0_20170116220549107.jpg,28,Male,0,White,0,20170116220549107
40_1_1_20170116235434882.jpg,40,Female,1,Black,1,20170116235434882
60_0_1_20170113152726713.jpg,60,Male,0,Black,1,20170113152726713
39_0_1_20170116010441172.jpg,39,Male,0,Black,1,20170116010441172
28_1_1_20170117022228379.jpg,28,Female,1,Black,1,20170117022228379
34_0_1_20170113155128778.jpg,34,Male,0,Black,1,20170113155128778
54_0_0_20170109013343077.jpg,54,Male,0,White,0,20170109013343077
46_1_0_20170110160643141.jpg,46,Female,1,White,0,20170110160643141
35_0_0_20170117190418977.jpg,35,Male,0,White,0,20170117190418977
55_1_1_20170116232600318.jpg,55,Female,1,Black,1,20170116232600318
25_1_0_20170117142757162.jpg,25,Female,1,White,0,20170117142757162
22_1_3_20170104222151616.jpg,22,Female,1,Indian,3,20170104222151616
21_0_4_20161223214805057.jpg,21,Male,0,Others,4,20161223214805057
61_0_2_20170112224245939.jpg,61,Male,0,Asian,2,20170112224245939
26_0_2_20170116181353748.jpg,26,Male,0,Asian,2,20170116181353748
15_1_1_20170104011851042.jpg,15,Female,1,Black,1,20170104011851042
26_0_3_20170104232246706.jpg,26,Male,0,Indian,3,20170104232246706
30_0_0_20170116212120743.jpg,30,Male,0,White,0,20170116212120743
28_0_4_20170103235541444.jpg,28,Male,0,Others,4,20170103235541444
1_1_0_20161219205428229.jpg,1,Female,1,White,0,20161219205428229
40_0_2_20170116222054321.jpg,40,Male,0,Asian,2,20170116222054321
35_1_3_20170117183032742.jpg,35,Female,1,Indian,3,20170117183032742
26_0_1_20170113155015170.jpg,26,Male,0,Black,1,20170113155015170
57_0_0_20170104212832053.jpg,57,Male,0,White,0,20170104212832053
26_0_2_20170116180757529.jpg,26,Male,0,Asian,2,20170116180757529
77_1_0_20170110140346806.jpg,77,Female,1,White,0,20170110140346806
26_0_1_20170116210358725.jpg,26,Male,0,Black,1,20170116210358725
16_1_1_20170109213003514.jpg,16,Female,1,Black,1,20170109213003514
33_0_0_20170120221754125.jpg,33,Male,0,White,0,20170120221754125
26_0_2_20170116180859386.jpg,26,Male,0,Asian,2,20170116180859386
53_0_0_20170104210640915.jpg,53,Male,0,White,0,20170104210640915
28_1_3_20170119204738880.jpg,28,Female,1,Indian,3,20170119204738880
21_1_2_20161219221949111.jpg,21,Female,1,Asian,2,20161219221949111
36_0_0_20170117135518232.jpg,36,Male,0,White,0,20170117135518232
24_1_3_20170104231923674.jpg,24,Female,1,Indian,3,20170104231923674
26_1_4_20170103235712113.jpg,26,Female,1,Others,4,20170103235712113
28_0_0_20170116204038276.jpg,28,Male,0,White,0,20170116204038276
12_1_2_20170117165908225.jpg,12,Female,1,Asian,2,20170117165908225
42_1_1_20170116021841454.jpg,42,Female,1,Black,1,20170116021841454
27_0_2_20170116162359452.jpg,27,Male,0,Asian,2,20170116162359452
20_1_1_20170113005503503.jpg,20,Female,1,Black,1,20170113005503503
39_0_0_20170104174316011.jpg,39,Male,0,White,0,20170104174316011
65_0_3_20170117143046787.jpg,65,Male,0,Indian,3,20170117143046787
28_1_1_20170116223115624.jpg,28,Female,1,Black,1,20170116223115624
21_1_4_20170103224936983.jpg,21,Female,1,Others,4,20170103224936983
18_1_4_20170103223304623.jpg,18,Female,1,Others,4,20170103223304623
24_0_3_20170120133949638.jpg,24,Male,0,Indian,3,20170120133949638
50_1_0_20170117155921969.jpg,50,Female,1,White,0,20170117155921969
25_0_0_20170117151532082.jpg,25,Male,0,White,0,20170117151532082
80_1_0_20170110153259184.jpg,80,Female,1,White,0,20170110153259184
62_0_0_20170111204505433.jpg,62,Male,0,White,0,20170111204505433
23_1_0_20170117144901132.jpg,23,Female,1,White,0,20170117144901132
21_1_2_20170116164805815.jpg,21,Female,1,Asian,2,20170116164805815
26_1_1_20170116231446642.jpg,26,Female,1,Black,1,20170116231446642
45_1_0_20170117175418025.jpg,45,Female,1,White,0,20170117175418025
23_1_3_20170104223436167.jpg,23,Female,1,Indian,3,20170104223436167
56_1_0_20170110122655288.jpg,56,Female,1,White,0,20170110122655288
44_0_3_20170119200334516.jpg,44,Male,0,Indian,3,20170119200334516
30_1_2_20170116194224682.jpg,30,Female,1,Asian,2,20170116194224682
37_0_3_20170119202302736.jpg,37,Male,0,Indian,3,20170119202302736
22_1_0_20170117141120129.jpg,22,Female,1,White,0,20170117141120129
39_0_0_20170104181448317.jpg,39,Male,0,White,0,20170104181448317
8_1_0_20170109202305645.jpg,8,Female,1,White,0,20170109202305645
37_0_0_20170117120612576.jpg,37,Male,0,White,0,20170117120612576
20_1_0_20170117193547491.jpg,20,Female,1,White,0,20170117193547491
8_1_0_20170117154607954.jpg,8,Female,1,White,0,20170117154607954
2_0_4_20161221195216736.jpg,2,Male,0,Others,4,20161221195216736
51_0_0_20170111181750495.jpg,51,Male,0,White,0,20170111181750495
26_0_0_20170103235457445.jpg,26,Male,0,White,0,20170103235457445
18_1_0_20170109214646809.jpg,18,Female,1,White,0,20170109214646809
77_1_0_20170113002117891.jpg,77,Female,1,White,0,20170113002117891
45_0_1_20170113183119558.jpg,45,Male,0,Black,1,20170113183119558
45_0_0_20170116233233803.jpg,45,Male,0,White,0,20170116233233803
52_0_0_20170104205721803.jpg,52,Male,0,White,0,20170104205721803
29_1_0_20170104235458939.jpg,29,Female,1,White,0,20170104235458939
23_1_3_20170119164553534.jpg,23,Female,1,Indian,3,20170119164553534
19_0_3_20170104214230141.jpg,19,Male,0,Indian,3,20170104214230141
62_0_0_20170113185402879.jpg,62,Male,0,White,0,20170113185402879
5_1_2_20161219153909236.jpg,5,Female,1,Asian,2,20161219153909236
23_0_0_20170116221722978.jpg,23,Male,0,White,0,20170116221722978
65_0_1_20170111200815149.jpg,65,Male,0,Black,1,20170111200815149
48_0_0_20170104212017204.jpg,48,Male,0,White,0,20170104212017204
17_1_3_20170104221840229.jpg,17,Female,1,Indian,3,20170104221840229
45_0_0_20170104211648292.jpg,45,Male,0,White,0,20170104211648292
26_0_1_20170116225054291.jpg,26,Male,0,Black,1,20170116225054291
87_0_1_20170117194805270.jpg,87,Male,0,Black,1,20170117194805270
55_1_0_20170117143101420.jpg,55,Female,1,White,0,20170117143101420
32_1_0_20170117182450222.jpg,32,Female,1,White,0,20170117182450222
57_0_0_20170111203532804.jpg,57,Male,0,White,0,20170111203532804
58_0_0_20170104185347134.jpg,58,Male,0,White,0,20170104185347134
54_0_1_20170117190531158.jpg,54,Male,0,Black,1,20170117190531158
61_0_0_20170120225137492.jpg,61,Male,0,White,0,20170120225137492
1_1_2_20161219155927997.jpg,1,Female,1,Asian,2,20161219155927997
19_1_2_20170104021632526.jpg,19,Female,1,Asian,2,20170104021632526
85_1_0_20170110181934936.jpg,85,Female,1,White,0,20170110181934936
25_1_3_20170109213212198.jpg,25,Female,1,Indian,3,20170109213212198
22_0_3_20170119162820341.jpg,22,Male,0,Indian,3,20170119162820341
36_0_3_20170117135523728.jpg,36,Male,0,Indian,3,20170117135523728
60_1_0_20170110153435061.jpg,60,Female,1,White,0,20170110153435061
39_1_3_20170117184917703.jpg,39,Female,1,Indian,3,20170117184917703
76_1_0_20170110180413588.jpg,76,Female,1,White,0,20170110180413588
43_0_0_20170104183504030.jpg,43,Male,0,White,0,20170104183504030
45_0_0_20170117135103724.jpg,45,Male,0,White,0,20170117135103724
58_0_0_20170117193250787.jpg,58,Male,0,White,0,20170117193250787
9_0_0_20170110224737016.jpg,9,Male,0,White,0,20170110224737016
26_1_2_20170116192923098.jpg,26,Female,1,Asian,2,20170116192923098
50_1_0_20170104165050048.jpg,50,Female,1,White,0,20170104165050048
19_0_0_20170117140550401.jpg,19,Male,0,White,0,20170117140550401
21_1_3_20170117142617306.jpg,21,Female,1,Indian,3,20170117142617306
38_0_0_20170117125958451.jpg,38,Male,0,White,0,20170117125958451
25_1_0_20170117143946804.jpg,25,Female,1,White,0,20170117143946804
66_0_0_20170117000141332.jpg,66,Male,0,White,0,20170117000141332
26_0_0_20170117172856799.jpg,26,Male,0,White,0,20170117172856799
24_0_2_20170116165043828.jpg,24,Male,0,Asian,2,20170116165043828
32_0_2_20170116191444550.jpg,32,Male,0,Asian,2,20170116191444550
59_1_0_20170110131916835.jpg,59,Female,1,White,0,20170110131916835
35_1_3_20170109135835957.jpg,35,Female,1,Indian,3,20170109135835957
10_0_0_20170110224524253.jpg,10,Male,0,White,0,20170110224524253
29_0_1_20170116192214658.jpg,29,Male,0,Black,1,20170116192214658
26_1_2_20170116175323304.jpg,26,Female,1,Asian,2,20170116175323304
30_1_1_20170113002921717.jpg,30,Female,1,Black,1,20170113002921717
78_0_0_20170111222249342.jpg,78,Male,0,White,0,20170111222249342
55_1_0_20170110160643391.jpg,55,Female,1,White,0,20170110160643391
26_1_0_20170111182452795.jpg,26,Female,1,White,0,20170111182452795
40_0_0_20170117171106050.jpg,40,Male,0,White,0,20170117171106050
30_0_2_20170104022125085.jpg,30,Male,0,Asian,2,20170104022125085
35_0_2_20170117175222858.jpg,35,Male,0,Asian,2,20170117175222858
42_1_0_20170103182957410.jpg,42,Female,1,White,0,20170103182957410
31_1_3_20170104222647935.jpg,31,Female,1,Indian,3,20170104222647935
24_0_2_20170116163904057.jpg,24,Male,0,Asian,2,20170116163904057
38_0_1_20170113183109470.jpg,38,Male,0,Black,1,20170113183109470
22_1_4_20170103224958800.jpg,22,Female,1,Others,4,20170103224958800
24_0_1_20170113151045191.jpg,24,Male,0,Black,1,20170113151045191
3_0_2_20161219161653119.jpg,3,Male,0,Asian,2,20161219161653119
25_1_0_20170103180657288.jpg,25,Female,1,White,0,20170103180657288
34_0_3_20170119200718133.jpg,34,Male,0,Indian,3,20170119200718133
22_1_0_20170117141131710.jpg,22,Female,1,White,0,20170117141131710
42_0_3_20170113183757104.jpg,42,Male,0,Indian,3,20170113183757104
67_0_0_20170104171355258.jpg,67,Male,0,White,0,20170104171355258
37_1_0_20170103175351545.jpg,37,Female,1,White,0,20170103175351545
27_1_2_20170116163830302.jpg,27,Female,1,Asian,2,20170116163830302
1_0_3_20161220144712431.jpg,1,Male,0,Indian,3,20161220144712431
66_0_0_20170120225927930.jpg,66,Male,0,White,0,20170120225927930
28_0_3_20170119163006483.jpg,28,Male,0,Indian,3,20170119163006483
39_0_3_20170119194650194.jpg,39,Male,0,Indian,3,20170119194650194
26_0_0_20170117172408564.jpg,26,Male,0,White,0,20170117172408564
61_1_1_20170117174626414.jpg,61,Female,1,Black,1,20170117174626414
36_1_1_20170109132934818.jpg,36,Female,1,Black,1,20170109132934818
36_1_3_20170119154411650.jpg,36,Female,1,Indian,3,20170119154411650
23_1_1_20170117175615774.jpg,23,Female,1,Black,1,20170117175615774
35_0_4_20170104201734834.jpg,35,Male,0,Others,4,20170104201734834
27_1_0_20170103223625383.jpg,27,Female,1,White,0,20170103223625383
35_0_3_20170119201352227.jpg,35,Male,0,Indian,3,20170119201352227
40_1_3_20170119192433185.jpg,40,Female,1,Indian,3,20170119192433185
20_1_0_20170105183447816.jpg,20,Female,1,White,0,20170105183447816
17_0_0_20170110231640217.jpg,17,Male,0,White,0,20170110231640217
80_1_0_20170110122217473.jpg,80,Female,1,White,0,20170110122217473
50_0_2_20170117160616344.jpg,50,Male,0,Asian,2,20170117160616344
89_1_3_20170105175701046.jpg,89,Female,1,Indian,3,20170105175701046
6_1_3_20161220222556995.jpg,6,Female,1,Indian,3,20161220222556995
79_1_0_20170110122630590.jpg,79,Female,1,White,0,20170110122630590
18_0_0_20170110232058918.jpg,18,Male,0,White,0,20170110232058918
23_0_1_20170113150913751.jpg,23,Male,0,Black,1,20170113150913751
46_1_1_20170113012755554.jpg,46,Female,1,Black,1,20170113012755554
28_1_0_20170104165233241.jpg,28,Female,1,White,0,20170104165233241
32_1_1_20170116223034191.jpg,32,Female,1,Black,1,20170116223034191
6_0_0_20170110221709278.jpg,6,Male,0,White,0,20170110221709278
25_1_2_20170116174852261.jpg,25,Female,1,Asian,2,20170116174852261
91_1_2_20170105174644734.jpg,91,Female,1,Asian,2,20170105174644734
35_0_0_20170119201459165.jpg,35,Male,0,White,0,20170119201459165
35_0_2_20170117191648050.jpg,35,Male,0,Asian,2,20170117191648050
26_0_3_20170117154557054.jpg,26,Male,0,Indian,3,20170117154557054
51_1_0_20170110153411621.jpg,51,Female,1,White,0,20170110153411621
36_0_3_20170119202102207.jpg,36,Male,0,Indian,3,20170119202102207
26_1_0_20170117175344913.jpg,26,Female,1,White,0,20170117175344913
63_0_0_20170105180938823.jpg,63,Male,0,White,0,20170105180938823
36_0_0_20170120221426365.jpg,36,Male,0,White,0,20170120221426365
20_1_1_20170114030841465.jpg,20,Female,1,Black,1,20170114030841465
26_0_3_20170119180329325.jpg,26,Male,0,Indian,3,20170119180329325
27_0_3_20170119165911975.jpg,27,Male,0,Indian,3,20170119165911975
30_1_1_20170116214526804.jpg,30,Female,1,Black,1,20170116214526804
4_0_2_20170110213551318.jpg,4,Male,0,Asian,2,20170110213551318
62_0_2_20170112221952114.jpg,62,Male,0,Asian,2,20170112221952114
2_1_4_20161221202110987.jpg,2,Female,1,Others,4,20161221202110987
16_1_0_20170109214621700.jpg,16,Female,1,White,0,20170109214621700
70_0_1_20170117174954253.jpg,70,Male,0,Black,1,20170117174954253
38_0_1_20170117191944663.jpg,38,Male,0,Black,1,20170117191944663
2_0_3_20161220143058738.jpg,2,Male,0,Indian,3,20161220143058738
26_1_2_20170116184244368.jpg,26,Female,1,Asian,2,20170116184244368
25_1_3_20170105000930603.jpg,25,Female,1,Indian,3,20170105000930603
32_0_0_20170116235640652.jpg,32,Male,0,White,0,20170116235640652
40_0_1_20170117170640870.jpg,40,Male,0,Black,1,20170117170640870
61_0_3_20170119211817688.jpg,61,Male,0,Indian,3,20170119211817688
60_0_0_20170104170240505.jpg,60,Male,0,White,0,20170104170240505
25_1_1_20170112205156233.jpg,25,Female,1,Black,1,20170112205156233
26_0_3_20170104230325016.jpg,26,Male,0,Indian,3,20170104230325016
22_1_2_20170116172657692.jpg,22,Female,1,Asian,2,20170116172657692
22_1_3_20170119163211532.jpg,22,Female,1,Indian,3,20170119163211532
42_0_0_20170117154802006.jpg,42,Male,0,White,0,20170117154802006
39_1_1_20170112204540442.jpg,39,Female,1,Black,1,20170112204540442
28_1_3_20170104231433217.jpg,28,Female,1,Indian,3,20170104231433217
31_1_1_20170112231608655.jpg,31,Female,1,Black,1,20170112231608655
30_0_2_20170116173004384.jpg,30,Male,0,Asian,2,20170116173004384
7_0_0_20161219201514284.jpg,7,Male,0,White,0,20161219201514284
27_0_3_20170119193156857.jpg,27,Male,0,Indian,3,20170119193156857
18_1_3_20170117135716054.jpg,18,Female,1,Indian,3,20170117135716054
27_1_0_20170117173155398.jpg,27,Female,1,White,0,20170117173155398
52_0_0_20170116192911629.jpg,52,Male,0,White,0,20170116192911629
4_1_3_20161219224504392.jpg,4,Female,1,Indian,3,20161219224504392
21_0_0_20170120134243735.jpg,21,Male,0,White,0,20170120134243735
26_1_0_20170116184725493.jpg,26,Female,1,White,0,20170116184725493
26_1_3_20170119193113194.jpg,26,Female,1,Indian,3,20170119193113194
35_0_3_20170117154729846.jpg,35,Male,0,Indian,3,20170117154729846
27_0_2_20170116165457643.jpg,27,Male,0,Asian,2,20170116165457643
62_0_0_20170111205219231.jpg,62,Male,0,White,0,20170111205219231
37_0_0_20170104202623003.jpg,37,Male,0,White,0,20170104202623003
38_1_0_20170109003456560.jpg,38,Female,1,White,0,20170109003456560
36_1_3_20170119202142021.jpg,36,Female,1,Indian,3,20170119202142021
22_1_3_20170119163332758.jpg,22,Female,1,Indian,3,20170119163332758
37_0_0_20170109001555863.jpg,37,Male,0,White,0,20170109001555863
26_0_1_20170116153040656.jpg,26,Male,0,Black,1,20170116153040656
65_0_0_20170111210651348.jpg,65,Male,0,White,0,20170111210651348
13_1_4_20170103212548662.jpg,13,Female,1,Others,4,20170103212548662
30_1_3_20170104215635846.jpg,30,Female,1,Indian,3,20170104215635846
38_0_3_20170119192003262.jpg,38,Male,0,Indian,3,20170119192003262
72_0_0_20170117171003724.jpg,72,Male,0,White,0,20170117171003724
38_1_4_20170104183653741.jpg,38,Female,1,Others,4,20170104183653741
28_1_1_20170113010410263.jpg,28,Female,1,Black,1,20170113010410263
8_1_3_20161220222531163.jpg,8,Female,1,Indian,3,20161220222531163
28_0_3_20170119194927291.jpg,28,Male,0,Indian,3,20170119194927291
28_1_1_20170112231943575.jpg,28,Female,1,Black,1,20170112231943575
40_0_0_20170117090946200.jpg,40,Male,0,White,0,20170117090946200
23_1_2_20170116173241444.jpg,23,Female,1,Asian,2,20170116173241444
28_1_0_20170117122009585.jpg,28,Female,1,White,0,20170117122009585
31_0_1_20170116203409947.jpg,31,Male,0,Black,1,20170116203409947
80_0_0_20170111211441005.jpg,80,Male,0,White,0,20170111211441005
1_0_3_20161219225357184.jpg,1,Male,0,Indian,3,20161219225357184
28_1_4_20170117202601469.jpg,28,Female,1,Others,4,20170117202601469
1_1_3_20161219225008799.jpg,1,Female,1,Indian,3,20161219225008799
37_0_0_20170109010706831.jpg,37,Male,0,White,0,20170109010706831
75_0_0_20170111205059862.jpg,75,Male,0,White,0,20170111205059862
10_0_0_20170110220251986.jpg,10,Male,0,White,0,20170110220251986
28_1_3_20170109133054332.jpg,28,Female,1,Indian,3,20170109133054332
50_0_2_20170116172953191.jpg,50,Male,0,Asian,2,20170116172953191
66_0_0_20170117191832603.jpg,66,Male,0,White,0,20170117191832603
15_1_4_20170103234910356.jpg,15,Female,1,Others,4,20170103234910356
27_0_0_20170117175813577.jpg,27,Male,0,White,0,20170117175813577
31_1_3_20170104234514954.jpg,31,Female,1,Indian,3,20170104234514954
6_1_4_20161221193230469.jpg,6,Female,1,Others,4,20161221193230469
62_0_0_20170120224623104.jpg,62,Male,0,White,0,20170120224623104
26_0_2_20170116181149946.jpg,26,Male,0,Asian,2,20170116181149946
58_0_0_20170109015153214.jpg,58,Male,0,White,0,20170109015153214
40_0_0_20170104205324669.jpg,40,Male,0,White,0,20170104205324669
23_0_3_20170119163804981.jpg,23,Male,0,Indian,3,20170119163804981
75_1_0_20170120221956669.jpg,75,Female,1,White,0,20170120221956669
53_0_2_20170104210010763.jpg,53,Male,0,Asian,2,20170104210010763
54_1_0_20170109010202728.jpg,54,Female,1,White,0,20170109010202728
26_1_1_20170116231444253.jpg,26,Female,1,Black,1,20170116231444253
67_1_0_20170110131843433.jpg,67,Female,1,White,0,20170110131843433
1_1_2_20161219204523605.jpg,1,Female,1,Asian,2,20161219204523605
34_0_1_20170117010104315.jpg,34,Male,0,Black,1,20170117010104315
1_0_2_20161219140525218.jpg,1,Male,0,Asian,2,20161219140525218
32_1_1_20170113002108866.jpg,32,Female,1,Black,1,20170113002108866
26_0_3_20170119183458846.jpg,26,Male,0,Indian,3,20170119183458846
27_0_2_20170116172745659.jpg,27,Male,0,Asian,2,20170116172745659
48_1_4_20170104181540549.jpg,48,Female,1,Others,4,20170104181540549
28_1_1_20170116171301974.jpg,28,Female,1,Black,1,20170116171301974
4_1_0_20170109194222722.jpg,4,Female,1,White,0,20170109194222722
29_0_0_20170117202647791.jpg,29,Male,0,White,0,20170117202647791
26_1_2_20170116184039763.jpg,26,Female,1,Asian,2,20170116184039763
51_0_0_20170117171936642.jpg,51,Male,0,White,0,20170117171936642
26_1_3_20170119153816147.jpg,26,Female,1,Indian,3,20170119153816147
41_0_0_20170109012220690.jpg,41,Male,0,White,0,20170109012220690
75_0_1_20170111205346848.jpg,75,Male,0,Black,1,20170111205346848
73_1_0_20170110140417960.jpg,73,Female,1,White,0,20170110140417960
70_0_3_20170119181040603.jpg,70,Male,0,Indian,3,20170119181040603
65_0_3_20170117191735066.jpg,65,Male,0,Indian,3,20170117191735066
24_0_3_20170119165651324.jpg,24,Male,0,Indian,3,20170119165651324
40_0_4_20170104201550378.jpg,40,Male,0,Others,4,20170104201550378
10_1_0_20170109204148144.jpg,10,Female,1,White,0,20170109204148144
40_1_0_20170105173401214.jpg,40,Female,1,White,0,20170105173401214
34_1_1_20170116232159244.jpg,34,Female,1,Black,1,20170116232159244
28_1_2_20170109141410232.jpg,28,Female,1,Asian,2,20170109141410232
51_0_0_20170117160756480.jpg,51,Male,0,White,0,20170117160756480
1_0_2_20161219142002631.jpg,1,Male,0,Asian,2,20161219142002631
52_0_0_20170111203351228.jpg,52,Male,0,White,0,20170111203351228
63_0_4_20170117175627092.jpg,63,Male,0,Others,4,20170117175627092
60_0_1_20170113185141927.jpg,60,Male,0,Black,1,20170113185141927
67_0_3_20170105181005916.jpg,67,Male,0,Indian,3,20170105181005916
26_0_0_20170117152350379.jpg,26,Male,0,White,0,20170117152350379
28_1_0_20170117193022560.jpg,28,Female,1,White,0,20170117193022560
51_1_3_20170109132350438.jpg,51,Female,1,Indian,3,20170109132350438
26_1_1_20170116022019173.jpg,26,Female,1,Black,1,20170116022019173
85_1_0_20170110155147409.jpg,85,Female,1,White,0,20170110155147409
8_1_3_20161220222819947.jpg,8,Female,1,Indian,3,20161220222819947
35_0_0_20170116182739852.jpg,35,Male,0,White,0,20170116182739852
54_0_1_20170117143030074.jpg,54,Male,0,Black,1,20170117143030074
24_0_4_20170102233500506.jpg,24,Male,0,Others,4,20170102233500506
30_0_2_20170112205508972.jpg,30,Male,0,Asian,2,20170112205508972
30_1_1_20170114024643760.jpg,30,Female,1,Black,1,20170114024643760
26_0_3_20170119181351882.jpg,26,Male,0,Indian,3,20170119181351882
29_0_0_20170109013328101.jpg,29,Male,0,White,0,20170109013328101
22_1_1_20170113195537459.jpg,22,Female,1,Black,1,20170113195537459
23_1_0_20170116201840541.jpg,23,Female,1,White,0,20170116201840541
66_1_0_20170110140359075.jpg,66,Female,1,White,0,20170110140359075
35_0_3_20170117182832156.jpg,35,Male,0,Indian,3,20170117182832156
8_0_0_20170103201932624.jpg,8,Male,0,White,0,20170103201932624
90_0_1_20170117195102223.jpg,90,Male,0,Black,1,20170117195102223
31_1_0_20170116021126334.jpg,31,Female,1,White,0,20170116021126334
8_1_0_20170109203434803.jpg,8,Female,1,White,0,20170109203434803
26_1_2_20170116184447374.jpg,26,Female,1,Asian,2,20170116184447374
6_0_0_20170110215856827.jpg,6,Male,0,White,0,20170110215856827
30_0_3_20170119204757926.jpg,30,Male,0,Indian,3,20170119204757926
1_1_3_20161220221547970.jpg,1,Female,1,Indian,3,20161220221547970
21_1_0_20170117142333762.jpg,21,Female,1,White,0,20170117142333762
34_1_3_20170104220713478.jpg,34,Female,1,Indian,3,20170104220713478
21_1_4_20170103223234959.jpg,21,Female,1,Others,4,20170103223234959
1_0_2_20161219155655085.jpg,1,Male,0,Asian,2,20161219155655085
51_0_3_20170119205613657.jpg,51,Male,0,Indian,3,20170119205613657
26_1_1_20170112204005344.jpg,26,Female,1,Black,1,20170112204005344
47_1_1_20170113001956524.jpg,47,Female,1,Black,1,20170113001956524
69_0_0_20170116193756964.jpg,69,Male,0,White,0,20170116193756964
28_0_1_20170117022129599.jpg,28,Male,0,Black,1,20170117022129599
24_1_2_20170116171634283.jpg,24,Female,1,Asian,2,20170116171634283
28_1_0_20170116213524092.jpg,28,Female,1,White,0,20170116213524092
45_0_3_20170119202044372.jpg,45,Male,0,Indian,3,20170119202044372
60_1_0_20170110131859302.jpg,60,Female,1,White,0,20170110131859302
22_1_1_20170113011834360.jpg,22,Female,1,Black,1,20170113011834360
29_1_1_20170113001350377.jpg,29,Female,1,Black,1,20170113001350377
20_0_1_20170113132705262.jpg,20,Male,0,Black,1,20170113132705262
1_1_4_20170103204831032.jpg,1,Female,1,Others,4,20170103204831032
53_0_3_20170119181123292.jpg,53,Male,0,Indian,3,20170119181123292
45_1_0_20170117140127932.jpg,45,Female,1,White,0,20170117140127932
22_1_1_20170113010402343.jpg,22,Female,1,Black,1,20170113010402343
21_0_1_20170113133218153.jpg,21,Male,0,Black,1,20170113133218153
37_0_0_20170120221604091.jpg,37,Male,0,White,0,20170120221604091
25_1_2_20170104021412148.jpg,25,Female,1,Asian,2,20170104021412148
26_1_0_20170117091743194.jpg,26,Female,1,White,0,20170117091743194
4_1_0_20170109193124855.jpg,4,Female,1,White,0,20170109193124855
26_1_3_20170109134452703.jpg,26,Female,1,Indian,3,20170109134452703
36_0_2_20170104202606050.jpg,36,Male,0,Asian,2,20170104202606050
30_1_0_20170104170158777.jpg,30,Female,1,White,0,20170104170158777
14_1_4_20170103201207132.jpg,14,Female,1,Others,4,20170103201207132
1_0_3_20161219224917304.jpg,1,Male,0,Indian,3,20161219224917304
26_1_0_20170116184549800.jpg,26,Female,1,White,0,20170116184549800
29_0_0_20170117180808770.jpg,29,Male,0,White,0,20170117180808770
67_0_0_20170117192237235.jpg,67,Male,0,White,0,20170117192237235
21_1_3_20170117142547194.jpg,21,Female,1,Indian,3,20170117142547194
10_1_4_20161223225900460.jpg,10,Female,1,Others,4,20161223225900460
23_1_2_20170116173016687.jpg,23,Female,1,Asian,2,20170116173016687
3_1_0_20161219204602748.jpg,3,Female,1,White,0,20161219204602748
40_0_1_20170120220605251.jpg,40,Male,0,Black,1,20170120220605251
52_0_0_20170120222910474.jpg,52,Male,0,White,0,20170120222910474
26_0_2_20170116181321059.jpg,26,Male,0,Asian,2,20170116181321059
2_1_0_20170109190714105.jpg,2,Female,1,White,0,20170109190714105
36_0_3_20170119201947413.jpg,36,Male,0,Indian,3,20170119201947413
40_0_0_20170117174139735.jpg,40,Male,0,White,0,20170117174139735
33_1_0_20170109001602570.jpg,33,Female,1,White,0,20170109001602570
30_0_0_20170119195624116.jpg,30,Male,0,White,0,20170119195624116
2_0_2_20161219141245497.jpg,2,Male,0,Asian,2,20161219141245497
50_0_0_20170117135334839.jpg,50,Male,0,White,0,20170117135334839
26_1_1_20170112212030764.jpg,26,Female,1,Black,1,20170112212030764
22_1_0_20170112233719345.jpg,22,Female,1,White,0,20170112233719345
11_1_4_20170103212554964.jpg,11,Female,1,Others,4,20170103212554964
32_0_1_20170117140609238.jpg,32,Male,0,Black,1,20170117140609238
48_1_3_20170104220351694.jpg,48,Female,1,Indian,3,20170104220351694
26_1_0_20170117105747119.jpg,26,Female,1,White,0,20170117105747119
26_1_4_20170117174310909.jpg,26,Female,1,Others,4,20170117174310909
80_1_0_20170110143302067.jpg,80,Female,1,White,0,20170110143302067
8_1_0_20170109205428806.jpg,8,Female,1,White,0,20170109205428806
42_0_0_20170117135530023.jpg,42,Male,0,White,0,20170117135530023
24_1_1_20170117164614871.jpg,24,Female,1,Black,1,20170117164614871
38_0_1_20170116200930390.jpg,38,Male,0,Black,1,20170116200930390
37_0_0_20170109015606661.jpg,37,Male,0,White,0,20170109015606661
65_1_0_20170110125326249.jpg,65,Female,1,White,0,20170110125326249
58_0_0_20170117193906036.jpg,58,Male,0,White,0,20170117193906036
61_0_0_20170104213246805.jpg,61,Male,0,White,0,20170104213246805
27_1_1_20170116214220570.jpg,27,Female,1,Black,1,20170116214220570
27_1_0_20170119155531065.jpg,27,Female,1,White,0,20170119155531065
26_1_3_20170119193115729.jpg,26,Female,1,Indian,3,20170119193115729
42_0_0_20170117185752122.jpg,42,Male,0,White,0,20170117185752122
40_0_0_20170117135238541.jpg,40,Male,0,White,0,20170117135238541
32_0_1_20170113151436071.jpg,32,Male,0,Black,1,20170113151436071
2_0_2_20161219202530668.jpg,2,Male,0,Asian,2,20161219202530668
29_1_1_20170116001305894.jpg,29,Female,1,Black,1,20170116001305894
1_1_0_20170109194458191.jpg,1,Female,1,White,0,20170109194458191
54_0_0_20170113210127471.jpg,54,Male,0,White,0,20170113210127471
30_1_0_20170117135952703.jpg,30,Female,1,White,0,20170117135952703
26_1_3_20170104223003860.jpg,26,Female,1,Indian,3,20170104223003860
46_1_0_20170120133945310.jpg,46,Female,1,White,0,20170120133945310
49_0_1_20170113135511444.jpg,49,Male,0,Black,1,20170113135511444
30_1_0_20170117092621461.jpg,30,Female,1,White,0,20170117092621461
60_0_0_20170111205328800.jpg,60,Male,0,White,0,20170111205328800
52_0_0_20170111195826832.jpg,52,Male,0,White,0,20170111195826832
70_0_3_20170119210107813.jpg,70,Male,0,Indian,3,20170119210107813
32_0_4_20170116220621484.jpg,32,Male,0,Others,4,20170116220621484
27_0_3_20170117175516521.jpg,27,Male,0,Indian,3,20170117175516521
45_1_1_20170116160543061.jpg,45,Female,1,Black,1,20170116160543061
34_0_3_20170117182655941.jpg,34,Male,0,Indian,3,20170117182655941
29_0_4_20170103235032708.jpg,29,Male,0,Others,4,20170103235032708
31_0_2_20170115205946148.jpg,31,Male,0,Asian,2,20170115205946148
1_1_0_20161219201324636.jpg,1,Female,1,White,0,20161219201324636
2_1_3_20161220145350335.jpg,2,Female,1,Indian,3,20161220145350335
39_0_2_20170117185137809.jpg,39,Male,0,Asian,2,20170117185137809
16_1_0_20170109214415828.jpg,16,Female,1,White,0,20170109214415828
1_1_0_20161219204130316.jpg,1,Female,1,White,0,20161219204130316
24_0_4_20170117145314932.jpg,24,Male,0,Others,4,20170117145314932
34_1_1_20170113000302889.jpg,34,Female,1,Black,1,20170113000302889
29_0_3_20170119195311083.jpg,29,Male,0,Indian,3,20170119195311083
15_1_0_20170103201148510.jpg,15,Female,1,White,0,20170103201148510
27_0_2_20170119193327962.jpg,27,Male,0,Asian,2,20170119193327962
40_1_0_20170117154711395.jpg,40,Female,1,White,0,20170117154711395
42_0_0_20170104203854642.jpg,42,Male,0,White,0,20170104203854642
1_0_2_20161219210310309.jpg,1,Male,0,Asian,2,20161219210310309
27_1_0_20170103180241879.jpg,27,Female,1,White,0,20170103180241879
28_0_0_20170117180516071.jpg,28,Male,0,White,0,20170117180516071
4_0_0_20170110213151504.jpg,4,Male,0,White,0,20170110213151504
53_0_3_20170119164025958.jpg,53,Male,0,Indian,3,20170119164025958
2_1_3_20161220220209321.jpg,2,Female,1,Indian,3,20161220220209321
8_0_0_20170110215948795.jpg,8,Male,0,White,0,20170110215948795
28_1_1_20170112220128599.jpg,28,Female,1,Black,1,20170112220128599
35_0_0_20170117151812445.jpg,35,Male,0,White,0,20170117151812445
30_0_2_20170117141818577.jpg,30,Male,0,Asian,2,20170117141818577
20_0_3_20170117140659809.jpg,20,Male,0,Indian,3,20170117140659809
24_1_3_20170104231911026.jpg,24,Female,1,Indian,3,20170104231911026
56_1_0_20170105172715541.jpg,56,Female,1,White,0,20170105172715541
2_0_2_20161219202702788.jpg,2,Male,0,Asian,2,20161219202702788
1_1_2_20161219222144951.jpg,1,Female,1,Asian,2,20161219222144951
2_0_4_20170103202421392.jpg,2,Male,0,Others,4,20170103202421392
2_1_2_20161219211617551.jpg,2,Female,1,Asian,2,20161219211617551
29_1_2_20170116192021943.jpg,29,Female,1,Asian,2,20170116192021943
54_0_0_20170120223421389.jpg,54,Male,0,White,0,20170120223421389
24_1_2_20170116174457770.jpg,24,Female,1,Asian,2,20170116174457770
79_1_0_20170120225840978.jpg,79,Female,1,White,0,20170120225840978
25_1_2_20170116175251099.jpg,25,Female,1,Asian,2,20170116175251099
24_0_3_20170104230213449.jpg,24,Male,0,Indian,3,20170104230213449
32_1_1_20170115235709297.jpg,32,Female,1,Black,1,20170115235709297
42_0_2_20170117130543345.jpg,42,Male,0,Asian,2,20170117130543345
58_0_3_20170119211659305.jpg,58,Male,0,Indian,3,20170119211659305
3_1_3_20161219225534376.jpg,3,Female,1,Indian,3,20161219225534376
15_1_2_20170104012031136.jpg,15,Female,1,Asian,2,20170104012031136
24_1_3_20170117145444188.jpg,24,Female,1,Indian,3,20170117145444188
24_1_2_20170116165611580.jpg,24,Female,1,Asian,2,20170116165611580
16_0_0_20170110232817061.jpg,16,Male,0,White,0,20170110232817061
26_0_0_20170113210126924.jpg,26,Male,0,White,0,20170113210126924
4_1_4_20161223230002625.jpg,4,Female,1,Others,4,20161223230002625
48_0_0_20170117000056530.jpg,48,Male,0,White,0,20170117000056530
3_1_0_20170110213238474.jpg,3,Female,1,White,0,20170110213238474
28_0_1_20170113133920440.jpg,28,Male,0,Black,1,20170113133920440
26_0_3_20170119180343596.jpg,26,Male,0,Indian,3,20170119180343596
45_0_1_20170116010527476.jpg,45,Male,0,Black,1,20170116010527476
22_1_3_20170117143722451.jpg,22,Female,1,Indian,3,20170117143722451
28_1_2_20170116162739672.jpg,28,Female,1,Asian,2,20170116162739672
14_1_0_20170103163023120.jpg,14,Female,1,White,0,20170103163023120
47_1_0_20170117160238720.jpg,47,Female,1,White,0,20170117160238720
28_0_3_20170104230628769.jpg,28,Male,0,Indian,3,20170104230628769
26_1_3_20170119193150571.jpg,26,Female,1,Indian,3,20170119193150571
26_1_2_20170116184655060.jpg,26,Female,1,Asian,2,20170116184655060
56_1_0_20170110141552560.jpg,56,Female,1,White,0,20170110141552560
26_1_0_20170103234817732.jpg,26,Female,1,White,0,20170103234817732
39_1_0_20170103163234408.jpg,39,Female,1,White,0,20170103163234408
24_0_2_20170116173456155.jpg,24,Male,0,Asian,2,20170116173456155
29_1_4_20170103224739152.jpg,29,Female,1,Others,4,20170103224739152
50_0_3_20170119202012733.jpg,50,Male,0,Indian,3,20170119202012733
9_0_0_20170120133313910.jpg,9,Male,0,White,0,20170120133313910
65_0_1_20170120222929626.jpg,65,Male,0,Black,1,20170120222929626
36_0_3_20170119195452698.jpg,36,Male,0,Indian,3,20170119195452698
32_0_3_20170119200236372.jpg,32,Male,0,Indian,3,20170119200236372
21_1_1_20170113005832318.jpg,21,Female,1,Black,1,20170113005832318
28_0_1_20170113180628821.jpg,28,Male,0,Black,1,20170113180628821
48_0_0_20170113183724399.jpg,48,Male,0,White,0,20170113183724399
26_1_2_20170116184656151.jpg,26,Female,1,Asian,2,20170116184656151
1_1_2_20161219211948405.jpg,1,Female,1,Asian,2,20161219211948405
39_1_3_20170104235351986.jpg,39,Female,1,Indian,3,20170104235351986
30_1_4_20170117202935574.jpg,30,Female,1,Others,4,20170117202935574
22_0_2_20170104021111388.jpg,22,Male,0,Asian,2,20170104021111388
15_0_0_20170110225410802.jpg,15,Male,0,White,0,20170110225410802
23_0_0_20170117144517953.jpg,23,Male,0,White,0,20170117144517953
26_0_2_20170116180332055.jpg,26,Male,0,Asian,2,20170116180332055
40_0_0_20170117141444172.jpg,40,Male,0,White,0,20170117141444172
61_0_0_20170116235403701.jpg,61,Male,0,White,0,20170116235403701
86_1_3_20170105175650126.jpg,86,Female,1,Indian,3,20170105175650126
28_1_1_20170116024015361.jpg,28,Female,1,Black,1,20170116024015361
24_1_2_20170116173353160.jpg,24,Female,1,Asian,2,20170116173353160
17_1_1_20170114030029194.jpg,17,Female,1,Black,1,20170114030029194
23_1_1_20170117013843049.jpg,23,Female,1,Black,1,20170117013843049
22_1_1_20170114025247512.jpg,22,Female,1,Black,1,20170114025247512
23_1_2_20170116173125516.jpg,23,Female,1,Asian,2,20170116173125516
24_1_1_20170115235954650.jpg,24,Female,1,Black,1,20170115235954650
24_1_0_20170117150813388.jpg,24,Female,1,White,0,20170117150813388
35_0_2_20170116181159415.jpg,35,Male,0,Asian,2,20170116181159415
4_0_2_20161219194118187.jpg,4,Male,0,Asian,2,20161219194118187
28_0_0_20170109141837163.jpg,28,Male,0,White,0,20170109141837163
103_0_2_20170112213001988.jpg,103,Male,0,Asian,2,20170112213001988
61_0_3_20170119211853505.jpg,61,Male,0,Indian,3,20170119211853505
52_0_0_20170111202347090.jpg,52,Male,0,White,0,20170111202347090
24_1_2_20170116173507147.jpg,24,Female,1,Asian,2,20170116173507147
24_1_1_20170112231628815.jpg,24,Female,1,Black,1,20170112231628815
24_0_3_20170119152239904.jpg,24,Male,0,Indian,3,20170119152239904
37_0_3_20170119193244666.jpg,37,Male,0,Indian,3,20170119193244666
35_0_0_20170117170113915.jpg,35,Male,0,White,0,20170117170113915
26_1_1_20170116023808283.jpg,26,Female,1,Black,1,20170116023808283
42_1_1_20170113012041287.jpg,42,Female,1,Black,1,20170113012041287
26_0_0_20170117091437385.jpg,26,Male,0,White,0,20170117091437385
55_0_0_20170120221712005.jpg,55,Male,0,White,0,20170120221712005
50_1_3_20170104181430093.jpg,50,Female,1,Indian,3,20170104181430093
20_1_3_20170119153820321.jpg,20,Female,1,Indian,3,20170119153820321
23_1_0_20170116221809969.jpg,23,Female,1,White,0,20170116221809969
53_0_0_20170104210256884.jpg,53,Male,0,White,0,20170104210256884
55_0_4_20170117204624770.jpg,55,Male,0,Others,4,20170117204624770
39_1_0_20170103182037472.jpg,39,Female,1,White,0,20170103182037472
32_0_0_20170117123734515.jpg,32,Male,0,White,0,20170117123734515
61_0_0_20170117174613406.jpg,61,Male,0,White,0,20170117174613406
1_0_2_20161219211244365.jpg,1,Male,0,Asian,2,20161219211244365
29_0_1_20170113145429766.jpg,29,Male,0,Black,1,20170113145429766
26_1_2_20170116184702571.jpg,26,Female,1,Asian,2,20170116184702571
24_1_4_20170117194842219.jpg,24,Female,1,Others,4,20170117194842219
55_0_0_20170112220524560.jpg,55,Male,0,White,0,20170112220524560
24_1_1_20170113011240168.jpg,24,Female,1,Black,1,20170113011240168
63_0_1_20170116235836887.jpg,63,Male,0,Black,1,20170116235836887
34_0_0_20170117191037767.jpg,34,Male,0,White,0,20170117191037767
55_1_3_20170119171332121.jpg,55,Female,1,Indian,3,20170119171332121
62_0_0_20170120224648431.jpg,62,Male,0,White,0,20170120224648431
13_0_0_20170103200413990.jpg,13,Male,0,White,0,20170103200413990
22_0_0_20170117135052479.jpg,22,Male,0,White,0,20170117135052479
25_1_0_20170117204147750.jpg,25,Female,1,White,0,20170117204147750
26_1_3_20170117173636062.jpg,26,Female,1,Indian,3,20170117173636062
30_0_4_20170103230146433.jpg,30,Male,0,Others,4,20170103230146433
5_1_0_20170109192114580.jpg,5,Female,1,White,0,20170109192114580
38_0_0_20170105172811910.jpg,38,Male,0,White,0,20170105172811910
26_1_1_20170113000647442.jpg,26,Female,1,Black,1,20170113000647442
2_1_2_20161219160405349.jpg,2,Female,1,Asian,2,20161219160405349
45_0_4_20170117203301774.jpg,45,Male,0,Others,4,20170117203301774
43_0_2_20170112220312529.jpg,43,Male,0,Asian,2,20170112220312529
35_0_0_20170117180339845.jpg,35,Male,0,White,0,20170117180339845
46_1_2_20170109011159798.jpg,46,Female,1,Asian,2,20170109011159798
28_1_0_20170116164219746.jpg,28,Female,1,White,0,20170116164219746
1_0_0_20161219140642920.jpg,1,Male,0,White,0,20161219140642920
69_1_0_20170110175803672.jpg,69,Female,1,White,0,20170110175803672
25_1_2_20170104015640427.jpg,25,Female,1,Asian,2,20170104015640427
42_0_0_20170104204810195.jpg,42,Male,0,White,0,20170104204810195
28_1_2_20170116162143001.jpg,28,Female,1,Asian,2,20170116162143001
32_1_0_20170116201719833.jpg,32,Female,1,White,0,20170116201719833
4_1_0_20170109201102915.jpg,4,Female,1,White,0,20170109201102915
73_1_0_20170120225339921.jpg,73,Female,1,White,0,20170120225339921
1_0_2_20161219203140692.jpg,1,Male,0,Asian,2,20161219203140692
26_0_4_20170117200626708.jpg,26,Male,0,Others,4,20170117200626708
14_0_3_20170104225245755.jpg,14,Male,0,Indian,3,20170104225245755
27_0_1_20170116200549785.jpg,27,Male,0,Black,1,20170116200549785
48_1_1_20170109221012363.jpg,48,Female,1,Black,1,20170109221012363
23_1_0_20170117171803722.jpg,23,Female,1,White,0,20170117171803722
1_1_3_20161220220214417.jpg,1,Female,1,Indian,3,20161220220214417
32_0_3_20170119200204548.jpg,32,Male,0,Indian,3,20170119200204548
5_0_3_20161220223303987.jpg,5,Male,0,Indian,3,20161220223303987
26_0_3_20170119181200723.jpg,26,Male,0,Indian,3,20170119181200723
35_1_0_20170117174927240.jpg,35,Female,1,White,0,20170117174927240
69_1_0_20170110141854535.jpg,69,Female,1,White,0,20170110141854535
34_0_0_20170117021640307.jpg,34,Male,0,White,0,20170117021640307
37_1_4_20170104170314561.jpg,37,Female,1,Others,4,20170104170314561
16_0_0_20170110231646278.jpg,16,Male,0,White,0,20170110231646278
28_0_4_20170117021421106.jpg,28,Male,0,Others,4,20170117021421106
75_0_0_20170120224003940.jpg,75,Male,0,White,0,20170120224003940
54_0_3_20170119211628321.jpg,54,Male,0,Indian,3,20170119211628321
26_0_1_20170117003155908.jpg,26,Male,0,Black,1,20170117003155908
4_1_0_20170110213431280.jpg,4,Female,1,White,0,20170110213431280
54_0_0_20170120223314300.jpg,54,Male,0,White,0,20170120223314300
26_1_1_20170116231831266.jpg,26,Female,1,Black,1,20170116231831266
6_1_4_20161223232234756.jpg,6,Female,1,Others,4,20161223232234756
58_0_1_20170113190411755.jpg,58,Male,0,Black,1,20170113190411755
80_0_0_20170117172950136.jpg,80,Male,0,White,0,20170117172950136
38_1_1_20170116231308847.jpg,38,Female,1,Black,1,20170116231308847
45_0_3_20170119201952141.jpg,45,Male,0,Indian,3,20170119201952141
67_0_0_20170113210319928.jpg,67,Male,0,White,0,20170113210319928
26_0_1_20170113151918513.jpg,26,Male,0,Black,1,20170113151918513
27_0_0_20170102233441859.jpg,27,Male,0,White,0,20170102233441859
4_0_0_20170110213510791.jpg,4,Male,0,White,0,20170110213510791
85_1_0_20170110182028892.jpg,85,Female,1,White,0,20170110182028892
36_0_1_20170113163308366.jpg,36,Male,0,Black,1,20170113163308366
27_0_0_20170117020138207.jpg,27,Male,0,White,0,20170117020138207
28_0_0_20170119155105218.jpg,28,Male,0,White,0,20170119155105218
2_1_4_20161221202901201.jpg,2,Female,1,Others,4,20161221202901201
32_0_0_20170117123747212.jpg,32,Male,0,White,0,20170117123747212
63_0_0_20170111201901467.jpg,63,Male,0,White,0,20170111201901467
1_0_0_20170110213005631.jpg,1,Male,0,White,0,20170110213005631
45_0_2_20170117153932735.jpg,45,Male,0,Asian,2,20170117153932735
34_1_2_20170116193448303.jpg,34,Female,1,Asian,2,20170116193448303
18_0_0_20170110231228322.jpg,18,Male,0,White,0,20170110231228322
70_0_0_20170116233001019.jpg,70,Male,0,White,0,20170116233001019
1_1_0_20170109191142050.jpg,1,Female,1,White,0,20170109191142050
19_1_0_20170112231655238.jpg,19,Female,1,White,0,20170112231655238
17_1_0_20170109201558943.jpg,17,Female,1,White,0,20170109201558943
60_1_0_20170110152946835.jpg,60,Female,1,White,0,20170110152946835
34_1_0_20170119151149436.jpg,34,Female,1,White,0,20170119151149436
53_1_0_20170110160643219.jpg,53,Female,1,White,0,20170110160643219
28_1_2_20170116190118355.jpg,28,Female,1,Asian,2,20170116190118355
25_0_1_20170114032055563.jpg,25,Male,0,Black,1,20170114032055563
17_1_4_20170103233523157.jpg,17,Female,1,Others,4,20170103233523157
10_0_0_20170110221714752.jpg,10,Male,0,White,0,20170110221714752
24_0_1_20170116003017226.jpg,24,Male,0,Black,1,20170116003017226
21_1_2_20170116170952380.jpg,21,Female,1,Asian,2,20170116170952380
26_1_3_20170117153633221.jpg,26,Female,1,Indian,3,20170117153633221
32_1_0_20170103162938008.jpg,32,Female,1,White,0,20170103162938008
24_1_2_20170116193511273.jpg,24,Female,1,Asian,2,20170116193511273
26_1_0_20170116235045805.jpg,26,Female,1,White,0,20170116235045805
40_1_0_20170103163152623.jpg,40,Female,1,White,0,20170103163152623
29_0_2_20170117180939947.jpg,29,Male,0,Asian,2,20170117180939947
29_1_4_20170103230119816.jpg,29,Female,1,Others,4,20170103230119816
3_1_0_20161219205155700.jpg,3,Female,1,White,0,20161219205155700
28_0_2_20170116164352558.jpg,28,Male,0,Asian,2,20170116164352558
25_0_0_20170119171125583.jpg,25,Male,0,White,0,20170119171125583
72_1_0_20170110183342670.jpg,72,Female,1,White,0,20170110183342670
20_1_2_20170104021544485.jpg,20,Female,1,Asian,2,20170104021544485
24_1_4_20170115235433094.jpg,24,Female,1,Others,4,20170115235433094
23_1_1_20170114033443186.jpg,23,Female,1,Black,1,20170114033443186
1_0_0_20161220223221043.jpg,1,Male,0,White,0,20161220223221043
26_0_0_20170117152636524.jpg,26,Male,0,White,0,20170117152636524
30_1_1_20170112235107208.jpg,30,Female,1,Black,1,20170112235107208
26_0_0_20170117171921227.jpg,26,Male,0,White,0,20170117171921227
57_0_0_20170112203923347.jpg,57,Male,0,White,0,20170112203923347
54_0_3_20170119210208992.jpg,54,Male,0,Indian,3,20170119210208992
4_1_1_20170109194523891.jpg,4,Female,1,Black,1,20170109194523891
5_1_2_20161219193949523.jpg,5,Female,1,Asian,2,20161219193949523
50_0_0_20170109004250555.jpg,50,Male,0,White,0,20170109004250555
45_0_3_20170119202700364.jpg,45,Male,0,Indian,3,20170119202700364
61_0_3_20170119211849977.jpg,61,Male,0,Indian,3,20170119211849977
32_0_2_20170116201214616.jpg,32,Male,0,Asian,2,20170116201214616
32_0_0_20170105183653831.jpg,32,Male,0,White,0,20170105183653831
50_0_2_20170116192850841.jpg,50,Male,0,Asian,2,20170116192850841
26_0_1_20170116024841535.jpg,26,Male,0,Black,1,20170116024841535
45_1_1_20170109221115578.jpg,45,Female,1,Black,1,20170109221115578
20_0_0_20170117151603012.jpg,20,Male,0,White,0,20170117151603012
16_0_0_20170110231707270.jpg,16,Male,0,White,0,20170110231707270
56_1_1_20170116161657239.jpg,56,Female,1,Black,1,20170116161657239
55_0_2_20170104023125269.jpg,55,Male,0,Asian,2,20170104023125269
29_1_0_20170116173132299.jpg,29,Female,1,White,0,20170116173132299
49_0_3_20170119200252003.jpg,49,Male,0,Indian,3,20170119200252003
7_1_3_20161220222848259.jpg,7,Female,1,Indian,3,20161220222848259
70_0_0_20170111205335191.jpg,70,Male,0,White,0,20170111205335191
9_0_0_20170110215520268.jpg,9,Male,0,White,0,20170110215520268
7_0_0_20170110225109143.jpg,7,Male,0,White,0,20170110225109143
29_1_2_20170116162548806.jpg,29,Female,1,Asian,2,20170116162548806
36_0_3_20170119202128525.jpg,36,Male,0,Indian,3,20170119202128525
6_1_0_20170109201628566.jpg,6,Female,1,White,0,20170109201628566
20_0_4_20170105161709125.jpg,20,Male,0,Others,4,20170105161709125
26_0_3_20170119180327397.jpg,26,Male,0,Indian,3,20170119180327397
26_1_2_20170116180016937.jpg,26,Female,1,Asian,2,20170116180016937
49_0_0_20170104184256957.jpg,49,Male,0,White,0,20170104184256957
34_1_1_20170114033230436.jpg,34,Female,1,Black,1,20170114033230436
8_1_4_20170103212955884.jpg,8,Female,1,Others,4,20170103212955884
28_0_0_20170105164834828.jpg,28,Male,0,White,0,20170105164834828
21_1_0_20170117142612442.jpg,21,Female,1,White,0,20170117142612442
27_0_1_20170117164549029.jpg,27,Male,0,Black,1,20170117164549029
3_1_0_20170104010100263.jpg,3,Female,1,White,0,20170104010100263
35_0_2_20170117154550028.jpg,35,Male,0,Asian,2,20170117154550028
26_1_3_20170119193148570.jpg,26,Female,1,Indian,3,20170119193148570
26_1_3_20170119155644533.jpg,26,Female,1,Indian,3,20170119155644533
14_0_0_20170110232745742.jpg,14,Male,0,White,0,20170110232745742
60_1_2_20170116192433309.jpg,60,Female,1,Asian,2,20170116192433309
35_0_1_20170116235211478.jpg,35,Male,0,Black,1,20170116235211478
12_1_0_20170109214435512.jpg,12,Female,1,White,0,20170109214435512
36_0_1_20170113141850810.jpg,36,Male,0,Black,1,20170113141850810
6_1_0_20170104005551551.jpg,6,Female,1,White,0,20170104005551551
58_0_3_20170119211546505.jpg,58,Male,0,Indian,3,20170119211546505
20_1_0_20170119153410801.jpg,20,Female,1,White,0,20170119153410801
37_0_0_20170116185003477.jpg,37,Male,0,White,0,20170116185003477
35_0_4_20170103230610313.jpg,35,Male,0,Others,4,20170103230610313
42_0_3_20170117135542270.jpg,42,Male,0,Indian,3,20170117135542270
32_0_2_20170116183717004.jpg,32,Male,0,Asian,2,20170116183717004
26_0_0_20170116204100913.jpg,26,Male,0,White,0,20170116204100913
37_0_2_20170105163305795.jpg,37,Male,0,Asian,2,20170105163305795
22_1_4_20170104001853773.jpg,22,Female,1,Others,4,20170104001853773
32_0_4_20170117203107295.jpg,32,Male,0,Others,4,20170117203107295
57_1_0_20170117160411871.jpg,57,Female,1,White,0,20170117160411871
89_1_3_20170110182042731.jpg,89,Female,1,Indian,3,20170110182042731
1_1_1_20170109191256746.jpg,1,Female,1,Black,1,20170109191256746
61_0_2_20170112224233965.jpg,61,Male,0,Asian,2,20170112224233965
39_0_1_20170113134310831.jpg,39,Male,0,Black,1,20170113134310831
77_0_2_20170112224733518.jpg,77,Male,0,Asian,2,20170112224733518
33_0_2_20170116191248459.jpg,33,Male,0,Asian,2,20170116191248459
30_0_4_20170117202819247.jpg,30,Male,0,Others,4,20170117202819247
53_1_0_20170116184028385.jpg,53,Female,1,White,0,20170116184028385
23_0_3_20170117144210931.jpg,23,Male,0,Indian,3,20170117144210931
65_1_1_20170113012637127.jpg,65,Female,1,Black,1,20170113012637127
24_1_2_20170103223948600.jpg,24,Female,1,Asian,2,20170103223948600
2_0_4_20161221192937540.jpg,2,Male,0,Others,4,20161221192937540
49_0_3_20170119202423862.jpg,49,Male,0,Indian,3,20170119202423862
17_1_4_20170104011834409.jpg,17,Female,1,Others,4,20170104011834409
35_0_2_20170119193316562.jpg,35,Male,0,Asian,2,20170119193316562
48_0_3_20170119202429341.jpg,48,Male,0,Indian,3,20170119202429341
40_1_2_20170116180536184.jpg,40,Female,1,Asian,2,20170116180536184
80_0_0_20170111202811684.jpg,80,Male,0,White,0,20170111202811684
23_1_3_20170104222308327.jpg,23,Female,1,Indian,3,20170104222308327
26_1_3_20170117154607967.jpg,26,Female,1,Indian,3,20170117154607967
8_1_1_20170109203648153.jpg,8,Female,1,Black,1,20170109203648153
25_1_1_20170112205103738.jpg,25,Female,1,Black,1,20170112205103738
30_0_0_20170117181232946.jpg,30,Male,0,White,0,20170117181232946
17_0_0_20170110232438939.jpg,17,Male,0,White,0,20170110232438939
16_1_0_20170109204349968.jpg,16,Female,1,White,0,20170109204349968
56_1_3_20170109141502576.jpg,56,Female,1,Indian,3,20170109141502576
29_0_4_20170108223951591.jpg,29,Male,0,Others,4,20170108223951591
22_0_0_20170117140545960.jpg,22,Male,0,White,0,20170117140545960
96_1_0_20170110182433943.jpg,96,Female,1,White,0,20170110182433943
26_0_3_20170119183349137.jpg,26,Male,0,Indian,3,20170119183349137
19_0_1_20170114025936564.jpg,19,Male,0,Black,1,20170114025936564
30_0_1_20170113134204447.jpg,30,Male,0,Black,1,20170113134204447
2_1_4_20161221200558048.jpg,2,Female,1,Others,4,20161221200558048
8_1_2_20170109205424712.jpg,8,Female,1,Asian,2,20170109205424712
2_1_1_20170117133919045.jpg,2,Female,1,Black,1,20170117133919045
50_1_4_20170117203355296.jpg,50,Female,1,Others,4,20170117203355296
75_0_0_20170117192228563.jpg,75,Male,0,White,0,20170117192228563
25_0_3_20170105175316102.jpg,25,Male,0,Indian,3,20170105175316102
34_1_0_20170103183107138.jpg,34,Female,1,White,0,20170103183107138
60_0_0_20170112224151627.jpg,60,Male,0,White,0,20170112224151627
6_1_0_20170109201721681.jpg,6,Female,1,White,0,20170109201721681
30_1_0_20170117171346533.jpg,30,Female,1,White,0,20170117171346533
15_1_3_20170104222618503.jpg,15,Female,1,Indian,3,20170104222618503
11_1_4_20170104005813063.jpg,11,Female,1,Others,4,20170104005813063
29_0_0_20170117123720494.jpg,29,Male,0,White,0,20170117123720494
22_0_3_20170117154523094.jpg,22,Male,0,Indian,3,20170117154523094
76_1_0_20170110140935777.jpg,76,Female,1,White,0,20170110140935777
20_1_3_20170104222021392.jpg,20,Female,1,Indian,3,20170104222021392
38_1_2_20170116192323993.jpg,38,Female,1,Asian,2,20170116192323993
33_1_1_20170113001213379.jpg,33,Female,1,Black,1,20170113001213379
24_1_1_20170113011328232.jpg,24,Female,1,Black,1,20170113011328232
11_0_0_20170110225435539.jpg,11,Male,0,White,0,20170110225435539
30_0_2_20170116191231876.jpg,30,Male,0,Asian,2,20170116191231876
84_1_0_20170110140658706.jpg,84,Female,1,White,0,20170110140658706
57_1_0_20170110160643595.jpg,57,Female,1,White,0,20170110160643595
70_0_0_20170116213553686.jpg,70,Male,0,White,0,20170116213553686
82_1_0_20170110141329969.jpg,82,Female,1,White,0,20170110141329969
29_0_1_20170113173016611.jpg,29,Male,0,Black,1,20170113173016611
1_0_4_20161221195047839.jpg,1,Male,0,Others,4,20161221195047839
28_0_2_20170116190050357.jpg,28,Male,0,Asian,2,20170116190050357
9_1_0_20170109202824646.jpg,9,Female,1,White,0,20170109202824646
31_1_1_20170113012024246.jpg,31,Female,1,Black,1,20170113012024246
42_0_0_20170104181513925.jpg,42,Male,0,White,0,20170104181513925
85_0_2_20170111211021687.jpg,85,Male,0,Asian,2,20170111211021687
19_0_1_20170110231850376.jpg,19,Male,0,Black,1,20170110231850376
28_1_3_20170104223537760.jpg,28,Female,1,Indian,3,20170104223537760
25_1_3_20170119172144676.jpg,25,Female,1,Indian,3,20170119172144676
28_0_0_20170117121833834.jpg,28,Male,0,White,0,20170117121833834
3_1_0_20161220220147617.jpg,3,Female,1,White,0,20161220220147617
14_0_4_20170117204503401.jpg,14,Male,0,Others,4,20170117204503401
28_0_0_20170120133921719.jpg,28,Male,0,White,0,20170120133921719
26_1_2_20170116180313693.jpg,26,Female,1,Asian,2,20170116180313693
38_0_3_20170119155935681.jpg,38,Male,0,Indian,3,20170119155935681
7_1_2_20161219204222117.jpg,7,Female,1,Asian,2,20161219204222117
56_0_0_20170117191631748.jpg,56,Male,0,White,0,20170117191631748
26_0_1_20170117195747853.jpg,26,Male,0,Black,1,20170117195747853
29_1_2_20170103181921865.jpg,29,Female,1,Asian,2,20170103181921865
8_1_2_20170116194013325.jpg,8,Female,1,Asian,2,20170116194013325
48_1_0_20170104185815758.jpg,48,Female,1,White,0,20170104185815758
34_0_3_20170119200717205.jpg,34,Male,0,Indian,3,20170119200717205
63_0_3_20170119211951488.jpg,63,Male,0,Indian,3,20170119211951488
28_1_0_20170103181241664.jpg,28,Female,1,White,0,20170103181241664
32_0_0_20170117134709477.jpg,32,Male,0,White,0,20170117134709477
26_1_0_20170117173801797.jpg,26,Female,1,White,0,20170117173801797
24_1_3_20170119171037624.jpg,24,Female,1,Indian,3,20170119171037624
23_1_3_20170119164543837.jpg,23,Female,1,Indian,3,20170119164543837
42_0_0_20170117203914696.jpg,42,Male,0,White,0,20170117203914696
10_0_0_20170110225451638.jpg,10,Male,0,White,0,20170110225451638
9_1_1_20170109201837354.jpg,9,Female,1,Black,1,20170109201837354
50_0_0_20170111203719759.jpg,50,Male,0,White,0,20170111203719759
29_1_0_20170116214325947.jpg,29,Female,1,White,0,20170116214325947
35_0_2_20170116182958820.jpg,35,Male,0,Asian,2,20170116182958820
60_0_0_20170104205856564.jpg,60,Male,0,White,0,20170104205856564
26_0_3_20170119183349949.jpg,26,Male,0,Indian,3,20170119183349949
41_0_0_20170104165442057.jpg,41,Male,0,White,0,20170104165442057
35_0_0_20170116223921881.jpg,35,Male,0,White,0,20170116223921881
18_1_0_20170117140751537.jpg,18,Female,1,White,0,20170117140751537
35_0_2_20170116191853753.jpg,35,Male,0,Asian,2,20170116191853753
15_0_0_20170104225947233.jpg,15,Male,0,White,0,20170104225947233
5_1_0_20170109193656512.jpg,5,Female,1,White,0,20170109193656512
26_0_2_20170116181246309.jpg,26,Male,0,Asian,2,20170116181246309
54_0_0_20170104212535269.jpg,54,Male,0,White,0,20170104212535269
54_0_3_20170119210115168.jpg,54,Male,0,Indian,3,20170119210115168
28_0_3_20170119194942867.jpg,28,Male,0,Indian,3,20170119194942867
32_0_0_20170116180259328.jpg,32,Male,0,White,0,20170116180259328
29_1_1_20170109134854367.jpg,29,Female,1,Black,1,20170109134854367
51_1_4_20170117123956403.jpg,51,Female,1,Others,4,20170117123956403
1_1_0_20161220220457473.jpg,1,Female,1,White,0,20161220220457473
57_0_0_20170109015522309.jpg,57,Male,0,White,0,20170109015522309
38_1_0_20170116003240193.jpg,38,Female,1,White,0,20170116003240193
2_0_0_20170110213146269.jpg,2,Male,0,White,0,20170110213146269
48_1_0_20170109221004139.jpg,48,Female,1,White,0,20170109221004139
18_1_0_20170109213137477.jpg,18,Female,1,White,0,20170109213137477
26_1_0_20170117091659319.jpg,26,Female,1,White,0,20170117091659319
1_0_4_20161221200309040.jpg,1,Male,0,Others,4,20161221200309040
44_0_0_20170104210021804.jpg,44,Male,0,White,0,20170104210021804
60_0_0_20170113210127337.jpg,60,Male,0,White,0,20170113210127337
70_0_0_20170111200757701.jpg,70,Male,0,White,0,20170111200757701
55_0_0_20170117160031913.jpg,55,Male,0,White,0,20170117160031913
35_1_3_20170117182841270.jpg,35,Female,1,Indian,3,20170117182841270
35_0_4_20170117204336319.jpg,35,Male,0,Others,4,20170117204336319
10_1_0_20170109203245653.jpg,10,Female,1,White,0,20170109203245653
30_1_0_20170104184950950.jpg,30,Female,1,White,0,20170104184950950
53_1_0_20170109220736654.jpg,53,Female,1,White,0,20170109220736654
35_0_3_20170117181837205.jpg,35,Male,0,Indian,3,20170117181837205
26_0_1_20170116183512340.jpg,26,Male,0,Black,1,20170116183512340
30_1_4_20170109135421119.jpg,30,Female,1,Others,4,20170109135421119
31_0_0_20170117175719891.jpg,31,Male,0,White,0,20170117175719891
50_0_4_20170116224718413.jpg,50,Male,0,Others,4,20170116224718413
37_0_3_20170119202310776.jpg,37,Male,0,Indian,3,20170119202310776
23_1_1_20170114033629976.jpg,23,Female,1,Black,1,20170114033629976
30_0_0_20170117143502368.jpg,30,Male,0,White,0,20170117143502368
1_0_3_20161219225846512.jpg,1,Male,0,Indian,3,20161219225846512
58_0_0_20170117191926691.jpg,58,Male,0,White,0,20170117191926691
3_1_4_20161221195312639.jpg,3,Female,1,Others,4,20161221195312639
40_0_1_20170116233052810.jpg,40,Male,0,Black,1,20170116233052810
85_1_0_20170110183129402.jpg,85,Female,1,White,0,20170110183129402
38_1_4_20170105173608614.jpg,38,Female,1,Others,4,20170105173608614
68_0_0_20170111200435940.jpg,68,Male,0,White,0,20170111200435940
27_1_2_20170116163900043.jpg,27,Female,1,Asian,2,20170116163900043
77_0_0_20170111222408207.jpg,77,Male,0,White,0,20170111222408207
26_0_3_20170117154746934.jpg,26,Male,0,Indian,3,20170117154746934
8_1_0_20170109204933562.jpg,8,Female,1,White,0,20170109204933562
18_0_0_20170117175618980.jpg,18,Male,0,White,0,20170117175618980
1_0_2_20161219202906108.jpg,1,Male,0,Asian,2,20161219202906108
3_1_1_20170109194614913.jpg,3,Female,1,Black,1,20170109194614913
48_1_1_20170109142322529.jpg,48,Female,1,Black,1,20170109142322529
67_1_0_20170110143255682.jpg,67,Female,1,White,0,20170110143255682
62_1_0_20170110133917734.jpg,62,Female,1,White,0,20170110133917734
41_0_0_20170105172936597.jpg,41,Male,0,White,0,20170105172936597
22_1_1_20170112203832467.jpg,22,Female,1,Black,1,20170112203832467
26_1_0_20170117173739125.jpg,26,Female,1,White,0,20170117173739125
15_1_2_20170116175234078.jpg,15,Female,1,Asian,2,20170116175234078
59_0_0_20170111203905144.jpg,59,Male,0,White,0,20170111203905144
23_0_0_20170117144526121.jpg,23,Male,0,White,0,20170117144526121
38_1_0_20170117160605286.jpg,38,Female,1,White,0,20170117160605286
48_1_0_20170119205430280.jpg,48,Female,1,White,0,20170119205430280
31_1_2_20170104020811717.jpg,31,Female,1,Asian,2,20170104020811717
1_0_2_20161219222014119.jpg,1,Male,0,Asian,2,20161219222014119
32_0_3_20170104214152870.jpg,32,Male,0,Indian,3,20170104214152870
40_1_0_20170108234357077.jpg,40,Female,1,White,0,20170108234357077
29_1_1_20170113012557033.jpg,29,Female,1,Black,1,20170113012557033
20_1_0_20170103175638671.jpg,20,Female,1,White,0,20170103175638671
73_1_0_20170110141129145.jpg,73,Female,1,White,0,20170110141129145
56_1_3_20170109141207996.jpg,56,Female,1,Indian,3,20170109141207996
35_1_1_20170112230432254.jpg,35,Female,1,Black,1,20170112230432254
2_1_4_20161221202408818.jpg,2,Female,1,Others,4,20161221202408818
2_1_1_20170109194558992.jpg,2,Female,1,Black,1,20170109194558992
20_0_0_20170104230025073.jpg,20,Male,0,White,0,20170104230025073
52_1_1_20170113012640929.jpg,52,Female,1,Black,1,20170113012640929
24_1_3_20170104234737428.jpg,24,Female,1,Indian,3,20170104234737428
35_1_0_20170117191606659.jpg,35,Female,1,White,0,20170117191606659
35_1_0_20170117175625946.jpg,35,Female,1,White,0,20170117175625946
54_0_1_20170113145459151.jpg,54,Male,0,Black,1,20170113145459151
9_0_0_20170110220240322.jpg,9,Male,0,White,0,20170110220240322
40_1_0_20170117135425683.jpg,40,Female,1,White,0,20170117135425683
93_1_0_20170110182437844.jpg,93,Female,1,White,0,20170110182437844
53_1_0_20170110160643235.jpg,53,Female,1,White,0,20170110160643235
26_1_1_20170114031102802.jpg,26,Female,1,Black,1,20170114031102802
26_1_2_20170116184701683.jpg,26,Female,1,Asian,2,20170116184701683
18_0_0_20170110231703804.jpg,18,Male,0,White,0,20170110231703804
32_0_1_20170113173613939.jpg,32,Male,0,Black,1,20170113173613939
28_1_0_20170117022353982.jpg,28,Female,1,White,0,20170117022353982
30_1_3_20170119195851939.jpg,30,Female,1,Indian,3,20170119195851939
41_0_0_20170113184511343.jpg,41,Male,0,White,0,20170113184511343
29_0_0_20170104202211753.jpg,29,Male,0,White,0,20170104202211753
38_1_1_20170117184822384.jpg,38,Female,1,Black,1,20170117184822384
54_0_3_20170119210131208.jpg,54,Male,0,Indian,3,20170119210131208
25_0_1_20170113151350864.jpg,25,Male,0,Black,1,20170113151350864
3_1_2_20161219212345318.jpg,3,Female,1,Asian,2,20161219212345318
42_1_0_20170109141959953.jpg,42,Female,1,White,0,20170109141959953
54_0_3_20170119210111784.jpg,54,Male,0,Indian,3,20170119210111784
43_1_3_20170109132235319.jpg,43,Female,1,Indian,3,20170109132235319
17_0_0_20170113132359393.jpg,17,Male,0,White,0,20170113132359393
9_0_0_20170110220413289.jpg,9,Male,0,White,0,20170110220413289
35_1_0_20170109141753176.jpg,35,Female,1,White,0,20170109141753176
75_0_0_20170117192218987.jpg,75,Male,0,White,0,20170117192218987
26_0_0_20170103181224784.jpg,26,Male,0,White,0,20170103181224784
58_0_3_20170104220928390.jpg,58,Male,0,Indian,3,20170104220928390
25_1_2_20170116174838291.jpg,25,Female,1,Asian,2,20170116174838291
74_1_0_20170110173749526.jpg,74,Female,1,White,0,20170110173749526
55_0_0_20170117202731568.jpg,55,Male,0,White,0,20170117202731568
12_0_0_20170110225330874.jpg,12,Male,0,White,0,20170110225330874
54_0_3_20170119211332737.jpg,54,Male,0,Indian,3,20170119211332737
25_1_2_20161219194415803.jpg,25,Female,1,Asian,2,20161219194415803
28_1_3_20170119195056772.jpg,28,Female,1,Indian,3,20170119195056772
35_0_1_20170117191454763.jpg,35,Male,0,Black,1,20170117191454763
52_0_1_20170113184035487.jpg,52,Male,0,Black,1,20170113184035487
55_0_0_20170117185648744.jpg,55,Male,0,White,0,20170117185648744
24_0_3_20170119164647197.jpg,24,Male,0,Indian,3,20170119164647197
4_0_3_20161220222803227.jpg,4,Male,0,Indian,3,20161220222803227
50_1_0_20170110143400936.jpg,50,Female,1,White,0,20170110143400936
58_1_0_20170117173717097.jpg,58,Female,1,White,0,20170117173717097
35_0_1_20170117000315372.jpg,35,Male,0,Black,1,20170117000315372
34_0_3_20170119150531191.jpg,34,Male,0,Indian,3,20170119150531191
68_0_0_20170104213635701.jpg,68,Male,0,White,0,20170104213635701
22_1_4_20170103223042983.jpg,22,Female,1,Others,4,20170103223042983
3_0_2_20161219151511755.jpg,3,Male,0,Asian,2,20161219151511755
68_0_3_20170117172636569.jpg,68,Male,0,Indian,3,20170117172636569
26_0_1_20170116205013743.jpg,26,Male,0,Black,1,20170116205013743
35_1_0_20170103180514968.jpg,35,Female,1,White,0,20170103180514968
37_0_3_20170119202413166.jpg,37,Male,0,Indian,3,20170119202413166
26_0_1_20170120140251905.jpg,26,Male,0,Black,1,20170120140251905
1_0_0_20170110212745529.jpg,1,Male,0,White,0,20170110212745529
18_1_0_20170109213140139.jpg,18,Female,1,White,0,20170109213140139
70_0_3_20170119205849176.jpg,70,Male,0,Indian,3,20170119205849176
47_0_0_20170117160014001.jpg,47,Male,0,White,0,20170117160014001
85_1_0_20170120225733929.jpg,85,Female,1,White,0,20170120225733929
26_1_3_20170119193046825.jpg,26,Female,1,Indian,3,20170119193046825
26_0_1_20170113174249954.jpg,26,Male,0,Black,1,20170113174249954
31_1_0_20170117181938381.jpg,31,Female,1,White,0,20170117181938381
38_1_2_20170116190015995.jpg,38,Female,1,Asian,2,20170116190015995
51_0_0_20170117160753918.jpg,51,Male,0,White,0,20170117160753918
39_0_3_20170119195343676.jpg,39,Male,0,Indian,3,20170119195343676
50_0_2_20170109012311747.jpg,50,Male,0,Asian,2,20170109012311747
83_0_2_20170112224652531.jpg,83,Male,0,Asian,2,20170112224652531
27_0_3_20170119193303226.jpg,27,Male,0,Indian,3,20170119193303226
1_1_2_20161219155909061.jpg,1,Female,1,Asian,2,20161219155909061
28_1_2_20170116164556009.jpg,28,Female,1,Asian,2,20170116164556009
13_0_0_20170103200631336.jpg,13,Male,0,White,0,20170103200631336
50_0_2_20170112220437210.jpg,50,Male,0,Asian,2,20170112220437210
69_0_0_20170111200511915.jpg,69,Male,0,White,0,20170111200511915
12_1_0_20170109204428993.jpg,12,Female,1,White,0,20170109204428993
29_0_1_20170113173049224.jpg,29,Male,0,Black,1,20170113173049224
41_0_0_20170117171015249.jpg,41,Male,0,White,0,20170117171015249
25_1_0_20170103183722595.jpg,25,Female,1,White,0,20170103183722595
1_0_0_20161219203009924.jpg,1,Male,0,White,0,20161219203009924
40_1_1_20170116223441453.jpg,40,Female,1,Black,1,20170116223441453
21_0_0_20170113182733390.jpg,21,Male,0,White,0,20170113182733390
75_0_0_20170117192054194.jpg,75,Male,0,White,0,20170117192054194
26_0_0_20170116233436547.jpg,26,Male,0,White,0,20170116233436547
28_1_2_20170116165616595.jpg,28,Female,1,Asian,2,20170116165616595
55_1_0_20170117152514923.jpg,55,Female,1,White,0,20170117152514923
24_0_1_20170103181218960.jpg,24,Male,0,Black,1,20170103181218960
15_0_2_20170104013327250.jpg,15,Male,0,Asian,2,20170104013327250
26_1_0_20170117201944942.jpg,26,Female,1,White,0,20170117201944942
40_1_4_20170117200930685.jpg,40,Female,1,Others,4,20170117200930685
27_1_3_20170104231620409.jpg,27,Female,1,Indian,3,20170104231620409
56_0_0_20170119181226587.jpg,56,Male,0,White,0,20170119181226587
3_1_3_20161219230259272.jpg,3,Female,1,Indian,3,20161219230259272
1_0_3_20161219230303992.jpg,1,Male,0,Indian,3,20161219230303992
37_1_1_20170116022100642.jpg,37,Female,1,Black,1,20170116022100642
4_1_0_20161220220732418.jpg,4,Female,1,White,0,20161220220732418
61_1_0_20170110181725541.jpg,61,Female,1,White,0,20170110181725541
56_0_0_20170120223014338.jpg,56,Male,0,White,0,20170120223014338
26_1_4_20170116181035930.jpg,26,Female,1,Others,4,20170116181035930
58_0_0_20170104213232283.jpg,58,Male,0,White,0,20170104213232283
26_0_1_20170116201929711.jpg,26,Male,0,Black,1,20170116201929711
24_1_4_20170103212911364.jpg,24,Female,1,Others,4,20170103212911364
23_1_3_20170104231757866.jpg,23,Female,1,Indian,3,20170104231757866
1_1_2_20161219162730478.jpg,1,Female,1,Asian,2,20161219162730478
3_1_0_20161219190805051.jpg,3,Female,1,White,0,20161219190805051
31_0_0_20170117133148137.jpg,31,Male,0,White,0,20170117133148137
24_1_3_20170104234822506.jpg,24,Female,1,Indian,3,20170104234822506
21_1_1_20170114032154585.jpg,21,Female,1,Black,1,20170114032154585
19_0_0_20170110232102606.jpg,19,Male,0,White,0,20170110232102606
57_0_3_20170119211457489.jpg,57,Male,0,Indian,3,20170119211457489
28_1_2_20170116165514344.jpg,28,Female,1,Asian,2,20170116165514344
26_1_3_20170104222740327.jpg,26,Female,1,Indian,3,20170104222740327
2_1_2_20161219195509211.jpg,2,Female,1,Asian,2,20161219195509211
23_1_4_20170117194143181.jpg,23,Female,1,Others,4,20170117194143181
14_0_0_20170110220704398.jpg,14,Male,0,White,0,20170110220704398
1_1_3_20161220143207700.jpg,1,Female,1,Indian,3,20161220143207700
48_1_0_20170109142203204.jpg,48,Female,1,White,0,20170109142203204
23_0_4_20170116221049556.jpg,23,Male,0,Others,4,20170116221049556
65_0_0_20170120222749697.jpg,65,Male,0,White,0,20170120222749697
24_1_2_20170116174501132.jpg,24,Female,1,Asian,2,20170116174501132
40_1_1_20170112234224866.jpg,40,Female,1,Black,1,20170112234224866
54_0_0_20170104184945414.jpg,54,Male,0,White,0,20170104184945414
26_1_0_20170117175124289.jpg,26,Female,1,White,0,20170117175124289
2_0_2_20161219162132342.jpg,2,Male,0,Asian,2,20161219162132342
56_0_0_20170105161423995.jpg,56,Male,0,White,0,20170105161423995
40_1_3_20170119144248205.jpg,40,Female,1,Indian,3,20170119144248205
31_1_3_20170104235836460.jpg,31,Female,1,Indian,3,20170104235836460
26_1_4_20170103235605244.jpg,26,Female,1,Others,4,20170103235605244
32_1_1_20170112215155305.jpg,32,Female,1,Black,1,20170112215155305
38_1_0_20170104235617475.jpg,38,Female,1,White,0,20170104235617475
21_0_4_20170117141839865.jpg,21,Male,0,Others,4,20170117141839865
55_1_0_20170117172131755.jpg,55,Female,1,White,0,20170117172131755
68_0_0_20170117172902192.jpg,68,Male,0,White,0,20170117172902192
18_0_3_20170104225820545.jpg,18,Male,0,Indian,3,20170104225820545
1_0_3_20161219230351288.jpg,1,Male,0,Indian,3,20161219230351288
35_1_0_20170117135118514.jpg,35,Female,1,White,0,20170117135118514
3_0_0_20170110212548876.jpg,3,Male,0,White,0,20170110212548876
32_1_3_20170104172955993.jpg,32,Female,1,Indian,3,20170104172955993
78_0_0_20170111222508641.jpg,78,Male,0,White,0,20170111222508641
35_0_4_20170117132531670.jpg,35,Male,0,Others,4,20170117132531670
27_1_2_20170116185938978.jpg,27,Female,1,Asian,2,20170116185938978
28_1_3_20170119195056083.jpg,28,Female,1,Indian,3,20170119195056083
58_1_0_20170104185710750.jpg,58,Female,1,White,0,20170104185710750
8_1_4_20170104010936352.jpg,8,Female,1,Others,4,20170104010936352
62_0_0_20170120134411415.jpg,62,Male,0,White,0,20170120134411415
35_0_3_20170119200913517.jpg,35,Male,0,Indian,3,20170119200913517
9_0_1_20170110220605937.jpg,9,Male,0,Black,1,20170110220605937
63_1_0_20170110151426496.jpg,63,Female,1,White,0,20170110151426496
53_0_1_20170120223004304.jpg,53,Male,0,Black,1,20170120223004304
15_1_1_20170112191212510.jpg,15,Female,1,Black,1,20170112191212510
48_0_0_20170111194917142.jpg,48,Male,0,White,0,20170111194917142
26_0_3_20170119162933629.jpg,26,Male,0,Indian,3,20170119162933629
73_0_0_20170104213657221.jpg,73,Male,0,White,0,20170104213657221
4_1_0_20170109191135825.jpg,4,Female,1,White,0,20170109191135825
54_1_3_20170119211354201.jpg,54,Female,1,Indian,3,20170119211354201
51_0_0_20170104211815983.jpg,51,Male,0,White,0,20170104211815983
28_1_1_20170117183617983.jpg,28,Female,1,Black,1,20170117183617983
26_0_1_20170116220218880.jpg,26,Male,0,Black,1,20170116220218880
25_1_3_20170104232058250.jpg,25,Female,1,Indian,3,20170104232058250
70_1_0_20170110123134893.jpg,70,Female,1,White,0,20170110123134893
85_1_3_20170110183506044.jpg,85,Female,1,Indian,3,20170110183506044
29_1_3_20170104232621386.jpg,29,Female,1,Indian,3,20170104232621386
26_1_3_20170117153618803.jpg,26,Female,1,Indian,3,20170117153618803
2_1_4_20161221202353640.jpg,2,Female,1,Others,4,20161221202353640
65_1_0_20170103184138483.jpg,65,Female,1,White,0,20170103184138483
26_0_0_20170117195743604.jpg,26,Male,0,White,0,20170117195743604
28_0_0_20170117120912350.jpg,28,Male,0,White,0,20170117120912350
2_1_2_20161219192330594.jpg,2,Female,1,Asian,2,20161219192330594
27_1_3_20170117175954467.jpg,27,Female,1,Indian,3,20170117175954467
15_1_0_20170109214409051.jpg,15,Female,1,White,0,20170109214409051
55_1_0_20170117174940936.jpg,55,Female,1,White,0,20170117174940936
32_1_0_20170117134803913.jpg,32,Female,1,White,0,20170117134803913
2_0_2_20161219162359990.jpg,2,Male,0,Asian,2,20161219162359990
54_0_0_20170113184955694.jpg,54,Male,0,White,0,20170113184955694
3_1_2_20161219155004341.jpg,3,Female,1,Asian,2,20161219155004341
1_0_2_20161219141912009.jpg,1,Male,0,Asian,2,20161219141912009
73_0_3_20170119212056296.jpg,73,Male,0,Indian,3,20170119212056296
32_0_2_20170116191428705.jpg,32,Male,0,Asian,2,20170116191428705
22_0_0_20170117143335098.jpg,22,Male,0,White,0,20170117143335098
21_1_0_20170116214341701.jpg,21,Female,1,White,0,20170116214341701
23_1_1_20170112234254088.jpg,23,Female,1,Black,1,20170112234254088
26_0_1_20170116183514931.jpg,26,Male,0,Black,1,20170116183514931
3_1_0_20170109190740324.jpg,3,Female,1,White,0,20170109190740324
29_1_1_20170113003505958.jpg,29,Female,1,Black,1,20170113003505958
24_1_0_20170105183749799.jpg,24,Female,1,White,0,20170105183749799
23_1_2_20170116173210232.jpg,23,Female,1,Asian,2,20170116173210232
31_0_0_20170109134322184.jpg,31,Male,0,White,0,20170109134322184
44_0_0_20170120140310249.jpg,44,Male,0,White,0,20170120140310249
7_0_3_20170119144311624.jpg,7,Male,0,Indian,3,20170119144311624
9_0_0_20170110223500322.jpg,9,Male,0,White,0,20170110223500322
7_1_4_20161223225843468.jpg,7,Female,1,Others,4,20161223225843468
26_1_0_20170109141214949.jpg,26,Female,1,White,0,20170109141214949
4_1_3_20161220223107732.jpg,4,Female,1,Indian,3,20161220223107732
70_1_0_20170110141008498.jpg,70,Female,1,White,0,20170110141008498
39_0_0_20170104204624075.jpg,39,Male,0,White,0,20170104204624075
1_0_2_20161219195258747.jpg,1,Male,0,Asian,2,20161219195258747
46_0_0_20170113181514861.jpg,46,Male,0,White,0,20170113181514861
21_1_3_20170117142239360.jpg,21,Female,1,Indian,3,20170117142239360
42_0_1_20170117171459684.jpg,42,Male,0,Black,1,20170117171459684
24_0_1_20170113181434238.jpg,24,Male,0,Black,1,20170113181434238
80_0_0_20170119204109399.jpg,80,Male,0,White,0,20170119204109399
1_0_2_20161219162431598.jpg,1,Male,0,Asian,2,20161219162431598
7_1_0_20170109202312260.jpg,7,Female,1,White,0,20170109202312260
24_1_0_20170117150315450.jpg,24,Female,1,White,0,20170117150315450
26_1_2_20170116163914678.jpg,26,Female,1,Asian,2,20170116163914678
28_0_1_20170113173600097.jpg,28,Male,0,Black,1,20170113173600097
42_0_0_20170117135659058.jpg,42,Male,0,White,0,20170117135659058
35_1_0_20170117150828892.jpg,35,Female,1,White,0,20170117150828892
40_1_0_20170117180019091.jpg,40,Female,1,White,0,20170117180019091
36_1_1_20170117135857248.jpg,36,Female,1,Black,1,20170117135857248
32_0_0_20170104165226793.jpg,32,Male,0,White,0,20170104165226793
32_1_0_20170104204331019.jpg,32,Female,1,White,0,20170104204331019
3_1_3_20161219225423312.jpg,3,Female,1,Indian,3,20161219225423312
60_0_0_20170104213206349.jpg,60,Male,0,White,0,20170104213206349
25_0_3_20170119212123817.jpg,25,Male,0,Indian,3,20170119212123817
1_1_2_20161219155356357.jpg,1,Female,1,Asian,2,20161219155356357
25_0_2_20170104192902767.jpg,25,Male,0,Asian,2,20170104192902767
22_1_1_20170112231734479.jpg,22,Female,1,Black,1,20170112231734479
26_1_1_20170117152602749.jpg,26,Female,1,Black,1,20170117152602749
53_0_0_20170117163657978.jpg,53,Male,0,White,0,20170117163657978
2_1_3_20161219225905168.jpg,2,Female,1,Indian,3,20161219225905168
21_1_1_20170114032203540.jpg,21,Female,1,Black,1,20170114032203540
16_0_4_20170102234702965.jpg,16,Male,0,Others,4,20170102234702965
25_1_0_20170117145120563.jpg,25,Female,1,White,0,20170117145120563
35_0_1_20170117184758222.jpg,35,Male,0,Black,1,20170117184758222
21_1_1_20170112233316503.jpg,21,Female,1,Black,1,20170112233316503
37_1_2_20170105172732733.jpg,37,Female,1,Asian,2,20170105172732733
26_1_1_20170116162111804.jpg,26,Female,1,Black,1,20170116162111804
23_0_0_20170117144116074.jpg,23,Male,0,White,0,20170117144116074
26_1_1_20170116153217708.jpg,26,Female,1,Black,1,20170116153217708
21_0_4_20161223214835183.jpg,21,Male,0,Others,4,20161223214835183
36_0_0_20170103182808586.jpg,36,Male,0,White,0,20170103182808586
24_1_2_20170104021837189.jpg,24,Female,1,Asian,2,20170104021837189
21_1_0_20170112233610183.jpg,21,Female,1,White,0,20170112233610183
40_1_3_20170117185243863.jpg,40,Female,1,Indian,3,20170117185243863
8_1_0_20170109201536853.jpg,8,Female,1,White,0,20170109201536853
39_0_3_20170105172840532.jpg,39,Male,0,Indian,3,20170105172840532
31_1_4_20170117203052559.jpg,31,Female,1,Others,4,20170117203052559
2_0_0_20170109190947004.jpg,2,Male,0,White,0,20170109190947004
36_1_1_20170113182102246.jpg,36,Female,1,Black,1,20170113182102246
35_1_0_20170117152131106.jpg,35,Female,1,White,0,20170117152131106
26_0_3_20170117154505758.jpg,26,Male,0,Indian,3,20170117154505758
34_0_0_20170117121730983.jpg,34,Male,0,White,0,20170117121730983
40_1_1_20170112234412839.jpg,40,Female,1,Black,1,20170112234412839
8_1_0_20170109201705598.jpg,8,Female,1,White,0,20170109201705598
65_0_1_20170117191903245.jpg,65,Male,0,Black,1,20170117191903245
70_1_0_20170120220622170.jpg,70,Female,1,White,0,20170120220622170
25_0_1_20170113133108944.jpg,25,Male,0,Black,1,20170113133108944
30_0_0_20170117181217157.jpg,30,Male,0,White,0,20170117181217157
26_0_1_20170117003149461.jpg,26,Male,0,Black,1,20170117003149461
25_1_3_20170117152035011.jpg,25,Female,1,Indian,3,20170117152035011
27_0_1_20170113155235889.jpg,27,Male,0,Black,1,20170113155235889
28_0_0_20170117180236154.jpg,28,Male,0,White,0,20170117180236154
65_1_0_20170110140444495.jpg,65,Female,1,White,0,20170110140444495
9_1_0_20170109203410981.jpg,9,Female,1,White,0,20170109203410981
42_1_1_20170113001802155.jpg,42,Female,1,Black,1,20170113001802155
42_0_1_20170113184020904.jpg,42,Male,0,Black,1,20170113184020904
30_0_0_20170117130638578.jpg,30,Male,0,White,0,20170117130638578
85_1_0_20170110183956388.jpg,85,Female,1,White,0,20170110183956388
25_1_1_20170116003311354.jpg,25,Female,1,Black,1,20170116003311354
29_1_1_20170117202801287.jpg,29,Female,1,Black,1,20170117202801287
75_0_0_20170111222532345.jpg,75,Male,0,White,0,20170111222532345
26_0_0_20170117000343982.jpg,26,Male,0,White,0,20170117000343982
88_0_0_20170111222556305.jpg,88,Male,0,White,0,20170111222556305
70_1_2_20170110181645374.jpg,70,Female,1,Asian,2,20170110181645374
61_0_3_20170119211813409.jpg,61,Male,0,Indian,3,20170119211813409
17_0_0_20170117091447979.jpg,17,Male,0,White,0,20170117091447979
21_1_2_20170105000725292.jpg,21,Female,1,Asian,2,20170105000725292
3_1_2_20161219151933763.jpg,3,Female,1,Asian,2,20161219151933763
32_1_1_20170116222946705.jpg,32,Female,1,Black,1,20170116222946705
1_1_2_20161219161814470.jpg,1,Female,1,Asian,2,20161219161814470
45_0_1_20170117140339396.jpg,45,Male,0,Black,1,20170117140339396
8_1_4_20170109202746183.jpg,8,Female,1,Others,4,20170109202746183
50_0_0_20170120221409269.jpg,50,Male,0,White,0,20170120221409269
36_0_1_20170113174252891.jpg,36,Male,0,Black,1,20170113174252891
27_1_1_20170117000109588.jpg,27,Female,1,Black,1,20170117000109588
25_1_2_20170116174850070.jpg,25,Female,1,Asian,2,20170116174850070
43_1_0_20170109141845861.jpg,43,Female,1,White,0,20170109141845861
25_0_4_20170117151414412.jpg,25,Male,0,Others,4,20170117151414412
67_1_0_20170120224818072.jpg,67,Female,1,White,0,20170120224818072
20_0_1_20170120134900190.jpg,20,Male,0,Black,1,20170120134900190
25_1_2_20170116175319780.jpg,25,Female,1,Asian,2,20170116175319780
70_0_0_20170117173727535.jpg,70,Male,0,White,0,20170117173727535
25_0_1_20170113184508496.jpg,25,Male,0,Black,1,20170113184508496
29_1_1_20170116222109155.jpg,29,Female,1,Black,1,20170116222109155
1_0_0_20161219163425847.jpg,1,Male,0,White,0,20161219163425847
61_0_0_20170104213323109.jpg,61,Male,0,White,0,20170104213323109
26_0_0_20170117154331222.jpg,26,Male,0,White,0,20170117154331222
35_0_3_20170119211535833.jpg,35,Male,0,Indian,3,20170119211535833
36_0_3_20170119191815385.jpg,36,Male,0,Indian,3,20170119191815385
25_0_3_20170119171619825.jpg,25,Male,0,Indian,3,20170119171619825
18_1_2_20170109213157620.jpg,18,Female,1,Asian,2,20170109213157620
30_0_3_20170117145159065.jpg,30,Male,0,Indian,3,20170117145159065
2_0_2_20161219212235749.jpg,2,Male,0,Asian,2,20161219212235749
28_0_3_20170117180432854.jpg,28,Male,0,Indian,3,20170117180432854
70_1_0_20170117172444338.jpg,70,Female,1,White,0,20170117172444338
24_1_0_20170111182452774.jpg,24,Female,1,White,0,20170111182452774
1_1_2_20161219212221341.jpg,1,Female,1,Asian,2,20161219212221341
1_0_3_20161219224713216.jpg,1,Male,0,Indian,3,20161219224713216
38_0_3_20170104230714113.jpg,38,Male,0,Indian,3,20170104230714113
35_1_0_20170105165053628.jpg,35,Female,1,White,0,20170105165053628
58_1_0_20170110152944615.jpg,58,Female,1,White,0,20170110152944615
83_1_0_20170120225627516.jpg,83,Female,1,White,0,20170120225627516
24_1_2_20170116192946857.jpg,24,Female,1,Asian,2,20170116192946857
8_1_0_20170109205040140.jpg,8,Female,1,White,0,20170109205040140
15_1_4_20170103201254359.jpg,15,Female,1,Others,4,20170103201254359
26_1_0_20170117200609068.jpg,26,Female,1,White,0,20170117200609068
26_1_2_20170116180027456.jpg,26,Female,1,Asian,2,20170116180027456
30_1_2_20170116162625578.jpg,30,Female,1,Asian,2,20170116162625578
60_0_0_20170111201620287.jpg,60,Male,0,White,0,20170111201620287
79_0_2_20170112223937939.jpg,79,Male,0,Asian,2,20170112223937939
34_0_0_20170117134914071.jpg,34,Male,0,White,0,20170117134914071
49_1_0_20170109221146542.jpg,49,Female,1,White,0,20170109221146542
24_1_0_20170116214224254.jpg,24,Female,1,White,0,20170116214224254
24_0_2_20170116171647508.jpg,24,Male,0,Asian,2,20170116171647508
26_0_1_20170116220224657.jpg,26,Male,0,Black,1,20170116220224657
96_1_0_20170110182019881.jpg,96,Female,1,White,0,20170110182019881
56_0_0_20170111171747466.jpg,56,Male,0,White,0,20170111171747466
2_1_0_20170109192428145.jpg,2,Female,1,White,0,20170109192428145
36_0_1_20170116030458993.jpg,36,Male,0,Black,1,20170116030458993
45_0_0_20170117182725979.jpg,45,Male,0,White,0,20170117182725979
24_1_2_20170116174511173.jpg,24,Female,1,Asian,2,20170116174511173
27_1_3_20170117180001178.jpg,27,Female,1,Indian,3,20170117180001178
26_1_0_20170117154103821.jpg,26,Female,1,White,0,20170117154103821
23_1_2_20170116172848833.jpg,23,Female,1,Asian,2,20170116172848833
25_0_3_20170119171838017.jpg,25,Male,0,Indian,3,20170119171838017
20_0_1_20170113133041441.jpg,20,Male,0,Black,1,20170113133041441
49_1_0_20170109220635624.jpg,49,Female,1,White,0,20170109220635624
16_1_0_20170109205435776.jpg,16,Female,1,White,0,20170109205435776
45_0_0_20170117182204430.jpg,45,Male,0,White,0,20170117182204430
78_0_2_20170112224416258.jpg,78,Male,0,Asian,2,20170112224416258
25_0_4_20170116003106425.jpg,25,Male,0,Others,4,20170116003106425
78_1_0_20170120224727472.jpg,78,Female,1,White,0,20170120224727472
58_0_4_20170104002248350.jpg,58,Male,0,Others,4,20170104002248350
61_0_0_20170117192042278.jpg,61,Male,0,White,0,20170117192042278
25_1_4_20170117150546627.jpg,25,Female,1,Others,4,20170117150546627
72_1_0_20170110153242401.jpg,72,Female,1,White,0,20170110153242401
34_0_3_20170119183347270.jpg,34,Male,0,Indian,3,20170119183347270
25_0_0_20170117195127741.jpg,25,Male,0,White,0,20170117195127741
22_1_2_20170116162853367.jpg,22,Female,1,Asian,2,20170116162853367
32_0_1_20170116215755940.jpg,32,Male,0,Black,1,20170116215755940
36_0_1_20170113135627331.jpg,36,Male,0,Black,1,20170113135627331
90_1_0_20170110183452817.jpg,90,Female,1,White,0,20170110183452817
26_1_3_20170119192843266.jpg,26,Female,1,Indian,3,20170119192843266
40_0_0_20170116222338389.jpg,40,Male,0,White,0,20170116222338389
26_0_0_20170113210126663.jpg,26,Male,0,White,0,20170113210126663
17_0_0_20170117193043124.jpg,17,Male,0,White,0,20170117193043124
28_0_0_20170117021411463.jpg,28,Male,0,White,0,20170117021411463
90_0_0_20170111211402785.jpg,90,Male,0,White,0,20170111211402785
35_1_0_20170117190509274.jpg,35,Female,1,White,0,20170117190509274
61_0_3_20170119211857657.jpg,61,Male,0,Indian,3,20170119211857657
4_1_4_20161223232228388.jpg,4,Female,1,Others,4,20161223232228388
26_1_2_20170116184520573.jpg,26,Female,1,Asian,2,20170116184520573
35_1_3_20170119201519805.jpg,35,Female,1,Indian,3,20170119201519805
30_1_1_20170113011304520.jpg,30,Female,1,Black,1,20170113011304520
36_0_0_20170104174512284.jpg,36,Male,0,White,0,20170104174512284
28_1_1_20170113150922335.jpg,28,Female,1,Black,1,20170113150922335
56_0_3_20170119174930466.jpg,56,Male,0,Indian,3,20170119174930466
26_0_0_20170120134036223.jpg,26,Male,0,White,0,20170120134036223
40_0_1_20170113161517669.jpg,40,Male,0,Black,1,20170113161517669
29_0_1_20170104202114602.jpg,29,Male,0,Black,1,20170104202114602
1_1_2_20161219162415934.jpg,1,Female,1,Asian,2,20161219162415934
38_1_1_20170114030101602.jpg,38,Female,1,Black,1,20170114030101602
26_0_2_20170116182453051.jpg,26,Male,0,Asian,2,20170116182453051
45_1_1_20170113012603225.jpg,45,Female,1,Black,1,20170113012603225
43_0_1_20170117175110498.jpg,43,Male,0,Black,1,20170117175110498
16_1_4_20170103201023166.jpg,16,Female,1,Others,4,20170103201023166
31_1_2_20170104023111549.jpg,31,Female,1,Asian,2,20170104023111549
90_1_2_20170110183708997.jpg,90,Female,1,Asian,2,20170110183708997
5_0_3_20170119212110570.jpg,5,Male,0,Indian,3,20170119212110570
30_1_1_20170117171000858.jpg,30,Female,1,Black,1,20170117171000858
1_0_2_20161219215433975.jpg,1,Male,0,Asian,2,20161219215433975
40_0_0_20170117203219447.jpg,40,Male,0,White,0,20170117203219447
28_1_2_20170116172433974.jpg,28,Female,1,Asian,2,20170116172433974
32_1_0_20170104172950778.jpg,32,Female,1,White,0,20170104172950778
28_0_1_20170113142412428.jpg,28,Male,0,Black,1,20170113142412428
30_1_0_20170116191956794.jpg,30,Female,1,White,0,20170116191956794
30_0_0_20170117152309069.jpg,30,Male,0,White,0,20170117152309069
26_1_4_20170103230503161.jpg,26,Female,1,Others,4,20170103230503161
26_1_1_20170117163837655.jpg,26,Female,1,Black,1,20170117163837655
30_1_2_20170116164357135.jpg,30,Female,1,Asian,2,20170116164357135
80_1_0_20170110180523385.jpg,80,Female,1,White,0,20170110180523385
42_0_0_20170113182201676.jpg,42,Male,0,White,0,20170113182201676
22_1_4_20170103223649399.jpg,22,Female,1,Others,4,20170103223649399
38_1_0_20170103181733834.jpg,38,Female,1,White,0,20170103181733834
40_1_2_20170116183042122.jpg,40,Female,1,Asian,2,20170116183042122
46_0_0_20170104205716579.jpg,46,Male,0,White,0,20170104205716579
37_1_3_20170104235312145.jpg,37,Female,1,Indian,3,20170104235312145
35_1_0_20170117121850341.jpg,35,Female,1,White,0,20170117121850341
28_1_4_20170117202606048.jpg,28,Female,1,Others,4,20170117202606048
23_1_0_20170103180414191.jpg,23,Female,1,White,0,20170103180414191
26_1_1_20170116223404554.jpg,26,Female,1,Black,1,20170116223404554
4_1_1_20170112210910341.jpg,4,Female,1,Black,1,20170112210910341
9_0_0_20170110220427042.jpg,9,Male,0,White,0,20170110220427042
29_1_1_20170117105204369.jpg,29,Female,1,Black,1,20170117105204369
35_0_4_20170117171324867.jpg,35,Male,0,Others,4,20170117171324867
55_0_0_20170117155520701.jpg,55,Male,0,White,0,20170117155520701
53_1_0_20170104184642790.jpg,53,Female,1,White,0,20170104184642790
90_0_0_20170111210338948.jpg,90,Male,0,White,0,20170111210338948
35_0_2_20170104201834738.jpg,35,Male,0,Asian,2,20170104201834738
8_1_3_20170104221828238.jpg,8,Female,1,Indian,3,20170104221828238
52_0_4_20170111201929576.jpg,52,Male,0,Others,4,20170111201929576
22_0_3_20170104230122361.jpg,22,Male,0,Indian,3,20170104230122361
48_0_4_20170104211610652.jpg,48,Male,0,Others,4,20170104211610652
42_1_0_20170117154916559.jpg,42,Female,1,White,0,20170117154916559
22_1_3_20170119153416689.jpg,22,Female,1,Indian,3,20170119153416689
26_0_4_20170103235404028.jpg,26,Male,0,Others,4,20170103235404028
30_0_0_20170120134230135.jpg,30,Male,0,White,0,20170120134230135
11_1_0_20170109204833458.jpg,11,Female,1,White,0,20170109204833458
26_1_3_20170119193059058.jpg,26,Female,1,Indian,3,20170119193059058
50_0_1_20170117173418899.jpg,50,Male,0,Black,1,20170117173418899
27_1_1_20170113001021322.jpg,27,Female,1,Black,1,20170113001021322
39_1_0_20170117190455571.jpg,39,Female,1,White,0,20170117190455571
4_0_2_20161219201254277.jpg,4,Male,0,Asian,2,20161219201254277
36_0_1_20170113133851480.jpg,36,Male,0,Black,1,20170113133851480
30_1_1_20170112211330988.jpg,30,Female,1,Black,1,20170112211330988
24_0_3_20170119165750589.jpg,24,Male,0,Indian,3,20170119165750589
5_1_4_20170116232419298.jpg,5,Female,1,Others,4,20170116232419298
27_0_1_20170117125937977.jpg,27,Male,0,Black,1,20170117125937977
20_1_0_20170120140127200.jpg,20,Female,1,White,0,20170120140127200
43_1_0_20170117155107368.jpg,43,Female,1,White,0,20170117155107368
42_0_0_20170111202314436.jpg,42,Male,0,White,0,20170111202314436
1_0_2_20161219195703108.jpg,1,Male,0,Asian,2,20161219195703108
8_1_0_20170109203324490.jpg,8,Female,1,White,0,20170109203324490
54_0_1_20170120223426436.jpg,54,Male,0,Black,1,20170120223426436
18_0_0_20170110232621309.jpg,18,Male,0,White,0,20170110232621309
61_1_2_20170117123801917.jpg,61,Female,1,Asian,2,20170117123801917
1_1_2_20161219162419463.jpg,1,Female,1,Asian,2,20161219162419463
28_1_2_20170116165557121.jpg,28,Female,1,Asian,2,20170116165557121
57_0_0_20170105173713685.jpg,57,Male,0,White,0,20170105173713685
1_0_2_20161219162514182.jpg,1,Male,0,Asian,2,20161219162514182
25_1_2_20170116174820922.jpg,25,Female,1,Asian,2,20170116174820922
18_1_4_20170116211941006.jpg,18,Female,1,Others,4,20170116211941006
19_1_1_20170112191242381.jpg,19,Female,1,Black,1,20170112191242381
27_0_3_20170104230231577.jpg,27,Male,0,Indian,3,20170104230231577
70_1_3_20170116224931319.jpg,70,Female,1,Indian,3,20170116224931319
42_0_1_20170113181524871.jpg,42,Male,0,Black,1,20170113181524871
23_0_3_20170119164004428.jpg,23,Male,0,Indian,3,20170119164004428
32_1_0_20170113010345079.jpg,32,Female,1,White,0,20170113010345079
1_1_1_20170109194553059.jpg,1,Female,1,Black,1,20170109194553059
19_1_4_20170103234123155.jpg,19,Female,1,Others,4,20170103234123155
25_1_1_20170114030648255.jpg,25,Female,1,Black,1,20170114030648255
50_1_0_20170110151434231.jpg,50,Female,1,White,0,20170110151434231
15_1_4_20170103201445071.jpg,15,Female,1,Others,4,20170103201445071
29_0_2_20170116173703903.jpg,29,Male,0,Asian,2,20170116173703903
20_1_4_20161223230110540.jpg,20,Female,1,Others,4,20161223230110540
29_1_0_20170103180915991.jpg,29,Female,1,White,0,20170103180915991
25_0_1_20170114032830907.jpg,25,Male,0,Black,1,20170114032830907
75_0_1_20170111221706652.jpg,75,Male,0,Black,1,20170111221706652
50_0_0_20170117135317385.jpg,50,Male,0,White,0,20170117135317385
24_1_2_20170116164813386.jpg,24,Female,1,Asian,2,20170116164813386
22_1_2_20170116162903793.jpg,22,Female,1,Asian,2,20170116162903793
24_1_4_20170117194745325.jpg,24,Female,1,Others,4,20170117194745325
32_1_0_20170116205329227.jpg,32,Female,1,White,0,20170116205329227
25_0_1_20170113134148688.jpg,25,Male,0,Black,1,20170113134148688
45_0_0_20170120221758572.jpg,45,Male,0,White,0,20170120221758572
23_1_3_20170119164539192.jpg,23,Female,1,Indian,3,20170119164539192
1_1_2_20161219155627605.jpg,1,Female,1,Asian,2,20161219155627605
27_0_3_20170104220227054.jpg,27,Male,0,Indian,3,20170104220227054
30_0_1_20170113190459754.jpg,30,Male,0,Black,1,20170113190459754
37_0_0_20170117183419508.jpg,37,Male,0,White,0,20170117183419508
28_1_3_20170104192939143.jpg,28,Female,1,Indian,3,20170104192939143
29_0_0_20170105163720435.jpg,29,Male,0,White,0,20170105163720435
28_1_1_20170112235036823.jpg,28,Female,1,Black,1,20170112235036823
26_1_1_20170116234630017.jpg,26,Female,1,Black,1,20170116234630017
29_0_0_20170117180729137.jpg,29,Male,0,White,0,20170117180729137
34_1_3_20170119152703935.jpg,34,Female,1,Indian,3,20170119152703935
18_1_0_20170117142633417.jpg,18,Female,1,White,0,20170117142633417
74_0_0_20170120225142161.jpg,74,Male,0,White,0,20170120225142161
12_1_1_20170109214204794.jpg,12,Female,1,Black,1,20170109214204794
30_0_0_20170117003435100.jpg,30,Male,0,White,0,20170117003435100
4_0_0_20161219203817325.jpg,4,Male,0,White,0,20161219203817325
52_1_1_20170113012458376.jpg,52,Female,1,Black,1,20170113012458376
24_1_4_20170117150622299.jpg,24,Female,1,Others,4,20170117150622299
25_1_3_20170117141103735.jpg,25,Female,1,Indian,3,20170117141103735
15_0_0_20170104012102240.jpg,15,Male,0,White,0,20170104012102240
1_1_3_20161220222647563.jpg,1,Female,1,Indian,3,20161220222647563
26_0_0_20170113210605384.jpg,26,Male,0,White,0,20170113210605384
27_1_2_20170116171519019.jpg,27,Female,1,Asian,2,20170116171519019
35_1_3_20170117152724917.jpg,35,Female,1,Indian,3,20170117152724917
18_0_4_20170104011044048.jpg,18,Male,0,Others,4,20170104011044048
23_0_0_20170105184121759.jpg,23,Male,0,White,0,20170105184121759
20_0_0_20170116205342932.jpg,20,Male,0,White,0,20170116205342932
24_1_2_20170116174405212.jpg,24,Female,1,Asian,2,20170116174405212
32_0_3_20170119200401517.jpg,32,Male,0,Indian,3,20170119200401517
27_0_4_20170104011307960.jpg,27,Male,0,Others,4,20170104011307960
29_0_3_20170119164049077.jpg,29,Male,0,Indian,3,20170119164049077
47_0_1_20170117193737256.jpg,47,Male,0,Black,1,20170117193737256
48_0_0_20170104212127187.jpg,48,Male,0,White,0,20170104212127187
25_1_4_20170117195158652.jpg,25,Female,1,Others,4,20170117195158652
9_1_0_20170117180006484.jpg,9,Female,1,White,0,20170117180006484
60_1_1_20170116153456340.jpg,60,Female,1,Black,1,20170116153456340
54_1_0_20170117204606216.jpg,54,Female,1,White,0,20170117204606216
82_1_0_20170120133752406.jpg,82,Female,1,White,0,20170120133752406
30_1_2_20170104020408339.jpg,30,Female,1,Asian,2,20170104020408339
26_1_4_20170117174327119.jpg,26,Female,1,Others,4,20170117174327119
32_0_0_20170116030520611.jpg,32,Male,0,White,0,20170116030520611
85_1_0_20170120222635457.jpg,85,Female,1,White,0,20170120222635457
52_1_0_20170110122705423.jpg,52,Female,1,White,0,20170110122705423
3_1_0_20170109191511657.jpg,3,Female,1,White,0,20170109191511657
75_0_0_20170112222108897.jpg,75,Male,0,White,0,20170112222108897
25_0_4_20170117144100122.jpg,25,Male,0,Others,4,20170117144100122
28_0_1_20170115235544908.jpg,28,Male,0,Black,1,20170115235544908
15_0_4_20170103201013615.jpg,15,Male,0,Others,4,20170103201013615
40_1_0_20170117091304525.jpg,40,Female,1,White,0,20170117091304525
12_1_4_20161223230033380.jpg,12,Female,1,Others,4,20161223230033380
32_1_1_20170116023841155.jpg,32,Female,1,Black,1,20170116023841155
30_1_0_20170117145258777.jpg,30,Female,1,White,0,20170117145258777
27_1_2_20170116173140813.jpg,27,Female,1,Asian,2,20170116173140813
2_1_2_20161219140853880.jpg,2,Female,1,Asian,2,20161219140853880
25_1_0_20170104022944286.jpg,25,Female,1,White,0,20170104022944286
67_0_0_20170117204838537.jpg,67,Male,0,White,0,20170117204838537
73_0_1_20170117195325010.jpg,73,Male,0,Black,1,20170117195325010
27_1_3_20170104223505487.jpg,27,Female,1,Indian,3,20170104223505487
22_0_2_20170116165407686.jpg,22,Male,0,Asian,2,20170116165407686
34_0_1_20170116204949668.jpg,34,Male,0,Black,1,20170116204949668
76_1_2_20170110180413588.jpg,76,Female,1,Asian,2,20170110180413588
45_0_0_20170119201349453.jpg,45,Male,0,White,0,20170119201349453
26_0_4_20170103235429853.jpg,26,Male,0,Others,4,20170103235429853
13_1_0_20170109204325267.jpg,13,Female,1,White,0,20170109204325267
90_1_0_20170110183406830.jpg,90,Female,1,White,0,20170110183406830
34_0_3_20170119175413876.jpg,34,Male,0,Indian,3,20170119175413876
7_0_0_20170110225126086.jpg,7,Male,0,White,0,20170110225126086
64_1_0_20170110141132057.jpg,64,Female,1,White,0,20170110141132057
4_1_4_20170103205256107.jpg,4,Female,1,Others,4,20170103205256107
24_0_0_20170104002326444.jpg,24,Male,0,White,0,20170104002326444
2_1_3_20161219230145088.jpg,2,Female,1,Indian,3,20161219230145088
66_0_0_20170104213607429.jpg,66,Male,0,White,0,20170104213607429
31_0_0_20170104011136432.jpg,31,Male,0,White,0,20170104011136432
54_0_3_20170119210006573.jpg,54,Male,0,Indian,3,20170119210006573
21_1_1_20170112233312848.jpg,21,Female,1,Black,1,20170112233312848
80_0_2_20170112224207667.jpg,80,Male,0,Asian,2,20170112224207667
39_1_1_20170112235246130.jpg,39,Female,1,Black,1,20170112235246130
24_1_2_20170116173552106.jpg,24,Female,1,Asian,2,20170116173552106
14_0_0_20170110220621497.jpg,14,Male,0,White,0,20170110220621497
47_0_2_20170116184928912.jpg,47,Male,0,Asian,2,20170116184928912
25_1_1_20170117192036085.jpg,25,Female,1,Black,1,20170117192036085
13_0_0_20170110225447389.jpg,13,Male,0,White,0,20170110225447389
61_0_3_20170119211905592.jpg,61,Male,0,Indian,3,20170119211905592
37_0_2_20170104023143430.jpg,37,Male,0,Asian,2,20170104023143430
50_0_0_20170117000303844.jpg,50,Male,0,White,0,20170117000303844
54_1_0_20170117171700979.jpg,54,Female,1,White,0,20170117171700979
45_0_0_20170117182212741.jpg,45,Male,0,White,0,20170117182212741
22_1_2_20170108224643996.jpg,22,Female,1,Asian,2,20170108224643996
30_1_0_20170117152122396.jpg,30,Female,1,White,0,20170117152122396
14_1_3_20170104221658783.jpg,14,Female,1,Indian,3,20170104221658783
23_0_3_20170119164041958.jpg,23,Male,0,Indian,3,20170119164041958
24_0_1_20170113134107281.jpg,24,Male,0,Black,1,20170113134107281
46_0_1_20170113173056321.jpg,46,Male,0,Black,1,20170113173056321
73_1_0_20170110122517886.jpg,73,Female,1,White,0,20170110122517886
15_1_0_20170109203912357.jpg,15,Female,1,White,0,20170109203912357
1_0_2_20161219142452152.jpg,1,Male,0,Asian,2,20161219142452152
51_0_1_20170117141120750.jpg,51,Male,0,Black,1,20170117141120750
24_1_4_20170103225908457.jpg,24,Female,1,Others,4,20170103225908457
29_0_1_20170116001349353.jpg,29,Male,0,Black,1,20170116001349353
27_0_0_20170116204811619.jpg,27,Male,0,White,0,20170116204811619
26_1_4_20170103225117416.jpg,26,Female,1,Others,4,20170103225117416
29_1_1_20170117123750232.jpg,29,Female,1,Black,1,20170117123750232
52_0_3_20170119205713544.jpg,52,Male,0,Indian,3,20170119205713544
1_0_0_20161219154956869.jpg,1,Male,0,White,0,20161219154956869
90_1_1_20170117195305990.jpg,90,Female,1,Black,1,20170117195305990
18_0_1_20170113184819320.jpg,18,Male,0,Black,1,20170113184819320
24_1_1_20170112234600841.jpg,24,Female,1,Black,1,20170112234600841
32_0_0_20170117123730435.jpg,32,Male,0,White,0,20170117123730435
28_1_1_20170113001920244.jpg,28,Female,1,Black,1,20170113001920244
26_1_0_20170117171130618.jpg,26,Female,1,White,0,20170117171130618
25_0_0_20170117140927352.jpg,25,Male,0,White,0,20170117140927352
16_0_0_20170110231811882.jpg,16,Male,0,White,0,20170110231811882
56_0_0_20170113185156200.jpg,56,Male,0,White,0,20170113185156200
26_1_1_20170113011638655.jpg,26,Female,1,Black,1,20170113011638655
28_1_2_20170116170937606.jpg,28,Female,1,Asian,2,20170116170937606
27_1_2_20170116163338293.jpg,27,Female,1,Asian,2,20170116163338293
26_1_3_20170119180945883.jpg,26,Female,1,Indian,3,20170119180945883
27_0_0_20170116232646294.jpg,27,Male,0,White,0,20170116232646294
23_1_2_20170116172803446.jpg,23,Female,1,Asian,2,20170116172803446
20_1_0_20170104005910664.jpg,20,Female,1,White,0,20170104005910664
7_1_1_20170109201647377.jpg,7,Female,1,Black,1,20170109201647377
58_0_0_20170113210319952.jpg,58,Male,0,White,0,20170113210319952
15_1_0_20170109214133273.jpg,15,Female,1,White,0,20170109214133273
74_1_0_20170110153238490.jpg,74,Female,1,White,0,20170110153238490
5_0_3_20161220222937859.jpg,5,Male,0,Indian,3,20161220222937859
50_1_0_20170120225451760.jpg,50,Female,1,White,0,20170120225451760
30_1_0_20170117181338019.jpg,30,Female,1,White,0,20170117181338019
35_0_0_20170117152248499.jpg,35,Male,0,White,0,20170117152248499
8_1_0_20170109205258890.jpg,8,Female,1,White,0,20170109205258890
37_0_0_20170116204835653.jpg,37,Male,0,White,0,20170116204835653
27_0_0_20170117175356352.jpg,27,Male,0,White,0,20170117175356352
27_0_0_20170117175803620.jpg,27,Male,0,White,0,20170117175803620
31_1_2_20170117164748522.jpg,31,Female,1,Asian,2,20170117164748522
35_0_0_20170119200919084.jpg,35,Male,0,White,0,20170119200919084
9_0_0_20170110224736067.jpg,9,Male,0,White,0,20170110224736067
26_1_1_20170116153234172.jpg,26,Female,1,Black,1,20170116153234172
35_0_1_20170116002219767.jpg,35,Male,0,Black,1,20170116002219767
85_0_0_20170110181953748.jpg,85,Male,0,White,0,20170110181953748
12_1_4_20170103200721583.jpg,12,Female,1,Others,4,20170103200721583
2_1_0_20161219154458917.jpg,2,Female,1,White,0,20161219154458917
5_1_2_20161219203429011.jpg,5,Female,1,Asian,2,20161219203429011
45_0_0_20170113183417861.jpg,45,Male,0,White,0,20170113183417861
4_1_0_20170109192248839.jpg,4,Female,1,White,0,20170109192248839
31_1_1_20170112222202714.jpg,31,Female,1,Black,1,20170112222202714
26_0_4_20170117152521052.jpg,26,Male,0,Others,4,20170117152521052
30_1_3_20170119143632686.jpg,30,Female,1,Indian,3,20170119143632686
21_1_1_20170113005849484.jpg,21,Female,1,Black,1,20170113005849484
23_1_0_20170116221827674.jpg,23,Female,1,White,0,20170116221827674
35_1_0_20170117142830378.jpg,35,Female,1,White,0,20170117142830378
43_1_0_20170103183354850.jpg,43,Female,1,White,0,20170103183354850
24_1_0_20170117150858676.jpg,24,Female,1,White,0,20170117150858676
56_0_1_20170112223748115.jpg,56,Male,0,Black,1,20170112223748115
24_0_0_20170117145758955.jpg,24,Male,0,White,0,20170117145758955
39_1_1_20170113012244528.jpg,39,Female,1,Black,1,20170113012244528
26_0_0_20170113210604209.jpg,26,Male,0,White,0,20170113210604209
35_1_1_20170112204427427.jpg,35,Female,1,Black,1,20170112204427427
1_0_0_20161219154556757.jpg,1,Male,0,White,0,20161219154556757
26_1_2_20170116184452642.jpg,26,Female,1,Asian,2,20170116184452642
27_1_2_20170104020735627.jpg,27,Female,1,Asian,2,20170104020735627
24_1_3_20170104223156607.jpg,24,Female,1,Indian,3,20170104223156607
25_0_0_20170117140811354.jpg,25,Male,0,White,0,20170117140811354
26_0_0_20170117172442867.jpg,26,Male,0,White,0,20170117172442867
26_0_0_20170116204056556.jpg,26,Male,0,White,0,20170116204056556
56_0_4_20170117094733987.jpg,56,Male,0,Others,4,20170117094733987
26_0_1_20170113181814396.jpg,26,Male,0,Black,1,20170113181814396
37_1_0_20170119202548638.jpg,37,Female,1,White,0,20170119202548638
26_1_3_20170119193128490.jpg,26,Female,1,Indian,3,20170119193128490
5_0_3_20170104225758624.jpg,5,Male,0,Indian,3,20170104225758624
57_0_0_20170113210319823.jpg,57,Male,0,White,0,20170113210319823
70_1_0_20170110141403561.jpg,70,Female,1,White,0,20170110141403561
21_1_1_20170112231854926.jpg,21,Female,1,Black,1,20170112231854926
26_0_4_20170103214633693.jpg,26,Male,0,Others,4,20170103214633693
8_1_0_20170109204830640.jpg,8,Female,1,White,0,20170109204830640
3_1_2_20161219162329494.jpg,3,Female,1,Asian,2,20161219162329494
24_1_0_20170116222814643.jpg,24,Female,1,White,0,20170116222814643
32_1_2_20170116174801584.jpg,32,Female,1,Asian,2,20170116174801584
27_1_0_20170117120620652.jpg,27,Female,1,White,0,20170117120620652
24_1_0_20170104234820025.jpg,24,Female,1,White,0,20170104234820025
35_0_0_20170117175724098.jpg,35,Male,0,White,0,20170117175724098
26_1_3_20170119163652438.jpg,26,Female,1,Indian,3,20170119163652438
24_0_0_20170117145203051.jpg,24,Male,0,White,0,20170117145203051
37_1_0_20170105000536252.jpg,37,Female,1,White,0,20170105000536252
56_1_0_20170109141253341.jpg,56,Female,1,White,0,20170109141253341
28_0_1_20170113180639429.jpg,28,Male,0,Black,1,20170113180639429
25_0_3_20170104214432805.jpg,25,Male,0,Indian,3,20170104214432805
61_0_2_20170112224217444.jpg,61,Male,0,Asian,2,20170112224217444
11_0_0_20170110220710576.jpg,11,Male,0,White,0,20170110220710576
19_0_4_20170103201854223.jpg,19,Male,0,Others,4,20170103201854223
18_0_3_20170116221917954.jpg,18,Male,0,Indian,3,20170116221917954
40_0_2_20170116174744815.jpg,40,Male,0,Asian,2,20170116174744815
1_1_2_20161219222801647.jpg,1,Female,1,Asian,2,20161219222801647
24_1_1_20170113001329123.jpg,24,Female,1,Black,1,20170113001329123
26_0_1_20170113175136531.jpg,26,Male,0,Black,1,20170113175136531
28_0_3_20170104215616229.jpg,28,Male,0,Indian,3,20170104215616229
30_0_0_20170117135548182.jpg,30,Male,0,White,0,20170117135548182
37_0_1_20170116205022380.jpg,37,Male,0,Black,1,20170116205022380
32_1_1_20170116174204651.jpg,32,Female,1,Black,1,20170116174204651
34_0_3_20170119171609737.jpg,34,Male,0,Indian,3,20170119171609737
26_1_1_20170116231532235.jpg,26,Female,1,Black,1,20170116231532235
16_0_0_20170110231758466.jpg,16,Male,0,White,0,20170110231758466
35_0_4_20170104192501919.jpg,35,Male,0,Others,4,20170104192501919
23_1_4_20170103223558799.jpg,23,Female,1,Others,4,20170103223558799
26_1_0_20170117153211341.jpg,26,Female,1,White,0,20170117153211341
30_0_3_20170104220333766.jpg,30,Male,0,Indian,3,20170104220333766
61_1_3_20170119211810610.jpg,61,Female,1,Indian,3,20170119211810610
26_1_4_20170117200442221.jpg,26,Female,1,Others,4,20170117200442221
26_1_1_20170113012356872.jpg,26,Female,1,Black,1,20170113012356872
66_0_0_20170105173731829.jpg,66,Male,0,White,0,20170105173731829
24_1_0_20170119211426377.jpg,24,Female,1,White,0,20170119211426377
58_0_0_20170120224554712.jpg,58,Male,0,White,0,20170120224554712
30_0_2_20170116172833941.jpg,30,Male,0,Asian,2,20170116172833941
39_0_3_20170119203757237.jpg,39,Male,0,Indian,3,20170119203757237
42_0_0_20170117154729044.jpg,42,Male,0,White,0,20170117154729044
26_1_1_20170116232810500.jpg,26,Female,1,Black,1,20170116232810500
34_1_1_20170116234705929.jpg,34,Female,1,Black,1,20170116234705929
27_0_1_20170105164603540.jpg,27,Male,0,Black,1,20170105164603540
50_0_0_20170117172141491.jpg,50,Male,0,White,0,20170117172141491
1_0_0_20161219193326339.jpg,1,Male,0,White,0,20161219193326339
38_0_0_20170114033044391.jpg,38,Male,0,White,0,20170114033044391
38_1_0_20170105001437325.jpg,38,Female,1,White,0,20170105001437325
1_0_3_20161219224513831.jpg,1,Male,0,Indian,3,20161219224513831
26_1_0_20170117171657311.jpg,26,Female,1,White,0,20170117171657311
36_0_3_20170119201953309.jpg,36,Male,0,Indian,3,20170119201953309
29_1_0_20170103182933066.jpg,29,Female,1,White,0,20170103182933066
42_0_0_20170117185738076.jpg,42,Male,0,White,0,20170117185738076
2_1_2_20161219162835606.jpg,2,Female,1,Asian,2,20161219162835606
16_1_0_20170109213608540.jpg,16,Female,1,White,0,20170109213608540
28_1_0_20170115235915388.jpg,28,Female,1,White,0,20170115235915388
3_0_0_20170110213411465.jpg,3,Male,0,White,0,20170110213411465
33_0_0_20170104165103473.jpg,33,Male,0,White,0,20170104165103473
3_1_2_20161219205437357.jpg,3,Female,1,Asian,2,20161219205437357
18_1_2_20170109213146944.jpg,18,Female,1,Asian,2,20170109213146944
16_1_1_20170112230648917.jpg,16,Female,1,Black,1,20170112230648917
26_0_2_20170117172618124.jpg,26,Male,0,Asian,2,20170117172618124
65_0_0_20170117171619354.jpg,65,Male,0,White,0,20170117171619354
26_1_1_20170113000749634.jpg,26,Female,1,Black,1,20170113000749634
20_1_1_20170112192922677.jpg,20,Female,1,Black,1,20170112192922677
7_0_4_20170103205144794.jpg,7,Male,0,Others,4,20170103205144794
72_1_0_20170110180536025.jpg,72,Female,1,White,0,20170110180536025
2_0_3_20161219230609241.jpg,2,Male,0,Indian,3,20161219230609241
35_0_0_20170117135217922.jpg,35,Male,0,White,0,20170117135217922
40_0_3_20170119210206582.jpg,40,Male,0,Indian,3,20170119210206582
1_1_4_20161221195938992.jpg,1,Female,1,Others,4,20161221195938992
79_0_0_20170111222511980.jpg,79,Male,0,White,0,20170111222511980
68_1_0_20170110131335562.jpg,68,Female,1,White,0,20170110131335562
45_1_3_20170104234959306.jpg,45,Female,1,Indian,3,20170104234959306
38_0_0_20170116210112194.jpg,38,Male,0,White,0,20170116210112194
35_0_0_20170117154349847.jpg,35,Male,0,White,0,20170117154349847
39_0_3_20170119175458883.jpg,39,Male,0,Indian,3,20170119175458883
51_0_0_20170119205617887.jpg,51,Male,0,White,0,20170119205617887
28_0_0_20170117180153864.jpg,28,Male,0,White,0,20170117180153864
24_1_2_20170116163052645.jpg,24,Female,1,Asian,2,20170116163052645
25_0_3_20170117151130075.jpg,25,Male,0,Indian,3,20170117151130075
90_0_3_20170111210252274.jpg,90,Male,0,Indian,3,20170111210252274
61_0_1_20170113175551340.jpg,61,Male,0,Black,1,20170113175551340
45_0_0_20170117192021532.jpg,45,Male,0,White,0,20170117192021532
56_0_1_20170117173620884.jpg,56,Male,0,Black,1,20170117173620884
35_0_1_20170117181203308.jpg,35,Male,0,Black,1,20170117181203308
29_0_0_20170117202649479.jpg,29,Male,0,White,0,20170117202649479
39_0_1_20170116143117964.jpg,39,Male,0,Black,1,20170116143117964
2_1_2_20161219212055926.jpg,2,Female,1,Asian,2,20161219212055926
40_0_0_20170117154513275.jpg,40,Male,0,White,0,20170117154513275
34_0_3_20170119152305846.jpg,34,Male,0,Indian,3,20170119152305846
25_0_0_20170113181532013.jpg,25,Male,0,White,0,20170113181532013
22_0_1_20170114030000815.jpg,22,Male,0,Black,1,20170114030000815
35_0_0_20170104201512505.jpg,35,Male,0,White,0,20170104201512505
22_1_4_20161221195925096.jpg,22,Female,1,Others,4,20161221195925096
28_1_0_20170105165058893.jpg,28,Female,1,White,0,20170105165058893
5_1_0_20170109194215705.jpg,5,Female,1,White,0,20170109194215705
60_0_0_20170117192255540.jpg,60,Male,0,White,0,20170117192255540
1_1_3_20161220220708394.jpg,1,Female,1,Indian,3,20161220220708394
1_0_3_20161219224655512.jpg,1,Male,0,Indian,3,20161219224655512
31_0_1_20170116143032562.jpg,31,Male,0,Black,1,20170116143032562
28_0_0_20170117202525511.jpg,28,Male,0,White,0,20170117202525511
20_0_0_20170117140056058.jpg,20,Male,0,White,0,20170117140056058
28_1_2_20170116164649902.jpg,28,Female,1,Asian,2,20170116164649902
21_1_1_20170112230510269.jpg,21,Female,1,Black,1,20170112230510269
26_0_1_20170117003204591.jpg,26,Male,0,Black,1,20170117003204591
28_1_0_20170116211818606.jpg,28,Female,1,White,0,20170116211818606
34_0_0_20170104201652065.jpg,34,Male,0,White,0,20170104201652065
35_1_2_20170116191843657.jpg,35,Female,1,Asian,2,20170116191843657
50_0_2_20170116174343792.jpg,50,Male,0,Asian,2,20170116174343792
20_0_0_20170113132609281.jpg,20,Male,0,White,0,20170113132609281
90_0_2_20170111210435708.jpg,90,Male,0,Asian,2,20170111210435708
3_1_2_20161219140959953.jpg,3,Female,1,Asian,2,20161219140959953
28_0_3_20170119194930475.jpg,28,Male,0,Indian,3,20170119194930475
23_0_0_20170119145312190.jpg,23,Male,0,White,0,20170119145312190
28_1_3_20170119144214613.jpg,28,Female,1,Indian,3,20170119144214613
54_0_0_20170117204512072.jpg,54,Male,0,White,0,20170117204512072
32_1_1_20170116234627342.jpg,32,Female,1,Black,1,20170116234627342
29_1_2_20170104170017137.jpg,29,Female,1,Asian,2,20170104170017137
35_1_3_20170104214457383.jpg,35,Female,1,Indian,3,20170104214457383
28_1_1_20170112222231219.jpg,28,Female,1,Black,1,20170112222231219
22_1_2_20170116170405273.jpg,22,Female,1,Asian,2,20170116170405273
52_0_0_20170111202028479.jpg,52,Male,0,White,0,20170111202028479
23_1_1_20170117195235676.jpg,23,Female,1,Black,1,20170117195235676
31_1_1_20170117010333242.jpg,31,Female,1,Black,1,20170117010333242
11_0_0_20170110232511893.jpg,11,Male,0,White,0,20170110232511893
8_0_0_20170117182551223.jpg,8,Male,0,White,0,20170117182551223
21_1_1_20170113005845999.jpg,21,Female,1,Black,1,20170113005845999
27_1_4_20170103230450385.jpg,27,Female,1,Others,4,20170103230450385
22_1_0_20170117143702099.jpg,22,Female,1,White,0,20170117143702099
35_0_3_20170119201417013.jpg,35,Male,0,Indian,3,20170119201417013
1_0_3_20161220223225003.jpg,1,Male,0,Indian,3,20161220223225003
37_0_1_20170116193931967.jpg,37,Male,0,Black,1,20170116193931967
1_0_3_20161220221612859.jpg,1,Male,0,Indian,3,20161220221612859
18_1_0_20170109213935367.jpg,18,Female,1,White,0,20170109213935367
45_0_2_20170116183829254.jpg,45,Male,0,Asian,2,20170116183829254
39_0_3_20170119203837351.jpg,39,Male,0,Indian,3,20170119203837351
32_1_1_20170113000450474.jpg,32,Female,1,Black,1,20170113000450474
52_0_0_20170104212329500.jpg,52,Male,0,White,0,20170104212329500
44_1_1_20170116164354400.jpg,44,Female,1,Black,1,20170116164354400
25_1_1_20170112235005249.jpg,25,Female,1,Black,1,20170112235005249
37_0_0_20170117145704297.jpg,37,Male,0,White,0,20170117145704297
27_1_0_20170117120649662.jpg,27,Female,1,White,0,20170117120649662
16_1_1_20170114025512971.jpg,16,Female,1,Black,1,20170114025512971
38_1_1_20170116164329443.jpg,38,Female,1,Black,1,20170116164329443
6_1_0_20170109193106065.jpg,6,Female,1,White,0,20170109193106065
40_0_4_20170104204553772.jpg,40,Male,0,Others,4,20170104204553772
26_0_1_20170116205225231.jpg,26,Male,0,Black,1,20170116205225231
65_1_2_20170112224125018.jpg,65,Female,1,Asian,2,20170112224125018
33_1_0_20170104165723873.jpg,33,Female,1,White,0,20170104165723873
1_0_2_20161219153318900.jpg,1,Male,0,Asian,2,20161219153318900
24_0_0_20170119151341215.jpg,24,Male,0,White,0,20170119151341215
35_0_0_20170117145856290.jpg,35,Male,0,White,0,20170117145856290
3_0_2_20161219204921420.jpg,3,Male,0,Asian,2,20161219204921420
64_1_0_20170110182136419.jpg,64,Female,1,White,0,20170110182136419
54_1_3_20170119211355210.jpg,54,Female,1,Indian,3,20170119211355210
12_1_0_20170109204241570.jpg,12,Female,1,White,0,20170109204241570
50_0_0_20170117174607390.jpg,50,Male,0,White,0,20170117174607390
25_1_4_20170103230205288.jpg,25,Female,1,Others,4,20170103230205288
49_1_1_20170109220352923.jpg,49,Female,1,Black,1,20170109220352923
4_0_0_20170110213307248.jpg,4,Male,0,White,0,20170110213307248
70_0_0_20170117173652480.jpg,70,Male,0,White,0,20170117173652480
36_0_0_20170105172557165.jpg,36,Male,0,White,0,20170105172557165
80_0_0_20170111222041471.jpg,80,Male,0,White,0,20170111222041471
28_0_1_20170120220341425.jpg,28,Male,0,Black,1,20170120220341425
30_1_0_20170117140914217.jpg,30,Female,1,White,0,20170117140914217
26_1_1_20170112235543761.jpg,26,Female,1,Black,1,20170112235543761
26_0_2_20170116175936478.jpg,26,Male,0,Asian,2,20170116175936478
42_0_3_20170119204446511.jpg,42,Male,0,Indian,3,20170119204446511
28_0_3_20170119194725939.jpg,28,Male,0,Indian,3,20170119194725939
30_0_0_20170117181259219.jpg,30,Male,0,White,0,20170117181259219
77_1_0_20170110122639530.jpg,77,Female,1,White,0,20170110122639530
3_0_0_20170109192415151.jpg,3,Male,0,White,0,20170109192415151
24_1_0_20170116211933213.jpg,24,Female,1,White,0,20170116211933213
9_0_0_20170110225407300.jpg,9,Male,0,White,0,20170110225407300
53_1_1_20170110122449716.jpg,53,Female,1,Black,1,20170110122449716
23_1_0_20170116221717766.jpg,23,Female,1,White,0,20170116221717766
32_0_2_20170116165412041.jpg,32,Male,0,Asian,2,20170116165412041
28_1_2_201701161846515488.jpg,28,Female,1,Asian,2,201701161846515488
22_0_0_20170119150313790.jpg,22,Male,0,White,0,20170119150313790
6_1_4_20161221195807162.jpg,6,Female,1,Others,4,20161221195807162
36_0_3_20170105180749864.jpg,36,Male,0,Indian,3,20170105180749864
65_0_1_20170120223512324.jpg,65,Male,0,Black,1,20170120223512324
26_0_0_20170113182320758.jpg,26,Male,0,White,0,20170113182320758
16_0_0_20170102234641453.jpg,16,Male,0,White,0,20170102234641453
85_1_0_20170110183721942.jpg,85,Female,1,White,0,20170110183721942
1_1_0_20170109194432489.jpg,1,Female,1,White,0,20170109194432489
60_0_0_20170117192002666.jpg,60,Male,0,White,0,20170117192002666
26_1_2_20170116182332585.jpg,26,Female,1,Asian,2,20170116182332585
28_0_1_20170113155258939.jpg,28,Male,0,Black,1,20170113155258939
85_1_0_20170120223641413.jpg,85,Female,1,White,0,20170120223641413
22_1_2_20161219153940196.jpg,22,Female,1,Asian,2,20161219153940196
32_1_2_20170104202227882.jpg,32,Female,1,Asian,2,20170104202227882
27_0_4_20170103235757172.jpg,27,Male,0,Others,4,20170103235757172
53_0_0_20170104184411830.jpg,53,Male,0,White,0,20170104184411830
49_1_0_20170104184001972.jpg,49,Female,1,White,0,20170104184001972
35_0_0_20170117134947221.jpg,35,Male,0,White,0,20170117134947221
1_0_0_20170110213403723.jpg,1,Male,0,White,0,20170110213403723
1_1_0_20170109193455503.jpg,1,Female,1,White,0,20170109193455503
43_1_1_20170117193944155.jpg,43,Female,1,Black,1,20170117193944155
18_1_0_20170103201500071.jpg,18,Female,1,White,0,20170103201500071
65_0_0_20170111205153008.jpg,65,Male,0,White,0,20170111205153008
62_0_0_20170111205142071.jpg,62,Male,0,White,0,20170111205142071
42_0_0_20170117133711767.jpg,42,Male,0,White,0,20170117133711767
61_1_1_20170113001835467.jpg,61,Female,1,Black,1,20170113001835467
32_1_1_20170113001546316.jpg,32,Female,1,Black,1,20170113001546316
18_0_3_20170104225753848.jpg,18,Male,0,Indian,3,20170104225753848
56_0_0_20170104210554380.jpg,56,Male,0,White,0,20170104210554380
8_1_0_20170109201746036.jpg,8,Female,1,White,0,20170109201746036
60_0_3_20170119204833974.jpg,60,Male,0,Indian,3,20170119204833974
30_1_0_20170117141313938.jpg,30,Female,1,White,0,20170117141313938
1_0_2_20161219155759221.jpg,1,Male,0,Asian,2,20161219155759221
20_0_0_20170105183430767.jpg,20,Male,0,White,0,20170105183430767
26_0_1_20170117195659949.jpg,26,Male,0,Black,1,20170117195659949
28_1_2_20170104020939196.jpg,28,Female,1,Asian,2,20170104020939196
45_0_3_20170119195652068.jpg,45,Male,0,Indian,3,20170119195652068
53_0_2_20170119205816456.jpg,53,Male,0,Asian,2,20170119205816456
56_0_1_20170113134326090.jpg,56,Male,0,Black,1,20170113134326090
2_1_0_20161219190909739.jpg,2,Female,1,White,0,20161219190909739
54_1_0_20170117191238426.jpg,54,Female,1,White,0,20170117191238426
31_0_1_20170116024204398.jpg,31,Male,0,Black,1,20170116024204398
27_0_1_20170113133926055.jpg,27,Male,0,Black,1,20170113133926055
22_1_0_20170112233734192.jpg,22,Female,1,White,0,20170112233734192
35_1_3_20170119152835120.jpg,35,Female,1,Indian,3,20170119152835120
24_1_2_20170116171513182.jpg,24,Female,1,Asian,2,20170116171513182
38_1_2_20170116164609841.jpg,38,Female,1,Asian,2,20170116164609841
4_1_3_20161219230102512.jpg,4,Female,1,Indian,3,20161219230102512
58_0_1_20170117182453919.jpg,58,Male,0,Black,1,20170117182453919
26_0_1_20170116182311719.jpg,26,Male,0,Black,1,20170116182311719
25_1_2_20170104020239939.jpg,25,Female,1,Asian,2,20170104020239939
2_0_0_20170104201100490.jpg,2,Male,0,White,0,20170104201100490
34_1_0_20170117134930254.jpg,34,Female,1,White,0,20170117134930254
82_0_1_20170111210240036.jpg,82,Male,0,Black,1,20170111210240036
70_1_0_20170109150852960.jpg,70,Female,1,White,0,20170109150852960
26_1_4_20170117201645720.jpg,26,Female,1,Others,4,20170117201645720
25_1_2_20170116175247157.jpg,25,Female,1,Asian,2,20170116175247157
20_0_0_20170113133053319.jpg,20,Male,0,White,0,20170113133053319
27_1_0_20170103210530706.jpg,27,Female,1,White,0,20170103210530706
58_1_3_20170109150757996.jpg,58,Female,1,Indian,3,20170109150757996
25_1_4_20161223230018963.jpg,25,Female,1,Others,4,20161223230018963
58_0_0_20170117191836212.jpg,58,Male,0,White,0,20170117191836212
13_0_0_20170110224531616.jpg,13,Male,0,White,0,20170110224531616
55_0_1_20170113195601362.jpg,55,Male,0,Black,1,20170113195601362
26_0_0_20170113135336472.jpg,26,Male,0,White,0,20170113135336472
38_0_1_20170117005920398.jpg,38,Male,0,Black,1,20170117005920398
58_0_0_20170120222805833.jpg,58,Male,0,White,0,20170120222805833
35_0_4_20170117194507893.jpg,35,Male,0,Others,4,20170117194507893
61_0_1_20170117194601885.jpg,61,Male,0,Black,1,20170117194601885
85_1_0_20170110182404089.jpg,85,Female,1,White,0,20170110182404089
45_1_0_20170104211742180.jpg,45,Female,1,White,0,20170104211742180
31_1_3_20170117170731113.jpg,31,Female,1,Indian,3,20170117170731113
28_1_2_20170116171528109.jpg,28,Female,1,Asian,2,20170116171528109
86_1_2_20170120230217673.jpg,86,Female,1,Asian,2,20170120230217673
5_1_0_20170109191949189.jpg,5,Female,1,White,0,20170109191949189
18_1_0_20170109214113667.jpg,18,Female,1,White,0,20170109214113667
10_0_0_20170110224725285.jpg,10,Male,0,White,0,20170110224725285
60_0_0_20170109013457906.jpg,60,Male,0,White,0,20170109013457906
40_0_0_20170117152411165.jpg,40,Male,0,White,0,20170117152411165
25_1_0_20170104022204452.jpg,25,Female,1,White,0,20170104022204452
25_1_2_20170116175241325.jpg,25,Female,1,Asian,2,20170116175241325
73_0_0_20170105173752749.jpg,73,Male,0,White,0,20170105173752749
23_0_3_20170119164352326.jpg,23,Male,0,Indian,3,20170119164352326
36_1_3_20170109141235854.jpg,36,Female,1,Indian,3,20170109141235854
58_0_0_20170113210319275.jpg,58,Male,0,White,0,20170113210319275
30_0_1_20170113133612273.jpg,30,Male,0,Black,1,20170113133612273
18_1_0_20170103175516495.jpg,18,Female,1,White,0,20170103175516495
2_1_1_20170109194651472.jpg,2,Female,1,Black,1,20170109194651472
30_1_4_20170117202951902.jpg,30,Female,1,Others,4,20170117202951902
3_0_2_20161219221714703.jpg,3,Male,0,Asian,2,20161219221714703
5_0_2_20161219202809316.jpg,5,Male,0,Asian,2,20161219202809316
26_1_1_20170116233337587.jpg,26,Female,1,Black,1,20170116233337587
25_0_0_20170110231839623.jpg,25,Male,0,White,0,20170110231839623
1_0_2_20161219212516942.jpg,1,Male,0,Asian,2,20161219212516942
28_0_1_20170116192346678.jpg,28,Male,0,Black,1,20170116192346678
24_1_2_20170117194935363.jpg,24,Female,1,Asian,2,20170117194935363
32_0_1_20170117140805502.jpg,32,Male,0,Black,1,20170117140805502
29_0_3_20170119170547814.jpg,29,Male,0,Indian,3,20170119170547814
25_1_0_20170103180606727.jpg,25,Female,1,White,0,20170103180606727
85_0_0_20170111210017033.jpg,85,Male,0,White,0,20170111210017033
25_1_3_20170119171211913.jpg,25,Female,1,Indian,3,20170119171211913
26_0_3_20170119180528964.jpg,26,Male,0,Indian,3,20170119180528964
46_0_3_20170104210508188.jpg,46,Male,0,Indian,3,20170104210508188
11_1_2_20170104005111615.jpg,11,Female,1,Asian,2,20170104005111615
19_1_1_20170112231417629.jpg,19,Female,1,Black,1,20170112231417629
29_0_2_20170116170817714.jpg,29,Male,0,Asian,2,20170116170817714
1_0_4_20161221203008320.jpg,1,Male,0,Others,4,20161221203008320
18_1_0_20170109212647587.jpg,18,Female,1,White,0,20170109212647587
28_1_2_20170116164602956.jpg,28,Female,1,Asian,2,20170116164602956
38_0_1_20170113152209191.jpg,38,Male,0,Black,1,20170113152209191
45_0_0_20170117185253753.jpg,45,Male,0,White,0,20170117185253753
51_0_0_20170120222851682.jpg,51,Male,0,White,0,20170120222851682
26_1_4_20170117152642036.jpg,26,Female,1,Others,4,20170117152642036
22_0_4_20170103234615652.jpg,22,Male,0,Others,4,20170103234615652
61_1_0_20170117192206514.jpg,61,Female,1,White,0,20170117192206514
73_0_0_20170104213702565.jpg,73,Male,0,White,0,20170104213702565
15_0_1_20170120134502877.jpg,15,Male,0,Black,1,20170120134502877
25_0_2_20170116212011508.jpg,25,Male,0,Asian,2,20170116212011508
1_0_3_20161220143121101.jpg,1,Male,0,Indian,3,20161220143121101
1_0_2_20161219193503635.jpg,1,Male,0,Asian,2,20161219193503635
23_1_0_20170116221815459.jpg,23,Female,1,White,0,20170116221815459
24_1_0_20170116222842089.jpg,24,Female,1,White,0,20170116222842089
61_0_2_20170112205237140.jpg,61,Male,0,Asian,2,20170112205237140
33_1_1_20170113000321114.jpg,33,Female,1,Black,1,20170113000321114
36_1_0_20170103181817489.jpg,36,Female,1,White,0,20170103181817489
25_1_2_20170104022723237.jpg,25,Female,1,Asian,2,20170104022723237
1_1_3_20161219224718096.jpg,1,Female,1,Indian,3,20161219224718096
1_1_3_20161219225657032.jpg,1,Female,1,Indian,3,20161219225657032
11_0_0_20170110225254975.jpg,11,Male,0,White,0,20170110225254975
77_1_0_20170110131558278.jpg,77,Female,1,White,0,20170110131558278
24_0_0_20170117091201342.jpg,24,Male,0,White,0,20170117091201342
35_0_2_20170116201218449.jpg,35,Male,0,Asian,2,20170116201218449
100_1_2_20170105174847679.jpg,100,Female,1,Asian,2,20170105174847679
22_0_0_20170117091156202.jpg,22,Male,0,White,0,20170117091156202
36_1_0_20170104172916913.jpg,36,Female,1,White,0,20170104172916913
1_0_0_20170109193841675.jpg,1,Male,0,White,0,20170109193841675
22_0_0_20170103180152583.jpg,22,Male,0,White,0,20170103180152583
33_0_4_20170116220014045.jpg,33,Male,0,Others,4,20170116220014045
28_0_3_20170119164001559.jpg,28,Male,0,Indian,3,20170119164001559
1_1_4_20161221202053505.jpg,1,Female,1,Others,4,20161221202053505
67_0_0_20170108235729190.jpg,67,Male,0,White,0,20170108235729190
17_1_3_20170117143037796.jpg,17,Female,1,Indian,3,20170117143037796
38_0_0_20170104184023164.jpg,38,Male,0,White,0,20170104184023164
37_0_3_20170119202215718.jpg,37,Male,0,Indian,3,20170119202215718
32_1_0_20170117134826702.jpg,32,Female,1,White,0,20170117134826702
63_1_1_20170113190755479.jpg,63,Female,1,Black,1,20170113190755479
40_0_2_20170116191940772.jpg,40,Male,0,Asian,2,20170116191940772
29_0_3_20170117180739306.jpg,29,Male,0,Indian,3,20170117180739306
58_0_1_20170113185358000.jpg,58,Male,0,Black,1,20170113185358000
8_1_0_20170109204954253.jpg,8,Female,1,White,0,20170109204954253
40_1_0_20170117092211401.jpg,40,Female,1,White,0,20170117092211401
39_1_0_20170105164520316.jpg,39,Female,1,White,0,20170105164520316
32_0_1_20170117140225687.jpg,32,Male,0,Black,1,20170117140225687
36_0_3_20170119201742501.jpg,36,Male,0,Indian,3,20170119201742501
45_1_0_20170110154650451.jpg,45,Female,1,White,0,20170110154650451
38_1_1_20170117203703512.jpg,38,Female,1,Black,1,20170117203703512
29_0_0_20170104165154897.jpg,29,Male,0,White,0,20170104165154897
35_1_3_20170104231728913.jpg,35,Female,1,Indian,3,20170104231728913
15_1_0_20170109214024612.jpg,15,Female,1,White,0,20170109214024612
35_0_0_20170120220544849.jpg,35,Male,0,White,0,20170120220544849
26_0_4_20170117195657219.jpg,26,Male,0,Others,4,20170117195657219
36_0_1_20170117175543360.jpg,36,Male,0,Black,1,20170117175543360
50_0_3_20170119153117800.jpg,50,Male,0,Indian,3,20170119153117800
26_0_2_20170119180202654.jpg,26,Male,0,Asian,2,20170119180202654
26_1_1_20170113012034848.jpg,26,Female,1,Black,1,20170113012034848
30_1_4_20170117193820102.jpg,30,Female,1,Others,4,20170117193820102
65_0_1_20170120134639935.jpg,65,Male,0,Black,1,20170120134639935
30_0_0_20170117171057875.jpg,30,Male,0,White,0,20170117171057875
3_1_2_20161219192119762.jpg,3,Female,1,Asian,2,20161219192119762
40_0_3_20170117125801143.jpg,40,Male,0,Indian,3,20170117125801143
37_0_3_20170119202212805.jpg,37,Male,0,Indian,3,20170119202212805
54_0_0_20170104212707930.jpg,54,Male,0,White,0,20170104212707930
28_0_0_20170113132725104.jpg,28,Male,0,White,0,20170113132725104
49_0_0_20170104205813820.jpg,49,Male,0,White,0,20170104205813820
40_0_0_20170117134415492.jpg,40,Male,0,White,0,20170117134415492
24_1_2_20170116171531024.jpg,24,Female,1,Asian,2,20170116171531024
26_1_2_20170116184250474.jpg,26,Female,1,Asian,2,20170116184250474
41_0_0_20170104204845308.jpg,41,Male,0,White,0,20170104204845308
24_1_3_20170119171106744.jpg,24,Female,1,Indian,3,20170119171106744
27_0_0_20170103182440137.jpg,27,Male,0,White,0,20170103182440137
38_1_4_20170117203741155.jpg,38,Female,1,Others,4,20170117203741155
17_0_0_20170116201003399.jpg,17,Male,0,White,0,20170116201003399
50_0_3_20170119205530376.jpg,50,Male,0,Indian,3,20170119205530376
26_1_3_20170119193116961.jpg,26,Female,1,Indian,3,20170119193116961
63_0_0_20170113210319862.jpg,63,Male,0,White,0,20170113210319862
32_0_2_20170117120231708.jpg,32,Male,0,Asian,2,20170117120231708
29_0_1_20170113141746548.jpg,29,Male,0,Black,1,20170113141746548
48_0_0_20170111200118842.jpg,48,Male,0,White,0,20170111200118842
26_0_4_20170117195713037.jpg,26,Male,0,Others,4,20170117195713037
26_1_2_20170116180658254.jpg,26,Female,1,Asian,2,20170116180658254
53_0_0_20170109015513486.jpg,53,Male,0,White,0,20170109015513486
15_1_4_20170103222927064.jpg,15,Female,1,Others,4,20170103222927064
13_1_0_20170109203635557.jpg,13,Female,1,White,0,20170109203635557
4_0_0_20170110213408453.jpg,4,Male,0,White,0,20170110213408453
31_1_1_20170112230640389.jpg,31,Female,1,Black,1,20170112230640389
28_0_4_20170117202427928.jpg,28,Male,0,Others,4,20170117202427928
42_0_0_20170117135635200.jpg,42,Male,0,White,0,20170117135635200
24_1_4_20170117194852596.jpg,24,Female,1,Others,4,20170117194852596
53_1_0_20170104212453853.jpg,53,Female,1,White,0,20170104212453853
50_0_0_20170120222745802.jpg,50,Male,0,White,0,20170120222745802
16_0_0_20170110231520320.jpg,16,Male,0,White,0,20170110231520320
24_0_2_20170116170600895.jpg,24,Male,0,Asian,2,20170116170600895
50_0_3_20170119205352398.jpg,50,Male,0,Indian,3,20170119205352398
26_1_0_20170103180649464.jpg,26,Female,1,White,0,20170103180649464
24_1_4_20170117150737098.jpg,24,Female,1,Others,4,20170117150737098
4_0_3_20161220220742914.jpg,4,Male,0,Indian,3,20161220220742914
16_1_4_20170103201025695.jpg,16,Female,1,Others,4,20170103201025695
54_1_0_20170104184901670.jpg,54,Female,1,White,0,20170104184901670
34_0_1_20170113134734098.jpg,34,Male,0,Black,1,20170113134734098
53_1_0_20170120223207284.jpg,53,Female,1,White,0,20170120223207284
28_0_1_20170113133943577.jpg,28,Male,0,Black,1,20170113133943577
36_1_0_20170112230658796.jpg,36,Female,1,White,0,20170112230658796
60_0_0_20170104212943692.jpg,60,Male,0,White,0,20170104212943692
26_0_3_20170119183546909.jpg,26,Male,0,Indian,3,20170119183546909
2_0_2_20161219194955267.jpg,2,Male,0,Asian,2,20161219194955267
65_1_0_20170103175408672.jpg,65,Female,1,White,0,20170103175408672
90_0_0_20170117175511939.jpg,90,Male,0,White,0,20170117175511939
80_1_4_20170110184132973.jpg,80,Female,1,Others,4,20170110184132973
37_1_0_20170109134008515.jpg,37,Female,1,White,0,20170109134008515
1_0_2_20161219203335428.jpg,1,Male,0,Asian,2,20161219203335428
22_1_3_20170119163028157.jpg,22,Female,1,Indian,3,20170119163028157
25_1_3_20161220222256467.jpg,25,Female,1,Indian,3,20161220222256467
41_0_0_20170104200612385.jpg,41,Male,0,White,0,20170104200612385
29_0_2_20170116165939507.jpg,29,Male,0,Asian,2,20170116165939507
44_0_2_20170119184036351.jpg,44,Male,0,Asian,2,20170119184036351
22_0_3_20170119202650701.jpg,22,Male,0,Indian,3,20170119202650701
28_0_2_20170116163928068.jpg,28,Male,0,Asian,2,20170116163928068
60_1_0_20170110131848316.jpg,60,Female,1,White,0,20170110131848316
26_0_0_20170117195939941.jpg,26,Male,0,White,0,20170117195939941
1_0_3_20161220144835319.jpg,1,Male,0,Indian,3,20161220144835319
26_0_4_20170116192510762.jpg,26,Male,0,Others,4,20170116192510762
63_0_0_20170113185508976.jpg,63,Male,0,White,0,20170113185508976
20_0_1_20170113180909253.jpg,20,Male,0,Black,1,20170113180909253
62_0_1_20170117191622380.jpg,62,Male,0,Black,1,20170117191622380
22_1_0_20170103163248351.jpg,22,Female,1,White,0,20170103163248351
26_1_0_20170104233850235.jpg,26,Female,1,White,0,20170104233850235
14_1_4_20170109205457235.jpg,14,Female,1,Others,4,20170109205457235
95_1_2_20170112224548347.jpg,95,Female,1,Asian,2,20170112224548347
26_0_2_20170117172733502.jpg,26,Male,0,Asian,2,20170117172733502
4_0_0_20170110205349508.jpg,4,Male,0,White,0,20170110205349508
36_0_3_20170119201915606.jpg,36,Male,0,Indian,3,20170119201915606
35_0_0_20170117150114482.jpg,35,Male,0,White,0,20170117150114482
26_0_1_20170116200945526.jpg,26,Male,0,Black,1,20170116200945526
26_1_2_20170117174716222.jpg,26,Female,1,Asian,2,20170117174716222
21_1_4_20170103230521217.jpg,21,Female,1,Others,4,20170103230521217
26_1_3_20170104223022663.jpg,26,Female,1,Indian,3,20170104223022663
29_1_2_20170109133107871.jpg,29,Female,1,Asian,2,20170109133107871
16_0_0_20170110231944071.jpg,16,Male,0,White,0,20170110231944071
28_0_1_20170117022131217.jpg,28,Male,0,Black,1,20170117022131217
32_1_3_20170109142352309.jpg,32,Female,1,Indian,3,20170109142352309
26_0_1_20170116203829506.jpg,26,Male,0,Black,1,20170116203829506
1_0_2_20161219212648582.jpg,1,Male,0,Asian,2,20161219212648582
86_0_0_20170112224722395.jpg,86,Male,0,White,0,20170112224722395
22_1_1_20170112230505525.jpg,22,Female,1,Black,1,20170112230505525
73_0_0_20170120224040208.jpg,73,Male,0,White,0,20170120224040208
60_1_0_20170110160643704.jpg,60,Female,1,White,0,20170110160643704
39_1_0_20170109012839681.jpg,39,Female,1,White,0,20170109012839681
25_1_3_20170116200907622.jpg,25,Female,1,Indian,3,20170116200907622
72_1_2_20170110181718497.jpg,72,Female,1,Asian,2,20170110181718497
74_1_0_20170110131502622.jpg,74,Female,1,White,0,20170110131502622
2_0_4_20161221202339874.jpg,2,Male,0,Others,4,20161221202339874
75_0_0_20170117173011522.jpg,75,Male,0,White,0,20170117173011522
36_1_3_20170109141841866.jpg,36,Female,1,Indian,3,20170109141841866
90_1_0_20170120224954568.jpg,90,Female,1,White,0,20170120224954568
65_1_2_20170105174503015.jpg,65,Female,1,Asian,2,20170105174503015
26_0_2_20170116180203819.jpg,26,Male,0,Asian,2,20170116180203819
52_0_1_20170113174550147.jpg,52,Male,0,Black,1,20170113174550147
28_0_0_20170117202408999.jpg,28,Male,0,White,0,20170117202408999
44_0_0_20170104183723462.jpg,44,Male,0,White,0,20170104183723462
1_0_4_20161221201454961.jpg,1,Male,0,Others,4,20161221201454961
40_0_0_20170116221022897.jpg,40,Male,0,White,0,20170116221022897
29_0_3_20170119195344995.jpg,29,Male,0,Indian,3,20170119195344995
2_1_2_20161219140736641.jpg,2,Female,1,Asian,2,20161219140736641
7_0_0_20170110224429257.jpg,7,Male,0,White,0,20170110224429257
1_1_2_20161219194655428.jpg,1,Female,1,Asian,2,20161219194655428
38_0_4_20170117151031427.jpg,38,Male,0,Others,4,20170117151031427
75_0_1_20170111201947825.jpg,75,Male,0,Black,1,20170111201947825
30_1_2_20170116162512345.jpg,30,Female,1,Asian,2,20170116162512345
20_1_0_20170105184054896.jpg,20,Female,1,White,0,20170105184054896
30_1_0_20170117143857490.jpg,30,Female,1,White,0,20170117143857490
30_0_2_20170116192739617.jpg,30,Male,0,Asian,2,20170116192739617
58_0_0_20170111204513437.jpg,58,Male,0,White,0,20170111204513437
32_0_1_20170116185236084.jpg,32,Male,0,Black,1,20170116185236084
25_0_0_20170117153733428.jpg,25,Male,0,White,0,20170117153733428
35_0_1_20170120220430826.jpg,35,Male,0,Black,1,20170120220430826
39_1_1_20170112214959310.jpg,39,Female,1,Black,1,20170112214959310
30_0_1_20170117120438367.jpg,30,Male,0,Black,1,20170117120438367
25_1_1_20170112192328981.jpg,25,Female,1,Black,1,20170112192328981
71_0_0_20170116232642012.jpg,71,Male,0,White,0,20170116232642012
60_0_2_20170116192532074.jpg,60,Male,0,Asian,2,20170116192532074
34_0_1_20170117141132710.jpg,34,Male,0,Black,1,20170117141132710
24_1_2_20170116174612535.jpg,24,Female,1,Asian,2,20170116174612535
22_0_0_20170103234830581.jpg,22,Male,0,White,0,20170103234830581
30_1_1_20170112215057720.jpg,30,Female,1,Black,1,20170112215057720
12_1_0_20170104013410523.jpg,12,Female,1,White,0,20170104013410523
47_0_3_20170119202114397.jpg,47,Male,0,Indian,3,20170119202114397
35_1_0_20170117193055396.jpg,35,Female,1,White,0,20170117193055396
1_1_2_20161219212416550.jpg,1,Female,1,Asian,2,20161219212416550
45_0_4_20170117203306895.jpg,45,Male,0,Others,4,20170117203306895
30_1_0_20170117181336564.jpg,30,Female,1,White,0,20170117181336564
26_0_1_20170116204838256.jpg,26,Male,0,Black,1,20170116204838256
41_0_0_20170104173044203.jpg,41,Male,0,White,0,20170104173044203
26_1_3_20170119193151218.jpg,26,Female,1,Indian,3,20170119193151218
32_1_1_20170115235516131.jpg,32,Female,1,Black,1,20170115235516131
57_1_0_20170120133336768.jpg,57,Female,1,White,0,20170120133336768
1_1_2_20161219203352244.jpg,1,Female,1,Asian,2,20161219203352244
72_1_0_20170110184104942.jpg,72,Female,1,White,0,20170110184104942
44_1_0_20170117190014098.jpg,44,Female,1,White,0,20170117190014098
56_1_0_20170110131907975.jpg,56,Female,1,White,0,20170110131907975
25_1_0_20170105183634552.jpg,25,Female,1,White,0,20170105183634552
1_0_4_20161221195039712.jpg,1,Male,0,Others,4,20161221195039712
26_0_3_20170119180602948.jpg,26,Male,0,Indian,3,20170119180602948
26_1_2_20170116184249790.jpg,26,Female,1,Asian,2,20170116184249790
31_0_3_20170119195949283.jpg,31,Male,0,Indian,3,20170119195949283
25_1_3_20170119172045713.jpg,25,Female,1,Indian,3,20170119172045713
50_0_0_20170113210604690.jpg,50,Male,0,White,0,20170113210604690
53_0_0_20170112215345416.jpg,53,Male,0,White,0,20170112215345416
21_0_1_20170113133117587.jpg,21,Male,0,Black,1,20170113133117587
30_1_0_20170117143843323.jpg,30,Female,1,White,0,20170117143843323
39_0_0_20170104183807637.jpg,39,Male,0,White,0,20170104183807637
25_0_3_20170119171900192.jpg,25,Male,0,Indian,3,20170119171900192
49_1_0_20170117160609295.jpg,49,Female,1,White,0,20170117160609295
29_0_1_20170113133331563.jpg,29,Male,0,Black,1,20170113133331563
35_1_1_20170113001619378.jpg,35,Female,1,Black,1,20170113001619378
39_0_1_20170113174738683.jpg,39,Male,0,Black,1,20170113174738683
40_0_3_20170109003040502.jpg,40,Male,0,Indian,3,20170109003040502
2_0_3_20161219225554448.jpg,2,Male,0,Indian,3,20161219225554448
45_0_0_20170117192031378.jpg,45,Male,0,White,0,20170117192031378
23_0_3_20170119153304574.jpg,23,Male,0,Indian,3,20170119153304574
5_1_3_20161220145130080.jpg,5,Female,1,Indian,3,20161220145130080
24_1_4_20170103225121913.jpg,24,Female,1,Others,4,20170103225121913
30_0_0_20170117150940669.jpg,30,Male,0,White,0,20170117150940669
8_0_3_20170117133146996.jpg,8,Male,0,Indian,3,20170117133146996
40_0_0_20170117133805950.jpg,40,Male,0,White,0,20170117133805950
81_0_0_20170111222146910.jpg,81,Male,0,White,0,20170111222146910
68_1_0_20170110141150729.jpg,68,Female,1,White,0,20170110141150729
51_1_3_20170104232315523.jpg,51,Female,1,Indian,3,20170104232315523
61_1_0_20170110160643735.jpg,61,Female,1,White,0,20170110160643735
43_0_0_20170104183900726.jpg,43,Male,0,White,0,20170104183900726
53_0_0_20170117191002777.jpg,53,Male,0,White,0,20170117191002777
2_1_3_20161219225825224.jpg,2,Female,1,Indian,3,20161219225825224
1_0_3_20161220143042511.jpg,1,Male,0,Indian,3,20161220143042511
22_0_3_20170117143056386.jpg,22,Male,0,Indian,3,20170117143056386
45_0_0_20170119171850161.jpg,45,Male,0,White,0,20170119171850161
26_1_1_20170117200332549.jpg,26,Female,1,Black,1,20170117200332549
72_0_2_20170112205543070.jpg,72,Male,0,Asian,2,20170112205543070
23_1_3_20170119164534718.jpg,23,Female,1,Indian,3,20170119164534718
7_1_2_20161219141129768.jpg,7,Female,1,Asian,2,20161219141129768
24_0_0_20170116221910075.jpg,24,Male,0,White,0,20170116221910075
49_0_1_20170111200637109.jpg,49,Male,0,Black,1,20170111200637109
29_1_0_20170117154639272.jpg,29,Female,1,White,0,20170117154639272
72_1_0_20170110182955408.jpg,72,Female,1,White,0,20170110182955408
40_0_0_20170104210228028.jpg,40,Male,0,White,0,20170104210228028
38_1_0_20170117154129371.jpg,38,Female,1,White,0,20170117154129371
22_0_1_20170114032251671.jpg,22,Male,0,Black,1,20170114032251671
79_0_0_20170111210813495.jpg,79,Male,0,White,0,20170111210813495
29_0_1_20170113141748034.jpg,29,Male,0,Black,1,20170113141748034
36_0_1_20170113151003293.jpg,36,Male,0,Black,1,20170113151003293
59_0_4_20170105173702564.jpg,59,Male,0,Others,4,20170105173702564
28_1_2_20170116170001611.jpg,28,Female,1,Asian,2,20170116170001611
29_1_1_20170117094934398.jpg,29,Female,1,Black,1,20170117094934398
62_0_0_20170104185409782.jpg,62,Male,0,White,0,20170104185409782
39_0_0_20170104202300394.jpg,39,Male,0,White,0,20170104202300394
15_1_0_20170109203414090.jpg,15,Female,1,White,0,20170109203414090
50_0_0_20170105161353395.jpg,50,Male,0,White,0,20170105161353395
50_0_0_20170104181517653.jpg,50,Male,0,White,0,20170104181517653
26_1_0_20170117201924879.jpg,26,Female,1,White,0,20170117201924879
26_0_3_20170119180511092.jpg,26,Male,0,Indian,3,20170119180511092
1_0_4_20161221193041157.jpg,1,Male,0,Others,4,20161221193041157
30_0_0_20170117143359866.jpg,30,Male,0,White,0,20170117143359866
67_1_0_20170109142541820.jpg,67,Female,1,White,0,20170109142541820
42_0_0_20170117120422779.jpg,42,Male,0,White,0,20170117120422779
25_1_0_20170117140624359.jpg,25,Female,1,White,0,20170117140624359
6_1_4_20170103233146667.jpg,6,Female,1,Others,4,20170103233146667
45_0_3_20170119200329836.jpg,45,Male,0,Indian,3,20170119200329836
116_1_0_20170112213001988.jpg,116,Female,1,White,0,20170112213001988
64_0_0_20170120222811411.jpg,64,Male,0,White,0,20170120222811411
15_1_2_20170104012441969.jpg,15,Female,1,Asian,2,20170104012441969
26_1_2_20170117201843503.jpg,26,Female,1,Asian,2,20170117201843503
54_0_2_20170104192440455.jpg,54,Male,0,Asian,2,20170104192440455
28_1_4_20170103235832524.jpg,28,Female,1,Others,4,20170103235832524
39_0_0_20170117154434474.jpg,39,Male,0,White,0,20170117154434474
85_1_0_20170110183823331.jpg,85,Female,1,White,0,20170110183823331
53_0_0_20170104204651866.jpg,53,Male,0,White,0,20170104204651866
44_1_3_20170119192838387.jpg,44,Female,1,Indian,3,20170119192838387
26_1_0_20170117201212293.jpg,26,Female,1,White,0,20170117201212293
23_1_0_20170117175925529.jpg,23,Female,1,White,0,20170117175925529
54_1_2_20170116193506567.jpg,54,Female,1,Asian,2,20170116193506567
40_1_1_20170113012951777.jpg,40,Female,1,Black,1,20170113012951777
22_1_4_20170103224503415.jpg,22,Female,1,Others,4,20170103224503415
20_1_4_20170103212722908.jpg,20,Female,1,Others,4,20170103212722908
13_1_0_20170109214635943.jpg,13,Female,1,White,0,20170109214635943
35_1_0_20170103182732026.jpg,35,Female,1,White,0,20170103182732026
24_0_4_20170117194540395.jpg,24,Male,0,Others,4,20170117194540395
1_0_2_20161219195200555.jpg,1,Male,0,Asian,2,20161219195200555
24_1_4_20170117150521764.jpg,24,Female,1,Others,4,20170117150521764
1_0_0_20161219161028662.jpg,1,Male,0,White,0,20161219161028662
8_1_0_20170109205256828.jpg,8,Female,1,White,0,20170109205256828
28_1_3_20170104232916497.jpg,28,Female,1,Indian,3,20170104232916497
26_1_2_20170116184553462.jpg,26,Female,1,Asian,2,20170116184553462
85_1_2_20170110183530796.jpg,85,Female,1,Asian,2,20170110183530796
5_1_3_20161220142912096.jpg,5,Female,1,Indian,3,20161220142912096
4_0_0_20170104010859393.jpg,4,Male,0,White,0,20170104010859393
11_1_0_20170109205013531.jpg,11,Female,1,White,0,20170109205013531
39_0_0_20170117154211467.jpg,39,Male,0,White,0,20170117154211467
21_0_2_20170117193634310.jpg,21,Male,0,Asian,2,20170117193634310
85_0_1_20170111210314652.jpg,85,Male,0,Black,1,20170111210314652
26_1_3_20170119193112441.jpg,26,Female,1,Indian,3,20170119193112441
58_1_0_20170110151504170.jpg,58,Female,1,White,0,20170110151504170
35_0_0_20170116222140420.jpg,35,Male,0,White,0,20170116222140420
14_0_4_20170113145202254.jpg,14,Male,0,Others,4,20170113145202254
25_1_0_20170116211917463.jpg,25,Female,1,White,0,20170116211917463
26_1_2_20170116184045356.jpg,26,Female,1,Asian,2,20170116184045356
20_1_0_20170105002441599.jpg,20,Female,1,White,0,20170105002441599
65_1_1_20170113002051572.jpg,65,Female,1,Black,1,20170113002051572
60_0_0_20170103182716210.jpg,60,Male,0,White,0,20170103182716210
27_0_0_20170116205311022.jpg,27,Male,0,White,0,20170116205311022
33_1_1_20170113161351324.jpg,33,Female,1,Black,1,20170113161351324
26_1_3_20170104232131633.jpg,26,Female,1,Indian,3,20170104232131633
14_1_0_20170109204135732.jpg,14,Female,1,White,0,20170109204135732
50_0_0_20170117152322862.jpg,50,Male,0,White,0,20170117152322862
40_1_1_20170109003603180.jpg,40,Female,1,Black,1,20170109003603180
29_0_0_20170104192430041.jpg,29,Male,0,White,0,20170104192430041
28_0_1_20170113142308413.jpg,28,Male,0,Black,1,20170113142308413
30_1_0_20170117092244399.jpg,30,Female,1,White,0,20170117092244399
54_0_2_20170116193435159.jpg,54,Male,0,Asian,2,20170116193435159
25_0_1_20170116001049632.jpg,25,Male,0,Black,1,20170116001049632
55_0_0_20170117190811698.jpg,55,Male,0,White,0,20170117190811698
68_1_0_20170110143529881.jpg,68,Female,1,White,0,20170110143529881
30_1_4_20170105165132148.jpg,30,Female,1,Others,4,20170105165132148
8_1_0_20170109202748999.jpg,8,Female,1,White,0,20170109202748999
37_0_1_20170116193744974.jpg,37,Male,0,Black,1,20170116193744974
31_0_3_20170119195941627.jpg,31,Male,0,Indian,3,20170119195941627
26_0_4_20170105163503003.jpg,26,Male,0,Others,4,20170105163503003
20_1_0_20170114031424981.jpg,20,Female,1,White,0,20170114031424981
39_1_0_20170105172844028.jpg,39,Female,1,White,0,20170105172844028
27_0_3_20170119193236801.jpg,27,Male,0,Indian,3,20170119193236801
63_0_0_20170117195022504.jpg,63,Male,0,White,0,20170117195022504
32_1_1_20170116003159417.jpg,32,Female,1,Black,1,20170116003159417
51_1_0_20170110140837714.jpg,51,Female,1,White,0,20170110140837714
40_0_0_20170117181809634.jpg,40,Male,0,White,0,20170117181809634
8_1_3_20170104221914568.jpg,8,Female,1,Indian,3,20170104221914568
56_0_1_20170113174604139.jpg,56,Male,0,Black,1,20170113174604139
24_0_1_20170116000638538.jpg,24,Male,0,Black,1,20170116000638538
2_1_2_20161219211123885.jpg,2,Female,1,Asian,2,20161219211123885
27_1_1_20170112203947771.jpg,27,Female,1,Black,1,20170112203947771
19_0_0_20170102233014401.jpg,19,Male,0,White,0,20170102233014401
26_1_2_20170116184521807.jpg,26,Female,1,Asian,2,20170116184521807
28_1_0_20170103183935666.jpg,28,Female,1,White,0,20170103183935666
26_1_4_20170117174112221.jpg,26,Female,1,Others,4,20170117174112221
54_0_0_20170120222607969.jpg,54,Male,0,White,0,20170120222607969
35_1_0_20170116222143959.jpg,35,Female,1,White,0,20170116222143959
105_0_0_20170112213001988.jpg,105,Male,0,White,0,20170112213001988
31_1_1_20170116023825964.jpg,31,Female,1,Black,1,20170116023825964
80_0_0_20170117175522915.jpg,80,Male,0,White,0,20170117175522915
34_0_3_20170119165336734.jpg,34,Male,0,Indian,3,20170119165336734
37_1_1_20170117140024639.jpg,37,Female,1,Black,1,20170117140024639
56_0_3_20170119192954299.jpg,56,Male,0,Indian,3,20170119192954299
10_0_0_20170110225421531.jpg,10,Male,0,White,0,20170110225421531
53_1_0_20170110122611684.jpg,53,Female,1,White,0,20170110122611684
10_1_0_20170109203427416.jpg,10,Female,1,White,0,20170109203427416
56_0_0_20170111195908482.jpg,56,Male,0,White,0,20170111195908482
32_0_3_20170119192340778.jpg,32,Male,0,Indian,3,20170119192340778
27_0_3_20170119193300742.jpg,27,Male,0,Indian,3,20170119193300742
31_1_1_20170116014139015.jpg,31,Female,1,Black,1,20170116014139015
21_1_0_20170117142529474.jpg,21,Female,1,White,0,20170117142529474
55_0_3_20170119180725108.jpg,55,Male,0,Indian,3,20170119180725108
6_1_3_20161220222552857.jpg,6,Female,1,Indian,3,20161220222552857
37_1_0_20170117140113541.jpg,37,Female,1,White,0,20170117140113541
21_0_1_20170113133118839.jpg,21,Male,0,Black,1,20170113133118839
64_0_2_20170116193425715.jpg,64,Male,0,Asian,2,20170116193425715
40_0_2_20170116181214637.jpg,40,Male,0,Asian,2,20170116181214637
15_1_0_20170109212807412.jpg,15,Female,1,White,0,20170109212807412
25_1_0_20170103180311751.jpg,25,Female,1,White,0,20170103180311751
35_0_3_20170119201343148.jpg,35,Male,0,Indian,3,20170119201343148
16_1_4_20170104005411807.jpg,16,Female,1,Others,4,20170104005411807
6_0_3_20161220222811027.jpg,6,Male,0,Indian,3,20161220222811027
26_0_1_20170117195838909.jpg,26,Male,0,Black,1,20170117195838909
25_1_0_20170119172033312.jpg,25,Female,1,White,0,20170119172033312
18_0_4_20170103201305015.jpg,18,Male,0,Others,4,20170103201305015
75_1_0_20170110141247761.jpg,75,Female,1,White,0,20170110141247761
36_0_0_20170117163349597.jpg,36,Male,0,White,0,20170117163349597
4_1_4_20170103213350292.jpg,4,Female,1,Others,4,20170103213350292
50_0_0_20170109012046787.jpg,50,Male,0,White,0,20170109012046787
38_1_1_20170113001028985.jpg,38,Female,1,Black,1,20170113001028985
28_0_1_20170117021357609.jpg,28,Male,0,Black,1,20170117021357609
52_0_1_20170113183825270.jpg,52,Male,0,Black,1,20170113183825270
25_1_0_20170103175619551.jpg,25,Female,1,White,0,20170103175619551
25_1_0_20170104183350805.jpg,25,Female,1,White,0,20170104183350805
24_1_2_20170116174421540.jpg,24,Female,1,Asian,2,20170116174421540
67_0_0_20170104185427710.jpg,67,Male,0,White,0,20170104185427710
25_0_1_20170117012445920.jpg,25,Male,0,Black,1,20170117012445920
69_1_0_20170110131527801.jpg,69,Female,1,White,0,20170110131527801
12_0_0_20170110224804208.jpg,12,Male,0,White,0,20170110224804208
26_0_3_20170119180328460.jpg,26,Male,0,Indian,3,20170119180328460
23_1_2_20170116173240500.jpg,23,Female,1,Asian,2,20170116173240500
30_0_0_20170117143256587.jpg,30,Male,0,White,0,20170117143256587
29_1_1_20170116003347103.jpg,29,Female,1,Black,1,20170116003347103
51_0_2_20170116192859594.jpg,51,Male,0,Asian,2,20170116192859594
36_0_4_20170117140440824.jpg,36,Male,0,Others,4,20170117140440824
34_1_1_20170116173527974.jpg,34,Female,1,Black,1,20170116173527974
1_0_2_20161219222040503.jpg,1,Male,0,Asian,2,20161219222040503
22_1_1_20170113010358791.jpg,22,Female,1,Black,1,20170113010358791
24_1_0_20170103180601840.jpg,24,Female,1,White,0,20170103180601840
3_1_3_20161219225530536.jpg,3,Female,1,Indian,3,20161219225530536
24_1_4_20170103223129750.jpg,24,Female,1,Others,4,20170103223129750
45_0_0_20170104194418815.jpg,45,Male,0,White,0,20170104194418815
53_0_0_20170104184408718.jpg,53,Male,0,White,0,20170104184408718
73_1_3_20170104221010950.jpg,73,Female,1,Indian,3,20170104221010950
28_0_3_20170119194431378.jpg,28,Male,0,Indian,3,20170119194431378
1_0_0_20170110212712576.jpg,1,Male,0,White,0,20170110212712576
17_0_3_20170104225543888.jpg,17,Male,0,Indian,3,20170104225543888
8_0_0_20170110220157082.jpg,8,Male,0,White,0,20170110220157082
90_1_0_20170120225510266.jpg,90,Female,1,White,0,20170120225510266
26_1_3_20170119193102258.jpg,26,Female,1,Indian,3,20170119193102258
60_1_3_20170109142555460.jpg,60,Female,1,Indian,3,20170109142555460
58_0_0_20170104213016013.jpg,58,Male,0,White,0,20170104213016013
24_1_0_20170117194942245.jpg,24,Female,1,White,0,20170117194942245
40_1_0_20170116204155182.jpg,40,Female,1,White,0,20170116204155182
26_0_1_20170120134513055.jpg,26,Male,0,Black,1,20170120134513055
24_0_3_20170104214521685.jpg,24,Male,0,Indian,3,20170104214521685
57_1_3_20170104234847956.jpg,57,Female,1,Indian,3,20170104234847956
55_0_1_20170117190804541.jpg,55,Male,0,Black,1,20170117190804541
27_1_1_20170117013825934.jpg,27,Female,1,Black,1,20170117013825934
59_0_4_20170117172237604.jpg,59,Male,0,Others,4,20170117172237604
45_0_0_20170104181613885.jpg,45,Male,0,White,0,20170104181613885
80_0_1_20170111205416943.jpg,80,Male,0,Black,1,20170111205416943
3_1_0_20170109191815204.jpg,3,Female,1,White,0,20170109191815204
3_0_0_20170110212752045.jpg,3,Male,0,White,0,20170110212752045
62_0_0_20170111210223707.jpg,62,Male,0,White,0,20170111210223707
53_1_1_20170113001807851.jpg,53,Female,1,Black,1,20170113001807851
2_0_2_20161219194420523.jpg,2,Male,0,Asian,2,20161219194420523
25_1_3_20170119172102729.jpg,25,Female,1,Indian,3,20170119172102729
27_0_0_20170117192017055.jpg,27,Male,0,White,0,20170117192017055
5_0_2_20161219221839271.jpg,5,Male,0,Asian,2,20161219221839271
1_0_2_20161219162649582.jpg,1,Male,0,Asian,2,20161219162649582
20_0_2_20170117135024223.jpg,20,Male,0,Asian,2,20170117135024223
26_0_2_20170116180352453.jpg,26,Male,0,Asian,2,20170116180352453
26_0_1_20170116182254548.jpg,26,Male,0,Black,1,20170116182254548
58_0_3_20170119211559343.jpg,58,Male,0,Indian,3,20170119211559343
13_1_0_20170109203230286.jpg,13,Female,1,White,0,20170109203230286
15_1_0_20170109214328421.jpg,15,Female,1,White,0,20170109214328421
38_1_0_20170117173928071.jpg,38,Female,1,White,0,20170117173928071
8_1_2_20170109203443934.jpg,8,Female,1,Asian,2,20170109203443934
24_1_2_20170116170556211.jpg,24,Female,1,Asian,2,20170116170556211
1_1_2_20161219205233581.jpg,1,Female,1,Asian,2,20161219205233581
70_0_0_20170111203945060.jpg,70,Male,0,White,0,20170111203945060
58_0_0_20170111200444658.jpg,58,Male,0,White,0,20170111200444658
21_1_0_20170116214441148.jpg,21,Female,1,White,0,20170116214441148
36_0_0_20170104172701786.jpg,36,Male,0,White,0,20170104172701786
30_1_0_20170117171606522.jpg,30,Female,1,White,0,20170117171606522
17_0_1_20170110232231513.jpg,17,Male,0,Black,1,20170110232231513
46_0_0_20170104205301379.jpg,46,Male,0,White,0,20170104205301379
8_1_0_20170109205109678.jpg,8,Female,1,White,0,20170109205109678
2_0_2_20161219163415222.jpg,2,Male,0,Asian,2,20161219163415222
39_0_0_20170104204717955.jpg,39,Male,0,White,0,20170104204717955
26_1_4_20170117201736159.jpg,26,Female,1,Others,4,20170117201736159
47_0_0_20170105173110477.jpg,47,Male,0,White,0,20170105173110477
2_1_4_20161221202644800.jpg,2,Female,1,Others,4,20161221202644800
90_0_0_20170111211332406.jpg,90,Male,0,White,0,20170111211332406
35_1_0_20170117203415648.jpg,35,Female,1,White,0,20170117203415648
34_1_3_20170119164445358.jpg,34,Female,1,Indian,3,20170119164445358
11_1_4_20170103233340363.jpg,11,Female,1,Others,4,20170103233340363
38_0_2_20170116162307374.jpg,38,Male,0,Asian,2,20170116162307374
31_1_1_20170116173451354.jpg,31,Female,1,Black,1,20170116173451354
26_0_3_20170104215431446.jpg,26,Male,0,Indian,3,20170104215431446
25_0_0_20170105184137702.jpg,25,Male,0,White,0,20170105184137702
36_0_3_20170119194743443.jpg,36,Male,0,Indian,3,20170119194743443
2_0_0_20170110225218837.jpg,2,Male,0,White,0,20170110225218837
59_1_0_20170110123116580.jpg,59,Female,1,White,0,20170110123116580
35_0_2_20170116191717131.jpg,35,Male,0,Asian,2,20170116191717131
10_1_0_20170109202346880.jpg,10,Female,1,White,0,20170109202346880
89_1_0_20170110182442099.jpg,89,Female,1,White,0,20170110182442099
29_0_2_20170116163105337.jpg,29,Male,0,Asian,2,20170116163105337
28_0_1_20170116221732374.jpg,28,Male,0,Black,1,20170116221732374
36_1_1_20170116163956549.jpg,36,Female,1,Black,1,20170116163956549
46_1_0_20170104194343303.jpg,46,Female,1,White,0,20170104194343303
26_1_3_20170109135843276.jpg,26,Female,1,Indian,3,20170109135843276
68_0_0_20170117172643040.jpg,68,Male,0,White,0,20170117172643040
11_0_0_20170110220408722.jpg,11,Male,0,White,0,20170110220408722
40_1_1_20170113001848827.jpg,40,Female,1,Black,1,20170113001848827
51_0_0_20170111171747345.jpg,51,Male,0,White,0,20170111171747345
54_1_0_20170117171154110.jpg,54,Female,1,White,0,20170117171154110
25_0_0_20170116222918287.jpg,25,Male,0,White,0,20170116222918287
35_1_1_20170112215253641.jpg,35,Female,1,Black,1,20170112215253641
85_1_0_20170110183131183.jpg,85,Female,1,White,0,20170110183131183
22_1_3_20170104232458346.jpg,22,Female,1,Indian,3,20170104232458346
65_0_0_20170116233734186.jpg,65,Male,0,White,0,20170116233734186
26_1_2_20170116162412165.jpg,26,Female,1,Asian,2,20170116162412165
34_0_3_20170119200626788.jpg,34,Male,0,Indian,3,20170119200626788
28_1_0_20170117180423496.jpg,28,Female,1,White,0,20170117180423496
31_1_3_20170109132020731.jpg,31,Female,1,Indian,3,20170109132020731
25_1_1_20170117195334509.jpg,25,Female,1,Black,1,20170117195334509
26_0_3_20170119181013021.jpg,26,Male,0,Indian,3,20170119181013021
32_1_2_20170116191623170.jpg,32,Female,1,Asian,2,20170116191623170
47_1_1_20170114033403408.jpg,47,Female,1,Black,1,20170114033403408
17_1_1_20170103201529736.jpg,17,Female,1,Black,1,20170103201529736
14_0_0_20170110232801598.jpg,14,Male,0,White,0,20170110232801598
34_1_2_20170116171155691.jpg,34,Female,1,Asian,2,20170116171155691
30_1_2_20170116161303257.jpg,30,Female,1,Asian,2,20170116161303257
37_1_1_20170116164005950.jpg,37,Female,1,Black,1,20170116164005950
24_1_1_20170115235403633.jpg,24,Female,1,Black,1,20170115235403633
36_1_1_20170116001839105.jpg,36,Female,1,Black,1,20170116001839105
27_1_3_20170119194359962.jpg,27,Female,1,Indian,3,20170119194359962
35_1_2_20170116181252040.jpg,35,Female,1,Asian,2,20170116181252040
27_1_0_20170117010411661.jpg,27,Female,1,White,0,20170117010411661
51_0_0_20170104211553436.jpg,51,Male,0,White,0,20170104211553436
1_1_0_20170109191345833.jpg,1,Female,1,White,0,20170109191345833
56_0_0_20170104184554798.jpg,56,Male,0,White,0,20170104184554798
20_1_2_20170104020257804.jpg,20,Female,1,Asian,2,20170104020257804
25_1_3_20170104234854715.jpg,25,Female,1,Indian,3,20170104234854715
65_0_0_20170120222816177.jpg,65,Male,0,White,0,20170120222816177
58_0_0_20170111210633610.jpg,58,Male,0,White,0,20170111210633610
35_0_1_20170116235848610.jpg,35,Male,0,Black,1,20170116235848610
26_0_2_20170104201313859.jpg,26,Male,0,Asian,2,20170104201313859
36_1_1_20170117134015960.jpg,36,Female,1,Black,1,20170117134015960
26_0_1_20170117195934763.jpg,26,Male,0,Black,1,20170117195934763
3_0_0_20170110212855714.jpg,3,Male,0,White,0,20170110212855714
4_1_2_20161219190303315.jpg,4,Female,1,Asian,2,20161219190303315
80_1_2_20170120223552933.jpg,80,Female,1,Asian,2,20170120223552933
44_0_0_20170105173313757.jpg,44,Male,0,White,0,20170105173313757
35_0_0_20170117131215811.jpg,35,Male,0,White,0,20170117131215811
26_0_2_20170116181319670.jpg,26,Male,0,Asian,2,20170116181319670
36_0_3_20170119201708181.jpg,36,Male,0,Indian,3,20170119201708181
18_1_2_20170109212939223.jpg,18,Female,1,Asian,2,20170109212939223
3_1_2_20161219160814805.jpg,3,Female,1,Asian,2,20161219160814805
53_0_1_20170104172747354.jpg,53,Male,0,Black,1,20170104172747354
51_0_0_20170109011802151.jpg,51,Male,0,White,0,20170109011802151
3_1_2_20161219195341196.jpg,3,Female,1,Asian,2,20161219195341196
55_0_0_20170111202253255.jpg,55,Male,0,White,0,20170111202253255
41_0_0_20170104202153954.jpg,41,Male,0,White,0,20170104202153954
22_1_0_20170103163108007.jpg,22,Female,1,White,0,20170103163108007
22_0_2_20170116161333666.jpg,22,Male,0,Asian,2,20170116161333666
35_1_1_20170109132740903.jpg,35,Female,1,Black,1,20170109132740903
23_0_4_20170117194102020.jpg,23,Male,0,Others,4,20170117194102020
28_0_0_20170105164905292.jpg,28,Male,0,White,0,20170105164905292
22_0_4_20170104011059408.jpg,22,Male,0,Others,4,20170104011059408
25_1_3_20170119172047553.jpg,25,Female,1,Indian,3,20170119172047553
19_0_1_20170110231826530.jpg,19,Male,0,Black,1,20170110231826530
3_0_0_20170110212559987.jpg,3,Male,0,White,0,20170110212559987
35_1_0_20170117203321066.jpg,35,Female,1,White,0,20170117203321066
64_0_0_20170104185632214.jpg,64,Male,0,White,0,20170104185632214
53_1_0_20170117163710642.jpg,53,Female,1,White,0,20170117163710642
56_0_1_20170113151710086.jpg,56,Male,0,Black,1,20170113151710086
26_0_1_20170117195800999.jpg,26,Male,0,Black,1,20170117195800999
45_0_0_20170116224726258.jpg,45,Male,0,White,0,20170116224726258
26_1_3_20170119193146682.jpg,26,Female,1,Indian,3,20170119193146682
25_0_4_20170117195058860.jpg,25,Male,0,Others,4,20170117195058860
26_1_1_20170116223407063.jpg,26,Female,1,Black,1,20170116223407063
26_1_4_20170109002629914.jpg,26,Female,1,Others,4,20170109002629914
14_1_0_20170103200702463.jpg,14,Female,1,White,0,20170103200702463
61_1_0_20170113013135239.jpg,61,Female,1,White,0,20170113013135239
49_1_0_20170104185051510.jpg,49,Female,1,White,0,20170104185051510
76_0_0_20170104213515132.jpg,76,Male,0,White,0,20170104213515132
52_0_1_20170113173551387.jpg,52,Male,0,Black,1,20170113173551387
21_1_0_20170116215450607.jpg,21,Female,1,White,0,20170116215450607
53_0_0_20170104184207950.jpg,53,Male,0,White,0,20170104184207950
46_0_3_20170119204802431.jpg,46,Male,0,Indian,3,20170119204802431
32_0_3_20170104201821698.jpg,32,Male,0,Indian,3,20170104201821698
5_0_3_20161220220253921.jpg,5,Male,0,Indian,3,20161220220253921
1_0_3_20161219230651432.jpg,1,Male,0,Indian,3,20161219230651432
67_0_0_20170120225722729.jpg,67,Male,0,White,0,20170120225722729
28_1_2_20170116161415319.jpg,28,Female,1,Asian,2,20170116161415319
87_1_0_20170110181045529.jpg,87,Female,1,White,0,20170110181045529
27_0_3_20170119193359595.jpg,27,Male,0,Indian,3,20170119193359595
27_0_3_20170119193159666.jpg,27,Male,0,Indian,3,20170119193159666
43_1_0_20170105173021381.jpg,43,Female,1,White,0,20170105173021381
1_0_0_20170110212759695.jpg,1,Male,0,White,0,20170110212759695
24_1_3_20170116220136183.jpg,24,Female,1,Indian,3,20170116220136183
54_0_1_20170117173717615.jpg,54,Male,0,Black,1,20170117173717615
1_1_0_20170109191640395.jpg,1,Female,1,White,0,20170109191640395
26_0_3_20170119180458307.jpg,26,Male,0,Indian,3,20170119180458307
6_1_0_20170104005929399.jpg,6,Female,1,White,0,20170104005929399
31_1_1_20170116170019856.jpg,31,Female,1,Black,1,20170116170019856
31_0_3_20170119200052268.jpg,31,Male,0,Indian,3,20170119200052268
12_1_2_20170104012405785.jpg,12,Female,1,Asian,2,20170104012405785
28_1_0_20170112235158504.jpg,28,Female,1,White,0,20170112235158504
33_0_0_20170117134834453.jpg,33,Male,0,White,0,20170117134834453
33_1_0_20170105000625650.jpg,33,Female,1,White,0,20170105000625650
37_0_1_20170117140332549.jpg,37,Male,0,Black,1,20170117140332549
40_0_0_20170105172604533.jpg,40,Male,0,White,0,20170105172604533
63_0_0_20170120225701457.jpg,63,Male,0,White,0,20170120225701457
26_0_3_20170104230400274.jpg,26,Male,0,Indian,3,20170104230400274
20_0_0_20170117141002911.jpg,20,Male,0,White,0,20170117141002911
54_1_3_20170109142901150.jpg,54,Female,1,Indian,3,20170109142901150
6_1_0_20170109201859697.jpg,6,Female,1,White,0,20170109201859697
30_1_3_20170119204037590.jpg,30,Female,1,Indian,3,20170119204037590
75_0_0_20170111201904798.jpg,75,Male,0,White,0,20170111201904798
59_0_0_20170120223101163.jpg,59,Male,0,White,0,20170120223101163
29_1_2_20170116162732878.jpg,29,Female,1,Asian,2,20170116162732878
22_0_0_20170117140116351.jpg,22,Male,0,White,0,20170117140116351
21_1_1_20170112202847954.jpg,21,Female,1,Black,1,20170112202847954
36_1_0_20170117135852762.jpg,36,Female,1,White,0,20170117135852762
2_0_2_20161219195745171.jpg,2,Male,0,Asian,2,20161219195745171
36_0_4_20170113133645566.jpg,36,Male,0,Others,4,20170113133645566
50_0_0_20170117120742302.jpg,50,Male,0,White,0,20170117120742302
34_0_3_20170119152328504.jpg,34,Male,0,Indian,3,20170119152328504
53_0_0_20170109012709495.jpg,53,Male,0,White,0,20170109012709495
21_1_3_20170119155647331.jpg,21,Female,1,Indian,3,20170119155647331
40_0_0_20170117173334842.jpg,40,Male,0,White,0,20170117173334842
8_1_3_20161220222538539.jpg,8,Female,1,Indian,3,20161220222538539
26_0_0_20170113210126348.jpg,26,Male,0,White,0,20170113210126348
17_1_0_20170104013458371.jpg,17,Female,1,White,0,20170104013458371
70_0_3_20170105175417710.jpg,70,Male,0,Indian,3,20170105175417710
1_1_0_20170109191234378.jpg,1,Female,1,White,0,20170109191234378
37_0_3_20170119202312469.jpg,37,Male,0,Indian,3,20170119202312469
30_1_2_20170104020133916.jpg,30,Female,1,Asian,2,20170104020133916
50_0_2_20170104212145355.jpg,50,Male,0,Asian,2,20170104212145355
25_1_2_20170116175240492.jpg,25,Female,1,Asian,2,20170116175240492
1_1_2_20161219220519457.jpg,1,Female,1,Asian,2,20161219220519457
29_1_2_20170104023153742.jpg,29,Female,1,Asian,2,20170104023153742
27_0_3_20170119210058457.jpg,27,Male,0,Indian,3,20170119210058457
55_0_1_20170117183540925.jpg,55,Male,0,Black,1,20170117183540925
78_1_1_20170113011857601.jpg,78,Female,1,Black,1,20170113011857601
57_1_0_20170117135732680.jpg,57,Female,1,White,0,20170117135732680
26_0_1_20170113154700499.jpg,26,Male,0,Black,1,20170113154700499
52_1_1_20170110120153155.jpg,52,Female,1,Black,1,20170110120153155
1_1_1_20170109194654049.jpg,1,Female,1,Black,1,20170109194654049
12_1_0_20170117143729521.jpg,12,Female,1,White,0,20170117143729521
1_1_3_20161219230325488.jpg,1,Female,1,Indian,3,20161219230325488
6_1_3_20161220223138171.jpg,6,Female,1,Indian,3,20161220223138171
23_0_2_20170116172933284.jpg,23,Male,0,Asian,2,20170116172933284
15_1_1_20170109212440397.jpg,15,Female,1,Black,1,20170109212440397
52_0_1_20170117172804606.jpg,52,Male,0,Black,1,20170117172804606
35_0_1_20170116222350690.jpg,35,Male,0,Black,1,20170116222350690
52_0_0_20170104205512484.jpg,52,Male,0,White,0,20170104205512484
40_0_1_20170117182715021.jpg,40,Male,0,Black,1,20170117182715021
58_1_0_20170109220512395.jpg,58,Female,1,White,0,20170109220512395
27_0_4_20170117120137595.jpg,27,Male,0,Others,4,20170117120137595
15_0_0_20170110232807958.jpg,15,Male,0,White,0,20170110232807958
44_0_3_20170119194637443.jpg,44,Male,0,Indian,3,20170119194637443
45_1_1_20170112215205776.jpg,45,Female,1,Black,1,20170112215205776
24_1_1_20170112230612966.jpg,24,Female,1,Black,1,20170112230612966
30_0_1_20170120220639355.jpg,30,Male,0,Black,1,20170120220639355
48_0_0_20170105172432012.jpg,48,Male,0,White,0,20170105172432012
2_0_2_20161219142335801.jpg,2,Male,0,Asian,2,20161219142335801
26_1_3_20170119193110266.jpg,26,Female,1,Indian,3,20170119193110266
48_1_0_20170109141729566.jpg,48,Female,1,White,0,20170109141729566
34_1_1_20170116172030437.jpg,34,Female,1,Black,1,20170116172030437
56_0_0_20170104212551397.jpg,56,Male,0,White,0,20170104212551397
54_1_0_20170110122243471.jpg,54,Female,1,White,0,20170110122243471
1_0_2_20161219212557190.jpg,1,Male,0,Asian,2,20161219212557190
4_1_0_20170109191155398.jpg,4,Female,1,White,0,20170109191155398
15_0_0_20170110232636744.jpg,15,Male,0,White,0,20170110232636744
26_0_3_20170119154206922.jpg,26,Male,0,Indian,3,20170119154206922
16_1_1_20170116204334206.jpg,16,Female,1,Black,1,20170116204334206
37_1_0_20170117022104951.jpg,37,Female,1,White,0,20170117022104951
16_0_0_20170110232315216.jpg,16,Male,0,White,0,20170110232315216
26_1_0_20170117173639429.jpg,26,Female,1,White,0,20170117173639429
61_0_0_20170117192056602.jpg,61,Male,0,White,0,20170117192056602
1_1_4_20161221202026104.jpg,1,Female,1,Others,4,20161221202026104
21_0_0_20170104230103695.jpg,21,Male,0,White,0,20170104230103695
35_0_1_20170117142753565.jpg,35,Male,0,Black,1,20170117142753565
29_1_1_20170117184351496.jpg,29,Female,1,Black,1,20170117184351496
83_1_0_20170109221112556.jpg,83,Female,1,White,0,20170109221112556
7_0_0_20170110225021990.jpg,7,Male,0,White,0,20170110225021990
1_0_3_20161219225116535.jpg,1,Male,0,Indian,3,20161219225116535
28_1_0_20170117190450170.jpg,28,Female,1,White,0,20170117190450170
66_1_0_20170110132135290.jpg,66,Female,1,White,0,20170110132135290
40_0_1_20170113155337187.jpg,40,Male,0,Black,1,20170113155337187
28_1_1_20170112211718717.jpg,28,Female,1,Black,1,20170112211718717
3_0_3_20161219230515152.jpg,3,Male,0,Indian,3,20161219230515152
8_1_0_20170109205015327.jpg,8,Female,1,White,0,20170109205015327
32_1_0_20170117134813347.jpg,32,Female,1,White,0,20170117134813347
39_0_0_20170109010216194.jpg,39,Male,0,White,0,20170109010216194
5_1_0_20170109193816878.jpg,5,Female,1,White,0,20170109193816878
44_1_3_20170104235304584.jpg,44,Female,1,Indian,3,20170104235304584
30_0_2_20170116172917302.jpg,30,Male,0,Asian,2,20170116172917302
34_1_0_20170116222753074.jpg,34,Female,1,White,0,20170116222753074
27_0_1_20170113150706765.jpg,27,Male,0,Black,1,20170113150706765
1_0_2_20161219220247471.jpg,1,Male,0,Asian,2,20161219220247471
26_1_3_20170119192546129.jpg,26,Female,1,Indian,3,20170119192546129
21_0_2_20170116170638620.jpg,21,Male,0,Asian,2,20170116170638620
26_1_1_20170113000649129.jpg,26,Female,1,Black,1,20170113000649129
58_1_0_20170104235908396.jpg,58,Female,1,White,0,20170104235908396
34_0_1_20170113151600638.jpg,34,Male,0,Black,1,20170113151600638
13_0_0_20170110224801290.jpg,13,Male,0,White,0,20170110224801290
55_0_1_20170117173626521.jpg,55,Male,0,Black,1,20170117173626521
28_1_1_20170112213654111.jpg,28,Female,1,Black,1,20170112213654111
21_1_0_20170112233431458.jpg,21,Female,1,White,0,20170112233431458
12_0_3_20170104225802393.jpg,12,Male,0,Indian,3,20170104225802393
3_1_4_20161221202539569.jpg,3,Female,1,Others,4,20161221202539569
28_1_4_20170117202425055.jpg,28,Female,1,Others,4,20170117202425055
8_0_4_20170103200427437.jpg,8,Male,0,Others,4,20170103200427437
37_1_1_20170115235037275.jpg,37,Female,1,Black,1,20170115235037275
35_0_3_20170119181247523.jpg,35,Male,0,Indian,3,20170119181247523
35_0_3_20170119201245052.jpg,35,Male,0,Indian,3,20170119201245052
12_1_2_20170109214246240.jpg,12,Female,1,Asian,2,20170109214246240
1_1_0_20170109194452834.jpg,1,Female,1,White,0,20170109194452834
1_0_4_20170103202334544.jpg,1,Male,0,Others,4,20170103202334544
50_0_3_20170119204126511.jpg,50,Male,0,Indian,3,20170119204126511
46_0_4_20170104202042473.jpg,46,Male,0,Others,4,20170104202042473
35_1_2_20170117092216605.jpg,35,Female,1,Asian,2,20170117092216605
33_1_0_20170103183912066.jpg,33,Female,1,White,0,20170103183912066
19_1_3_20170119152816720.jpg,19,Female,1,Indian,3,20170119152816720
40_1_0_20170117182524092.jpg,40,Female,1,White,0,20170117182524092
25_0_0_20170117134757190.jpg,25,Male,0,White,0,20170117134757190
2_1_3_20161219230018024.jpg,2,Female,1,Indian,3,20161219230018024
58_0_0_20170117140820048.jpg,58,Male,0,White,0,20170117140820048
23_1_1_20170113010507311.jpg,23,Female,1,Black,1,20170113010507311
30_0_0_20170117171914259.jpg,30,Male,0,White,0,20170117171914259
22_1_0_20170117143206386.jpg,22,Female,1,White,0,20170117143206386
27_1_1_20170112233524752.jpg,27,Female,1,Black,1,20170112233524752
85_1_0_20170110180531278.jpg,85,Female,1,White,0,20170110180531278
59_0_3_20170104212824964.jpg,59,Male,0,Indian,3,20170104212824964
35_1_4_20170117121903506.jpg,35,Female,1,Others,4,20170117121903506
36_1_0_20170117183349582.jpg,36,Female,1,White,0,20170117183349582
43_0_0_20170113181351741.jpg,43,Male,0,White,0,20170113181351741
37_1_1_20170116160739474.jpg,37,Female,1,Black,1,20170116160739474
69_0_1_20170111203711198.jpg,69,Male,0,Black,1,20170111203711198
26_0_3_20170119154215714.jpg,26,Male,0,Indian,3,20170119154215714
60_0_3_20170119210242095.jpg,60,Male,0,Indian,3,20170119210242095
26_0_2_20170116180402719.jpg,26,Male,0,Asian,2,20170116180402719
2_0_0_20170110212802305.jpg,2,Male,0,White,0,20170110212802305
57_0_1_20170111203322229.jpg,57,Male,0,Black,1,20170111203322229
26_0_1_20170112210717501.jpg,26,Male,0,Black,1,20170112210717501
27_0_3_20170104230432785.jpg,27,Male,0,Indian,3,20170104230432785
46_0_1_20170117141729225.jpg,46,Male,0,Black,1,20170117141729225
24_1_1_20170115235756393.jpg,24,Female,1,Black,1,20170115235756393
45_0_0_20170117134655807.jpg,45,Male,0,White,0,20170117134655807
1_0_2_20161219194845363.jpg,1,Male,0,Asian,2,20161219194845363
25_0_1_20170113175652484.jpg,25,Male,0,Black,1,20170113175652484
18_1_0_20170109212554810.jpg,18,Female,1,White,0,20170109212554810
60_1_0_20170110135905294.jpg,60,Female,1,White,0,20170110135905294
4_1_2_20161219211452533.jpg,4,Female,1,Asian,2,20161219211452533
40_0_1_20170117154555325.jpg,40,Male,0,Black,1,20170117154555325
35_0_1_20170113134314369.jpg,35,Male,0,Black,1,20170113134314369
27_0_1_20170120220051617.jpg,27,Male,0,Black,1,20170120220051617
45_1_0_20170103163311263.jpg,45,Female,1,White,0,20170103163311263
25_1_0_20170116002134414.jpg,25,Female,1,White,0,20170116002134414
18_1_4_20170117185609466.jpg,18,Female,1,Others,4,20170117185609466
10_0_1_20170110225339066.jpg,10,Male,0,Black,1,20170110225339066
27_1_3_20170104231704778.jpg,27,Female,1,Indian,3,20170104231704778
29_0_0_20170119195119659.jpg,29,Male,0,White,0,20170119195119659
53_0_3_20170104220848558.jpg,53,Male,0,Indian,3,20170104220848558
61_0_3_20170117174814245.jpg,61,Male,0,Indian,3,20170117174814245
1_0_4_20170103202326832.jpg,1,Male,0,Others,4,20170103202326832
1_0_0_20170110213018391.jpg,1,Male,0,White,0,20170110213018391
26_0_0_20170114034218562.jpg,26,Male,0,White,0,20170114034218562
20_0_0_20170117134042772.jpg,20,Male,0,White,0,20170117134042772
30_1_0_20170105165034356.jpg,30,Female,1,White,0,20170105165034356
32_0_3_20170104204208194.jpg,32,Male,0,Indian,3,20170104204208194
53_1_0_20170110154604352.jpg,53,Female,1,White,0,20170110154604352
25_1_1_20170117171908418.jpg,25,Female,1,Black,1,20170117171908418
34_0_0_20170119200810940.jpg,34,Male,0,White,0,20170119200810940
29_1_0_20170104184312581.jpg,29,Female,1,White,0,20170104184312581
60_1_4_20170103230632265.jpg,60,Female,1,Others,4,20170103230632265
17_1_1_20170113003736181.jpg,17,Female,1,Black,1,20170113003736181
26_1_0_20170117174852519.jpg,26,Female,1,White,0,20170117174852519
52_1_0_20170110132411787.jpg,52,Female,1,White,0,20170110132411787
75_0_0_20170111200622706.jpg,75,Male,0,White,0,20170111200622706
2_0_2_20161219222109319.jpg,2,Male,0,Asian,2,20161219222109319
63_0_0_20170120225657034.jpg,63,Male,0,White,0,20170120225657034
65_1_0_20170117172124978.jpg,65,Female,1,White,0,20170117172124978
55_0_0_20170113184515608.jpg,55,Male,0,White,0,20170113184515608
30_0_0_20170119145357069.jpg,30,Male,0,White,0,20170119145357069
36_0_0_20170117203443991.jpg,36,Male,0,White,0,20170117203443991
36_1_1_20170113000900081.jpg,36,Female,1,Black,1,20170113000900081
36_1_0_20170116222807886.jpg,36,Female,1,White,0,20170116222807886
31_1_4_20170117203041312.jpg,31,Female,1,Others,4,20170117203041312
36_0_0_20170104181520477.jpg,36,Male,0,White,0,20170104181520477
26_1_3_20170119192359458.jpg,26,Female,1,Indian,3,20170119192359458
23_0_1_20170113133908465.jpg,23,Male,0,Black,1,20170113133908465
28_0_1_20170113150719161.jpg,28,Male,0,Black,1,20170113150719161
32_1_0_20170117134816396.jpg,32,Female,1,White,0,20170117134816396
18_1_0_20170105183423287.jpg,18,Female,1,White,0,20170105183423287
62_0_0_20170120134041527.jpg,62,Male,0,White,0,20170120134041527
26_0_0_20170116224821430.jpg,26,Male,0,White,0,20170116224821430
52_1_0_20170103163659575.jpg,52,Female,1,White,0,20170103163659575
19_0_0_20170113132641873.jpg,19,Male,0,White,0,20170113132641873
21_1_2_20170116171653891.jpg,21,Female,1,Asian,2,20170116171653891
27_1_1_20170116000504802.jpg,27,Female,1,Black,1,20170116000504802
5_1_0_20170117184912795.jpg,5,Female,1,White,0,20170117184912795
22_0_0_20170108224621224.jpg,22,Male,0,White,0,20170108224621224
57_1_3_20170104234912850.jpg,57,Female,1,Indian,3,20170104234912850
30_0_1_20170117132535262.jpg,30,Male,0,Black,1,20170117132535262
37_0_1_20170113174433771.jpg,37,Male,0,Black,1,20170113174433771
15_1_0_20170116232438243.jpg,15,Female,1,White,0,20170116232438243
28_1_0_20170117175333441.jpg,28,Female,1,White,0,20170117175333441
32_0_3_20170117120902726.jpg,32,Male,0,Indian,3,20170117120902726
69_1_3_20170109150308256.jpg,69,Female,1,Indian,3,20170109150308256
54_0_1_20170113190519393.jpg,54,Male,0,Black,1,20170113190519393
23_1_0_20170103180518664.jpg,23,Female,1,White,0,20170103180518664
21_1_1_20170114031645470.jpg,21,Female,1,Black,1,20170114031645470
26_0_3_20170119180345268.jpg,26,Male,0,Indian,3,20170119180345268
53_1_0_20170110143534851.jpg,53,Female,1,White,0,20170110143534851
55_0_0_20170117190253859.jpg,55,Male,0,White,0,20170117190253859
7_1_1_20170112210604630.jpg,7,Female,1,Black,1,20170112210604630
47_1_3_20170109142337247.jpg,47,Female,1,Indian,3,20170109142337247
47_1_3_20170119200858036.jpg,47,Female,1,Indian,3,20170119200858036
56_1_0_20170110141043329.jpg,56,Female,1,White,0,20170110141043329
23_1_3_20170119164557957.jpg,23,Female,1,Indian,3,20170119164557957
24_1_2_20170116171551289.jpg,24,Female,1,Asian,2,20170116171551289
39_0_3_20170119191918705.jpg,39,Male,0,Indian,3,20170119191918705
13_0_2_20170103201143159.jpg,13,Male,0,Asian,2,20170103201143159
33_1_0_20170117175140175.jpg,33,Female,1,White,0,20170117175140175
53_1_0_20170109012814840.jpg,53,Female,1,White,0,20170109012814840
14_0_0_20170110232127519.jpg,14,Male,0,White,0,20170110232127519
38_1_0_20170104183625399.jpg,38,Female,1,White,0,20170104183625399
2_1_3_20161219224731392.jpg,2,Female,1,Indian,3,20161219224731392
24_1_2_20170116174525250.jpg,24,Female,1,Asian,2,20170116174525250
40_0_1_20170113133639818.jpg,40,Male,0,Black,1,20170113133639818
26_0_1_20170104230506569.jpg,26,Male,0,Black,1,20170104230506569
27_1_2_20170116165958195.jpg,27,Female,1,Asian,2,20170116165958195
11_0_3_20170104230222352.jpg,11,Male,0,Indian,3,20170104230222352
28_1_1_20170116232347382.jpg,28,Female,1,Black,1,20170116232347382
22_1_1_20170112233644761.jpg,22,Female,1,Black,1,20170112233644761
36_0_3_20170119201917284.jpg,36,Male,0,Indian,3,20170119201917284
32_1_0_20170117170534474.jpg,32,Female,1,White,0,20170117170534474
45_1_0_20170103184012435.jpg,45,Female,1,White,0,20170103184012435
26_1_2_20170116184704425.jpg,26,Female,1,Asian,2,20170116184704425
24_1_0_20170116225049260.jpg,24,Female,1,White,0,20170116225049260
32_1_2_20170116192346285.jpg,32,Female,1,Asian,2,20170116192346285
50_0_0_20170117160620399.jpg,50,Male,0,White,0,20170117160620399
60_1_1_20170113185112295.jpg,60,Female,1,Black,1,20170113185112295
61_0_3_20170119211815067.jpg,61,Male,0,Indian,3,20170119211815067
43_1_3_20170119204701135.jpg,43,Female,1,Indian,3,20170119204701135
37_1_0_20170117172109990.jpg,37,Female,1,White,0,20170117172109990
26_1_1_20170113000317146.jpg,26,Female,1,Black,1,20170113000317146
50_0_2_20170104181606318.jpg,50,Male,0,Asian,2,20170104181606318
26_1_0_20170117003245354.jpg,26,Female,1,White,0,20170117003245354
100_0_0_20170112213500903.jpg,100,Male,0,White,0,20170112213500903
85_1_2_20170110175723033.jpg,85,Female,1,Asian,2,20170110175723033
45_0_1_20170117173736387.jpg,45,Male,0,Black,1,20170117173736387
88_1_0_20170110182132120.jpg,88,Female,1,White,0,20170110182132120
4_0_0_20170110212814225.jpg,4,Male,0,White,0,20170110212814225
38_1_1_20170116000558878.jpg,38,Female,1,Black,1,20170116000558878
29_0_1_20170116010112917.jpg,29,Male,0,Black,1,20170116010112917
26_0_0_20170113210127170.jpg,26,Male,0,White,0,20170113210127170
8_1_0_20170109205218680.jpg,8,Female,1,White,0,20170109205218680
1_0_2_20161219222549447.jpg,1,Male,0,Asian,2,20161219222549447
18_1_0_20170109213904824.jpg,18,Female,1,White,0,20170109213904824
36_0_3_20170119180411476.jpg,36,Male,0,Indian,3,20170119180411476
36_0_3_20170119201740725.jpg,36,Male,0,Indian,3,20170119201740725
23_1_1_20170113010514727.jpg,23,Female,1,Black,1,20170113010514727
59_0_0_20170111203940975.jpg,59,Male,0,White,0,20170111203940975
15_1_3_20170104222007428.jpg,15,Female,1,Indian,3,20170104222007428
25_0_0_20170117191222353.jpg,25,Male,0,White,0,20170117191222353
111_1_0_20170120134646399.jpg,111,Female,1,White,0,20170120134646399
39_1_2_20170103183301786.jpg,39,Female,1,Asian,2,20170103183301786
6_0_0_20170110215629811.jpg,6,Male,0,White,0,20170110215629811
24_0_2_20170116161928019.jpg,24,Male,0,Asian,2,20170116161928019
34_0_0_20170117171532466.jpg,34,Male,0,White,0,20170117171532466
24_1_4_20170117150727939.jpg,24,Female,1,Others,4,20170117150727939
25_1_1_20170117014005144.jpg,25,Female,1,Black,1,20170117014005144
4_1_3_20161219224906705.jpg,4,Female,1,Indian,3,20161219224906705
48_0_0_20170117153924476.jpg,48,Male,0,White,0,20170117153924476
24_0_0_20170117150006042.jpg,24,Male,0,White,0,20170117150006042
72_0_2_20170112003907566.jpg,72,Male,0,Asian,2,20170112003907566
53_1_0_20170117163700586.jpg,53,Female,1,White,0,20170117163700586
26_1_3_20170104222855375.jpg,26,Female,1,Indian,3,20170104222855375
30_0_3_20170119195811116.jpg,30,Male,0,Indian,3,20170119195811116
67_0_0_20170104184245598.jpg,67,Male,0,White,0,20170104184245598
24_0_0_20170119150204399.jpg,24,Male,0,White,0,20170119150204399
15_0_0_20170110232515682.jpg,15,Male,0,White,0,20170110232515682
75_0_0_20170111201111541.jpg,75,Male,0,White,0,20170111201111541
13_1_3_20170109213029072.jpg,13,Female,1,Indian,3,20170109213029072
30_1_0_20170108225424420.jpg,30,Female,1,White,0,20170108225424420
30_0_2_20170116180136075.jpg,30,Male,0,Asian,2,20170116180136075
75_0_3_20170112224225939.jpg,75,Male,0,Indian,3,20170112224225939
32_0_1_20170117135943245.jpg,32,Male,0,Black,1,20170117135943245
18_1_3_20170104221936503.jpg,18,Female,1,Indian,3,20170104221936503
54_0_0_20170117155530206.jpg,54,Male,0,White,0,20170117155530206
27_1_1_20170112213549597.jpg,27,Female,1,Black,1,20170112213549597
53_0_0_20170120223145428.jpg,53,Male,0,White,0,20170120223145428
27_0_3_20170119194326882.jpg,27,Male,0,Indian,3,20170119194326882
34_0_0_20170116193345729.jpg,34,Male,0,White,0,20170116193345729
45_0_0_20170117170948114.jpg,45,Male,0,White,0,20170117170948114
75_0_0_20170111205232856.jpg,75,Male,0,White,0,20170111205232856
12_1_0_20170109203240213.jpg,12,Female,1,White,0,20170109203240213
54_0_0_20170120223356317.jpg,54,Male,0,White,0,20170120223356317
16_0_0_20170110231756634.jpg,16,Male,0,White,0,20170110231756634
32_0_3_20170119162651590.jpg,32,Male,0,Indian,3,20170119162651590
38_1_0_20170109142047234.jpg,38,Female,1,White,0,20170109142047234
65_1_0_20170110122605770.jpg,65,Female,1,White,0,20170110122605770
4_1_2_20161219195400492.jpg,4,Female,1,Asian,2,20161219195400492
8_1_3_20170104222709156.jpg,8,Female,1,Indian,3,20170104222709156
24_1_4_20170103223907208.jpg,24,Female,1,Others,4,20170103223907208
28_1_2_20170116171538104.jpg,28,Female,1,Asian,2,20170116171538104
62_0_0_20170120223836366.jpg,62,Male,0,White,0,20170120223836366
90_0_0_20170117175416532.jpg,90,Male,0,White,0,20170117175416532
2_0_0_20170110213507337.jpg,2,Male,0,White,0,20170110213507337
8_0_2_20161219193545195.jpg,8,Male,0,Asian,2,20161219193545195
58_1_3_20170104220324390.jpg,58,Female,1,Indian,3,20170104220324390
26_1_2_20170104020703028.jpg,26,Female,1,Asian,2,20170104020703028
46_0_3_20170112205640068.jpg,46,Male,0,Indian,3,20170112205640068
23_0_1_20170117164527169.jpg,23,Male,0,Black,1,20170117164527169
28_0_1_20170117021617321.jpg,28,Male,0,Black,1,20170117021617321
39_1_0_20170103183656003.jpg,39,Female,1,White,0,20170103183656003
26_1_4_20170117201454965.jpg,26,Female,1,Others,4,20170117201454965
29_1_0_20170104021759835.jpg,29,Female,1,White,0,20170104021759835
61_1_0_20170117175115575.jpg,61,Female,1,White,0,20170117175115575
41_0_0_20170117140625076.jpg,41,Male,0,White,0,20170117140625076
33_1_0_20170117134148014.jpg,33,Female,1,White,0,20170117134148014
1_1_0_20170109193026103.jpg,1,Female,1,White,0,20170109193026103
10_1_0_20170109204859493.jpg,10,Female,1,White,0,20170109204859493
2_1_2_20161219212252310.jpg,2,Female,1,Asian,2,20161219212252310
53_1_0_20170109142039096.jpg,53,Female,1,White,0,20170109142039096
34_1_0_20170116003510683.jpg,34,Female,1,White,0,20170116003510683
1_0_2_20161219222046607.jpg,1,Male,0,Asian,2,20161219222046607
22_1_1_20170113010336430.jpg,22,Female,1,Black,1,20170113010336430
22_1_0_20170117193908380.jpg,22,Female,1,White,0,20170117193908380
26_0_0_20170117171714931.jpg,26,Male,0,White,0,20170117171714931
24_1_3_20170109132534202.jpg,24,Female,1,Indian,3,20170109132534202
37_1_2_20170104005945096.jpg,37,Female,1,Asian,2,20170104005945096
52_0_3_20170120140320609.jpg,52,Male,0,Indian,3,20170120140320609
47_1_0_20170119192708105.jpg,47,Female,1,White,0,20170119192708105
50_0_0_20170120222013757.jpg,50,Male,0,White,0,20170120222013757
1_0_3_20161219225633088.jpg,1,Male,0,Indian,3,20161219225633088
45_1_0_20170103183902347.jpg,45,Female,1,White,0,20170103183902347
8_1_0_20170109202407288.jpg,8,Female,1,White,0,20170109202407288
16_1_0_20170116214318225.jpg,16,Female,1,White,0,20170116214318225
70_0_3_20170119184325439.jpg,70,Male,0,Indian,3,20170119184325439
26_1_0_20170117103606667.jpg,26,Female,1,White,0,20170117103606667
38_0_2_20170109002407221.jpg,38,Male,0,Asian,2,20170109002407221
26_1_3_20170117154935165.jpg,26,Female,1,Indian,3,20170117154935165
24_0_3_20170119165641406.jpg,24,Male,0,Indian,3,20170119165641406
26_0_0_20170113210319156.jpg,26,Male,0,White,0,20170113210319156
45_0_1_20170120223517421.jpg,45,Male,0,Black,1,20170120223517421
56_1_3_20170119211416888.jpg,56,Female,1,Indian,3,20170119211416888
26_0_3_20170119183255877.jpg,26,Male,0,Indian,3,20170119183255877
4_1_2_20161219142249665.jpg,4,Female,1,Asian,2,20161219142249665
20_1_1_20170112205029995.jpg,20,Female,1,Black,1,20170112205029995
9_0_0_20170110220005370.jpg,9,Male,0,White,0,20170110220005370
19_1_4_20170103224609304.jpg,19,Female,1,Others,4,20170103224609304
78_0_0_20170111221844550.jpg,78,Male,0,White,0,20170111221844550
36_0_0_20170117183301527.jpg,36,Male,0,White,0,20170117183301527
86_1_0_20170120225751953.jpg,86,Female,1,White,0,20170120225751953
35_1_0_20170117144938562.jpg,35,Female,1,White,0,20170117144938562
75_1_0_20170110181743217.jpg,75,Female,1,White,0,20170110181743217
1_1_0_20170109191148861.jpg,1,Female,1,White,0,20170109191148861
39_0_0_20170109011813551.jpg,39,Male,0,White,0,20170109011813551
1_0_3_20161220220355890.jpg,1,Male,0,Indian,3,20161220220355890
18_1_0_20170109212756182.jpg,18,Female,1,White,0,20170109212756182
21_1_4_20170103233532676.jpg,21,Female,1,Others,4,20170103233532676
72_1_0_20170105164536452.jpg,72,Female,1,White,0,20170105164536452
25_0_0_20170119171135792.jpg,25,Male,0,White,0,20170119171135792
30_1_2_20170116161745991.jpg,30,Female,1,Asian,2,20170116161745991
65_0_1_20170117165348576.jpg,65,Male,0,Black,1,20170117165348576
1_0_2_20161220144957407.jpg,1,Male,0,Asian,2,20161220144957407
1_0_4_20161221202458409.jpg,1,Male,0,Others,4,20161221202458409
48_0_1_20170119203634847.jpg,48,Male,0,Black,1,20170119203634847
58_0_0_20170111201403999.jpg,58,Male,0,White,0,20170111201403999
28_0_1_20170113151400128.jpg,28,Male,0,Black,1,20170113151400128
49_0_0_20170104185659750.jpg,49,Male,0,White,0,20170104185659750
33_0_2_20170119163942412.jpg,33,Male,0,Asian,2,20170119163942412
45_0_0_20170117135112380.jpg,45,Male,0,White,0,20170117135112380
10_1_3_20170112211048149.jpg,10,Female,1,Indian,3,20170112211048149
26_0_1_20170117200408766.jpg,26,Male,0,Black,1,20170117200408766
54_0_3_20170119200516380.jpg,54,Male,0,Indian,3,20170119200516380
28_1_4_20170103225940625.jpg,28,Female,1,Others,4,20170103225940625
15_0_0_20170110232610061.jpg,15,Male,0,White,0,20170110232610061
52_0_3_20170104220829094.jpg,52,Male,0,Indian,3,20170104220829094
31_0_3_20170104165548728.jpg,31,Male,0,Indian,3,20170104165548728
1_1_0_20161220142938007.jpg,1,Female,1,White,0,20161220142938007
26_0_0_20170117173239213.jpg,26,Male,0,White,0,20170117173239213
1_0_3_20161220223100579.jpg,1,Male,0,Indian,3,20161220223100579
52_0_0_20170104184201550.jpg,52,Male,0,White,0,20170104184201550
28_0_3_20170119194928605.jpg,28,Male,0,Indian,3,20170119194928605
35_0_0_20170109002742991.jpg,35,Male,0,White,0,20170109002742991
38_1_0_20170117154130828.jpg,38,Female,1,White,0,20170117154130828
78_0_0_20170111222546535.jpg,78,Male,0,White,0,20170111222546535
35_0_1_20170116195822091.jpg,35,Male,0,Black,1,20170116195822091
2_0_4_20170103210801579.jpg,2,Male,0,Others,4,20170103210801579
30_1_1_20170116160241839.jpg,30,Female,1,Black,1,20170116160241839
18_0_0_20170110232049161.jpg,18,Male,0,White,0,20170110232049161
24_1_4_20170117150615516.jpg,24,Female,1,Others,4,20170117150615516
20_0_1_20170113132622368.jpg,20,Male,0,Black,1,20170113132622368
65_0_3_20170119205841400.jpg,65,Male,0,Indian,3,20170119205841400
26_0_3_20170104214448709.jpg,26,Male,0,Indian,3,20170104214448709
76_0_0_20170116233204210.jpg,76,Male,0,White,0,20170116233204210
36_1_0_20170113000620083.jpg,36,Female,1,White,0,20170113000620083
50_0_0_20170111171747307.jpg,50,Male,0,White,0,20170111171747307
60_0_2_20170117162755515.jpg,60,Male,0,Asian,2,20170117162755515
5_0_0_20170110215835907.jpg,5,Male,0,White,0,20170110215835907
74_0_0_20170120225236353.jpg,74,Male,0,White,0,20170120225236353
14_1_0_20170104011842010.jpg,14,Female,1,White,0,20170104011842010
40_0_1_20170113151525270.jpg,40,Male,0,Black,1,20170113151525270
25_1_0_20170116003513392.jpg,25,Female,1,White,0,20170116003513392
12_1_0_20170109212505669.jpg,12,Female,1,White,0,20170109212505669
25_0_0_20170104004136182.jpg,25,Male,0,White,0,20170104004136182
54_0_0_20170111222142109.jpg,54,Male,0,White,0,20170111222142109
35_0_0_20170105163947659.jpg,35,Male,0,White,0,20170105163947659
24_1_2_20170116171627787.jpg,24,Female,1,Asian,2,20170116171627787
13_1_0_20170109201622416.jpg,13,Female,1,White,0,20170109201622416
32_0_2_20170117182411900.jpg,32,Male,0,Asian,2,20170117182411900
16_0_0_20170110231732210.jpg,16,Male,0,White,0,20170110231732210
26_1_0_20170116234644899.jpg,26,Female,1,White,0,20170116234644899
37_1_0_20170103182837146.jpg,37,Female,1,White,0,20170103182837146
26_0_0_20170117173443951.jpg,26,Male,0,White,0,20170117173443951
36_0_1_20170113152749711.jpg,36,Male,0,Black,1,20170113152749711
59_0_1_20170113152816239.jpg,59,Male,0,Black,1,20170113152816239
35_1_1_20170117154115861.jpg,35,Female,1,Black,1,20170117154115861
45_0_0_20170116224802992.jpg,45,Male,0,White,0,20170116224802992
24_0_2_20170116172525947.jpg,24,Male,0,Asian,2,20170116172525947
22_1_4_20170103233857003.jpg,22,Female,1,Others,4,20170103233857003
27_0_0_20170114034255912.jpg,27,Male,0,White,0,20170114034255912
31_1_1_20170112234727752.jpg,31,Female,1,Black,1,20170112234727752
26_0_0_20170119180056835.jpg,26,Male,0,White,0,20170119180056835
54_0_2_20170117171429994.jpg,54,Male,0,Asian,2,20170117171429994
52_1_2_20170116183832074.jpg,52,Female,1,Asian,2,20170116183832074
38_1_0_20170116003418066.jpg,38,Female,1,White,0,20170116003418066
26_1_0_20170116171048641.jpg,26,Female,1,White,0,20170116171048641
1_1_4_20161221200103831.jpg,1,Female,1,Others,4,20161221200103831
28_0_1_20170113134701210.jpg,28,Male,0,Black,1,20170113134701210
28_1_0_20170117202621022.jpg,28,Female,1,White,0,20170117202621022
22_1_2_20170104231245440.jpg,22,Female,1,Asian,2,20170104231245440
80_0_0_20170117174905374.jpg,80,Male,0,White,0,20170117174905374
63_1_0_20170110142522883.jpg,63,Female,1,White,0,20170110142522883
4_1_2_20161219162031294.jpg,4,Female,1,Asian,2,20161219162031294
7_1_0_20170104005339735.jpg,7,Female,1,White,0,20170104005339735
36_1_3_20170119202144381.jpg,36,Female,1,Indian,3,20170119202144381
38_1_1_20170113003456314.jpg,38,Female,1,Black,1,20170113003456314
78_0_3_20170105175706078.jpg,78,Male,0,Indian,3,20170105175706078
44_1_1_20170109003554162.jpg,44,Female,1,Black,1,20170109003554162
55_1_3_20170109141153263.jpg,55,Female,1,Indian,3,20170109141153263
37_0_0_20170117140050797.jpg,37,Male,0,White,0,20170117140050797
58_0_0_20170111223603548.jpg,58,Male,0,White,0,20170111223603548
26_1_2_20170116184245342.jpg,26,Female,1,Asian,2,20170116184245342
24_1_1_20170112233340647.jpg,24,Female,1,Black,1,20170112233340647
4_1_3_20161220223310227.jpg,4,Female,1,Indian,3,20161220223310227
35_0_0_20170113142115723.jpg,35,Male,0,White,0,20170113142115723
31_0_1_20170116203929663.jpg,31,Male,0,Black,1,20170116203929663
39_1_0_20170119204019503.jpg,39,Female,1,White,0,20170119204019503
8_1_0_20170109202316791.jpg,8,Female,1,White,0,20170109202316791
8_1_0_20170104005606487.jpg,8,Female,1,White,0,20170104005606487
26_1_3_20170117173915821.jpg,26,Female,1,Indian,3,20170117173915821
22_1_1_20170112233618639.jpg,22,Female,1,Black,1,20170112233618639
22_1_4_20170103223216583.jpg,22,Female,1,Others,4,20170103223216583
26_1_2_20170116184707239.jpg,26,Female,1,Asian,2,20170116184707239
7_0_0_20170110215540131.jpg,7,Male,0,White,0,20170110215540131
45_0_0_20170117182929156.jpg,45,Male,0,White,0,20170117182929156
58_0_0_20170120224656976.jpg,58,Male,0,White,0,20170120224656976
1_0_0_20170110212654271.jpg,1,Male,0,White,0,20170110212654271
28_0_1_20170113151917402.jpg,28,Male,0,Black,1,20170113151917402
23_0_3_20170116161243731.jpg,23,Male,0,Indian,3,20170116161243731
2_0_2_20161219222714623.jpg,2,Male,0,Asian,2,20161219222714623
26_0_1_20170117152417815.jpg,26,Male,0,Black,1,20170117152417815
22_1_3_20170104232454786.jpg,22,Female,1,Indian,3,20170104232454786
28_0_4_20170117020639219.jpg,28,Male,0,Others,4,20170117020639219
40_0_0_20170117135108861.jpg,40,Male,0,White,0,20170117135108861
26_1_0_20170104022424245.jpg,26,Female,1,White,0,20170104022424245
28_1_2_20170104020754708.jpg,28,Female,1,Asian,2,20170104020754708
25_1_1_20170116001945041.jpg,25,Female,1,Black,1,20170116001945041
25_1_1_20170116223829647.jpg,25,Female,1,Black,1,20170116223829647
37_1_3_20170109132653966.jpg,37,Female,1,Indian,3,20170109132653966
29_1_1_20170116222451557.jpg,29,Female,1,Black,1,20170116222451557
29_1_1_20170116161645150.jpg,29,Female,1,Black,1,20170116161645150
19_0_0_20170119150054894.jpg,19,Male,0,White,0,20170119150054894
28_1_1_20170116014109875.jpg,28,Female,1,Black,1,20170116014109875
55_0_0_20170117155107102.jpg,55,Male,0,White,0,20170117155107102
25_1_3_20170104222459455.jpg,25,Female,1,Indian,3,20170104222459455
3_1_1_20170117192731931.jpg,3,Female,1,Black,1,20170117192731931
28_0_3_20170119194510875.jpg,28,Male,0,Indian,3,20170119194510875
26_1_1_20170116153459393.jpg,26,Female,1,Black,1,20170116153459393
26_0_0_20170117172433732.jpg,26,Male,0,White,0,20170117172433732
62_0_1_20170116204827125.jpg,62,Male,0,Black,1,20170116204827125
24_0_4_20170117145917765.jpg,24,Male,0,Others,4,20170117145917765
28_0_1_20170117021342872.jpg,28,Male,0,Black,1,20170117021342872
26_0_1_20170113133259775.jpg,26,Male,0,Black,1,20170113133259775
39_1_2_20170105001325620.jpg,39,Female,1,Asian,2,20170105001325620
70_0_0_20170117175502596.jpg,70,Male,0,White,0,20170117175502596
80_1_0_20170117175604677.jpg,80,Female,1,White,0,20170117175604677
45_0_3_20170112215026424.jpg,45,Male,0,Indian,3,20170112215026424
32_1_1_20170113010326142.jpg,32,Female,1,Black,1,20170113010326142
50_0_3_20170119202107229.jpg,50,Male,0,Indian,3,20170119202107229
60_0_2_20170116190207532.jpg,60,Male,0,Asian,2,20170116190207532
25_0_3_20170119171146199.jpg,25,Male,0,Indian,3,20170119171146199
16_1_0_20170109213117588.jpg,16,Female,1,White,0,20170109213117588
30_0_2_20170116192711273.jpg,30,Male,0,Asian,2,20170116192711273
25_1_3_20170119171925976.jpg,25,Female,1,Indian,3,20170119171925976
44_0_3_20170119155521690.jpg,44,Male,0,Indian,3,20170119155521690
17_0_3_20170104225710543.jpg,17,Male,0,Indian,3,20170104225710543
25_1_2_20170116165435737.jpg,25,Female,1,Asian,2,20170116165435737
28_0_2_20170116162019874.jpg,28,Male,0,Asian,2,20170116162019874
34_0_3_20170119171624184.jpg,34,Male,0,Indian,3,20170119171624184
1_0_2_20161219161626814.jpg,1,Male,0,Asian,2,20161219161626814
35_1_1_20170112234710496.jpg,35,Female,1,Black,1,20170112234710496
2_0_1_20170113175826133.jpg,2,Male,0,Black,1,20170113175826133
35_0_1_20170117121610224.jpg,35,Male,0,Black,1,20170117121610224
24_1_1_20170116200854756.jpg,24,Female,1,Black,1,20170116200854756
78_0_2_20170112215118168.jpg,78,Male,0,Asian,2,20170112215118168
47_0_1_20170117173346286.jpg,47,Male,0,Black,1,20170117173346286
54_0_4_20170104212531845.jpg,54,Male,0,Others,4,20170104212531845
31_1_1_20170116223015265.jpg,31,Female,1,Black,1,20170116223015265
5_0_4_20170103210509634.jpg,5,Male,0,Others,4,20170103210509634
20_0_4_20170117203144623.jpg,20,Male,0,Others,4,20170117203144623
76_0_0_20170111221823004.jpg,76,Male,0,White,0,20170111221823004
8_0_2_20170117192413109.jpg,8,Male,0,Asian,2,20170117192413109
99_1_0_20170120134718759.jpg,99,Female,1,White,0,20170120134718759
67_0_0_20170109002521701.jpg,67,Male,0,White,0,20170109002521701
4_1_4_20161221200021608.jpg,4,Female,1,Others,4,20161221200021608
33_0_0_20170120220115217.jpg,33,Male,0,White,0,20170120220115217
26_1_2_20170116184247227.jpg,26,Female,1,Asian,2,20170116184247227
29_1_3_20170119152650912.jpg,29,Female,1,Indian,3,20170119152650912
23_0_1_20170114033438130.jpg,23,Male,0,Black,1,20170114033438130
30_1_2_20170116162552501.jpg,30,Female,1,Asian,2,20170116162552501
40_1_2_20170116161954400.jpg,40,Female,1,Asian,2,20170116161954400
25_1_2_20170116175239383.jpg,25,Female,1,Asian,2,20170116175239383
48_0_0_20170117140647918.jpg,48,Male,0,White,0,20170117140647918
31_1_1_20170117171933533.jpg,31,Female,1,Black,1,20170117171933533
30_1_2_20170105161432042.jpg,30,Female,1,Asian,2,20170105161432042
9_0_0_20170110220133114.jpg,9,Male,0,White,0,20170110220133114
56_0_0_20170117155845920.jpg,56,Male,0,White,0,20170117155845920
53_0_3_20170119205834160.jpg,53,Male,0,Indian,3,20170119205834160
84_1_2_20170105174912326.jpg,84,Female,1,Asian,2,20170105174912326
28_1_2_20170104022917342.jpg,28,Female,1,Asian,2,20170104022917342
27_0_1_20170113150450280.jpg,27,Male,0,Black,1,20170113150450280
39_0_1_20170117165631399.jpg,39,Male,0,Black,1,20170117165631399
25_0_0_20170117142048826.jpg,25,Male,0,White,0,20170117142048826
50_0_0_20170119205551095.jpg,50,Male,0,White,0,20170119205551095
26_1_1_20170116222916879.jpg,26,Female,1,Black,1,20170116222916879
70_0_0_20170117091026248.jpg,70,Male,0,White,0,20170117091026248
46_0_3_20170119181027204.jpg,46,Male,0,Indian,3,20170119181027204
30_1_0_20170117122000135.jpg,30,Female,1,White,0,20170117122000135
7_1_2_20161219190036147.jpg,7,Female,1,Asian,2,20161219190036147
26_0_3_20170119180621828.jpg,26,Male,0,Indian,3,20170119180621828
29_0_1_20170117094745480.jpg,29,Male,0,Black,1,20170117094745480
25_1_0_20170119172027811.jpg,25,Female,1,White,0,20170119172027811
34_0_0_20170117152424716.jpg,34,Male,0,White,0,20170117152424716
30_1_0_20170116191315733.jpg,30,Female,1,White,0,20170116191315733
4_1_0_20170109202352144.jpg,4,Female,1,White,0,20170109202352144
29_1_1_20170116020932172.jpg,29,Female,1,Black,1,20170116020932172
35_0_1_20170113174107043.jpg,35,Male,0,Black,1,20170113174107043
32_1_2_20170105164147100.jpg,32,Female,1,Asian,2,20170105164147100
90_0_2_20170111210301275.jpg,90,Male,0,Asian,2,20170111210301275
24_1_3_20170104215731414.jpg,24,Female,1,Indian,3,20170104215731414
1_0_0_20170110213012671.jpg,1,Male,0,White,0,20170110213012671
28_1_3_20170104223430207.jpg,28,Female,1,Indian,3,20170104223430207
27_0_1_20170117010034334.jpg,27,Male,0,Black,1,20170117010034334
42_0_0_20170117154825824.jpg,42,Male,0,White,0,20170117154825824
21_1_3_20170104222118687.jpg,21,Female,1,Indian,3,20170104222118687
52_1_0_20170109220918442.jpg,52,Female,1,White,0,20170109220918442
28_1_1_20170117022158414.jpg,28,Female,1,Black,1,20170117022158414
60_1_1_20170120223635158.jpg,60,Female,1,Black,1,20170120223635158
64_0_0_20170104185849414.jpg,64,Male,0,White,0,20170104185849414
34_0_0_20170103182629265.jpg,34,Male,0,White,0,20170103182629265
26_0_3_20170117154527678.jpg,26,Male,0,Indian,3,20170117154527678
29_0_1_20170117104604974.jpg,29,Male,0,Black,1,20170117104604974
35_0_0_20170117185333778.jpg,35,Male,0,White,0,20170117185333778
7_0_4_20161221201748793.jpg,7,Male,0,Others,4,20161221201748793
37_0_3_20170119164100806.jpg,37,Male,0,Indian,3,20170119164100806
25_1_3_20170117143756281.jpg,25,Female,1,Indian,3,20170117143756281
1_1_4_20161223225921227.jpg,1,Female,1,Others,4,20161223225921227
50_0_1_20170117204159441.jpg,50,Male,0,Black,1,20170117204159441
1_0_4_20161221192554517.jpg,1,Male,0,Others,4,20161221192554517
56_1_0_20170110122335365.jpg,56,Female,1,White,0,20170110122335365
5_1_0_20170109192408726.jpg,5,Female,1,White,0,20170109192408726
26_1_3_20170104222922568.jpg,26,Female,1,Indian,3,20170104222922568
28_0_2_20170116170855714.jpg,28,Male,0,Asian,2,20170116170855714
26_0_1_20170117091210764.jpg,26,Male,0,Black,1,20170117091210764
10_1_0_20170109203653735.jpg,10,Female,1,White,0,20170109203653735
28_1_1_20170103225945785.jpg,28,Female,1,Black,1,20170103225945785
53_0_0_20170111171747402.jpg,53,Male,0,White,0,20170111171747402
26_1_3_20170119180600308.jpg,26,Female,1,Indian,3,20170119180600308
29_0_1_20170117022120994.jpg,29,Male,0,Black,1,20170117022120994
26_1_2_20170116184523693.jpg,26,Female,1,Asian,2,20170116184523693
28_0_0_20170117180535344.jpg,28,Male,0,White,0,20170117180535344
31_1_1_20170113012714175.jpg,31,Female,1,Black,1,20170113012714175
49_0_0_20170104205907868.jpg,49,Male,0,White,0,20170104205907868
34_0_0_20170117203207119.jpg,34,Male,0,White,0,20170117203207119
29_1_1_20170112234045193.jpg,29,Female,1,Black,1,20170112234045193
26_0_2_20170116182756349.jpg,26,Male,0,Asian,2,20170116182756349
33_0_1_20170116215201422.jpg,33,Male,0,Black,1,20170116215201422
20_0_0_20170113132332102.jpg,20,Male,0,White,0,20170113132332102
24_0_1_20170116002302626.jpg,24,Male,0,Black,1,20170116002302626
26_0_0_20170104194358449.jpg,26,Male,0,White,0,20170104194358449
35_1_1_20170115235811416.jpg,35,Female,1,Black,1,20170115235811416
26_0_3_20170119191755562.jpg,26,Male,0,Indian,3,20170119191755562
30_0_1_20170116011020977.jpg,30,Male,0,Black,1,20170116011020977
3_1_3_20161220220619722.jpg,3,Female,1,Indian,3,20161220220619722
47_0_0_20170117190344073.jpg,47,Male,0,White,0,20170117190344073
2_1_2_20161219151404675.jpg,2,Female,1,Asian,2,20161219151404675
35_1_3_20170117154659552.jpg,35,Female,1,Indian,3,20170117154659552
54_0_0_20170105164001139.jpg,54,Male,0,White,0,20170105164001139
26_1_4_20170117153657309.jpg,26,Female,1,Others,4,20170117153657309
60_1_0_20170110122430900.jpg,60,Female,1,White,0,20170110122430900
60_0_0_20170104211850356.jpg,60,Male,0,White,0,20170104211850356
45_1_3_20170119194342179.jpg,45,Female,1,Indian,3,20170119194342179
39_1_4_20170103163548640.jpg,39,Female,1,Others,4,20170103163548640
32_0_2_20170116162354491.jpg,32,Male,0,Asian,2,20170116162354491
20_0_0_20170110232156775.jpg,20,Male,0,White,0,20170110232156775
23_1_4_20170103212744381.jpg,23,Female,1,Others,4,20170103212744381
26_1_1_20170116233048680.jpg,26,Female,1,Black,1,20170116233048680
27_0_2_20170116172528863.jpg,27,Male,0,Asian,2,20170116172528863
36_0_0_20170104204247899.jpg,36,Male,0,White,0,20170104204247899
26_0_1_20170116181113305.jpg,26,Male,0,Black,1,20170116181113305
82_0_4_20170117190644623.jpg,82,Male,0,Others,4,20170117190644623
66_1_0_20170110132508785.jpg,66,Female,1,White,0,20170110132508785
54_0_0_20170117155448941.jpg,54,Male,0,White,0,20170117155448941
15_0_0_20170104002211388.jpg,15,Male,0,White,0,20170104002211388
26_1_0_20170117091325822.jpg,26,Female,1,White,0,20170117091325822
45_1_0_20170120221126908.jpg,45,Female,1,White,0,20170120221126908
40_1_1_20170110153441199.jpg,40,Female,1,Black,1,20170110153441199
32_1_3_20170109141353848.jpg,32,Female,1,Indian,3,20170109141353848
26_1_3_20170119193126243.jpg,26,Female,1,Indian,3,20170119193126243
8_1_0_20170109202906495.jpg,8,Female,1,White,0,20170109202906495
26_0_0_20170116232936514.jpg,26,Male,0,White,0,20170116232936514
12_0_3_20170117183456013.jpg,12,Male,0,Indian,3,20170117183456013
25_1_2_20170116161500037.jpg,25,Female,1,Asian,2,20170116161500037
3_1_3_20161219224605961.jpg,3,Female,1,Indian,3,20161219224605961
45_0_0_20170104184307637.jpg,45,Male,0,White,0,20170104184307637
31_0_0_20170111181750350.jpg,31,Male,0,White,0,20170111181750350
39_0_0_20170104180001436.jpg,39,Male,0,White,0,20170104180001436
1_0_0_20161219204552941.jpg,1,Male,0,White,0,20161219204552941
45_0_0_20170117204641954.jpg,45,Male,0,White,0,20170117204641954
45_0_0_20170117183552230.jpg,45,Male,0,White,0,20170117183552230
54_1_2_20170116192942952.jpg,54,Female,1,Asian,2,20170116192942952
35_0_0_20170116222357299.jpg,35,Male,0,White,0,20170116222357299
18_1_0_20170117193303188.jpg,18,Female,1,White,0,20170117193303188
64_0_0_20170107214238619.jpg,64,Male,0,White,0,20170107214238619
6_1_4_20170103230723185.jpg,6,Female,1,Others,4,20170103230723185
47_0_0_20170116204821089.jpg,47,Male,0,White,0,20170116204821089
55_0_3_20170117183255158.jpg,55,Male,0,Indian,3,20170117183255158
8_1_0_20170109203602997.jpg,8,Female,1,White,0,20170109203602997
26_1_1_20170113011707503.jpg,26,Female,1,Black,1,20170113011707503
56_0_0_20170104211806996.jpg,56,Male,0,White,0,20170104211806996
39_0_1_20170116200533354.jpg,39,Male,0,Black,1,20170116200533354
23_1_3_20170119164432343.jpg,23,Female,1,Indian,3,20170119164432343
26_0_0_20170116181050820.jpg,26,Male,0,White,0,20170116181050820
3_0_0_20161219154520213.jpg,3,Male,0,White,0,20161219154520213
56_1_0_20170110152858178.jpg,56,Female,1,White,0,20170110152858178
40_0_0_20170117135935650.jpg,40,Male,0,White,0,20170117135935650
90_1_0_20170111211648525.jpg,90,Female,1,White,0,20170111211648525
26_0_0_20170117173206140.jpg,26,Male,0,White,0,20170117173206140
2_1_2_20161219142056888.jpg,2,Female,1,Asian,2,20161219142056888
46_0_1_20170111200735373.jpg,46,Male,0,Black,1,20170111200735373
10_1_3_20170104221645430.jpg,10,Female,1,Indian,3,20170104221645430
38_0_3_20170117142039804.jpg,38,Male,0,Indian,3,20170117142039804
26_1_3_20170116232356027.jpg,26,Female,1,Indian,3,20170116232356027
38_0_1_20170116193927383.jpg,38,Male,0,Black,1,20170116193927383
29_0_1_20170117202653255.jpg,29,Male,0,Black,1,20170117202653255
25_1_3_20170119172138225.jpg,25,Female,1,Indian,3,20170119172138225
35_1_0_20170117180008549.jpg,35,Female,1,White,0,20170117180008549
27_1_2_20170116165932169.jpg,27,Female,1,Asian,2,20170116165932169
46_1_1_20170112215250704.jpg,46,Female,1,Black,1,20170112215250704
26_1_0_20170103224921463.jpg,26,Female,1,White,0,20170103224921463
32_1_1_20170113000438328.jpg,32,Female,1,Black,1,20170113000438328
40_1_3_20170104220757598.jpg,40,Female,1,Indian,3,20170104220757598
7_0_0_20170110220101562.jpg,7,Male,0,White,0,20170110220101562
50_0_3_20170117181143891.jpg,50,Male,0,Indian,3,20170117181143891
23_1_4_20170103233619053.jpg,23,Female,1,Others,4,20170103233619053
32_1_0_20170116221804392.jpg,32,Female,1,White,0,20170116221804392
27_1_1_20170112231925888.jpg,27,Female,1,Black,1,20170112231925888
12_0_0_20170117145849076.jpg,12,Male,0,White,0,20170117145849076
16_1_0_20170103163010615.jpg,16,Female,1,White,0,20170103163010615
30_1_1_20170112231459398.jpg,30,Female,1,Black,1,20170112231459398
1_0_0_20170109191445171.jpg,1,Male,0,White,0,20170109191445171
50_0_2_20170116163531048.jpg,50,Male,0,Asian,2,20170116163531048
26_1_0_20170117174547382.jpg,26,Female,1,White,0,20170117174547382
3_0_0_20170110212719382.jpg,3,Male,0,White,0,20170110212719382
1_1_2_20161219162024742.jpg,1,Female,1,Asian,2,20161219162024742
32_1_0_20170117134808277.jpg,32,Female,1,White,0,20170117134808277
12_0_4_20170103201824880.jpg,12,Male,0,Others,4,20170103201824880
8_0_0_20170110222913531.jpg,8,Male,0,White,0,20170110222913531
26_0_1_20170116010432759.jpg,26,Male,0,Black,1,20170116010432759
45_0_3_20170119184153479.jpg,45,Male,0,Indian,3,20170119184153479
2_0_0_20170110224316546.jpg,2,Male,0,White,0,20170110224316546
40_0_0_20170117175319946.jpg,40,Male,0,White,0,20170117175319946
22_1_3_20170104222830398.jpg,22,Female,1,Indian,3,20170104222830398
23_1_3_20170119164606005.jpg,23,Female,1,Indian,3,20170119164606005
42_0_0_20170113184251398.jpg,42,Male,0,White,0,20170113184251398
30_0_0_20170117153441021.jpg,30,Male,0,White,0,20170117153441021
25_0_1_20170116025959945.jpg,25,Male,0,Black,1,20170116025959945
18_1_1_20170114030253404.jpg,18,Female,1,Black,1,20170114030253404
6_1_3_20161220222916667.jpg,6,Female,1,Indian,3,20161220222916667
68_0_1_20170113181302934.jpg,68,Male,0,Black,1,20170113181302934
35_0_0_20170116232636326.jpg,35,Male,0,White,0,20170116232636326
26_0_1_20170113134255295.jpg,26,Male,0,Black,1,20170113134255295
1_1_2_20161219195916355.jpg,1,Female,1,Asian,2,20161219195916355
29_1_1_20170105183913087.jpg,29,Female,1,Black,1,20170105183913087
27_0_4_20170103235026964.jpg,27,Male,0,Others,4,20170103235026964
23_1_3_20170119164457312.jpg,23,Female,1,Indian,3,20170119164457312
25_0_1_20170113175802374.jpg,25,Male,0,Black,1,20170113175802374
23_0_0_20170113210319753.jpg,23,Male,0,White,0,20170113210319753
29_1_3_20170119195154547.jpg,29,Female,1,Indian,3,20170119195154547
75_0_0_20170112224041371.jpg,75,Male,0,White,0,20170112224041371
52_1_0_20170113184714320.jpg,52,Female,1,White,0,20170113184714320
40_0_0_20170117130718950.jpg,40,Male,0,White,0,20170117130718950
51_0_0_20170111181750489.jpg,51,Male,0,White,0,20170111181750489
40_1_3_20170109142008373.jpg,40,Female,1,Indian,3,20170109142008373
24_0_1_20170117013644564.jpg,24,Male,0,Black,1,20170117013644564
2_1_3_20161219225740952.jpg,2,Female,1,Indian,3,20161219225740952
41_0_3_20170119204219798.jpg,41,Male,0,Indian,3,20170119204219798
17_1_1_20170116234754901.jpg,17,Female,1,Black,1,20170116234754901
1_1_2_20161219162113982.jpg,1,Female,1,Asian,2,20161219162113982
26_0_2_20170105163936652.jpg,26,Male,0,Asian,2,20170105163936652
26_0_0_20170116225130512.jpg,26,Male,0,White,0,20170116225130512
28_0_0_20170116215505239.jpg,28,Male,0,White,0,20170116215505239
34_1_0_20170109004755204.jpg,34,Female,1,White,0,20170109004755204
13_1_0_20170109201102915.jpg,13,Female,1,White,0,20170109201102915
57_1_0_20170109134356713.jpg,57,Female,1,White,0,20170109134356713
1_1_3_20161220143400183.jpg,1,Female,1,Indian,3,20161220143400183
1_0_0_20170110212720644.jpg,1,Male,0,White,0,20170110212720644
63_0_0_20170104213529213.jpg,63,Male,0,White,0,20170104213529213
34_0_0_20170117134855475.jpg,34,Male,0,White,0,20170117134855475
15_1_0_20170109213537150.jpg,15,Female,1,White,0,20170109213537150
29_0_1_20170113134101015.jpg,29,Male,0,Black,1,20170113134101015
17_0_4_20170103234631508.jpg,17,Male,0,Others,4,20170103234631508
3_1_2_20161219152927668.jpg,3,Female,1,Asian,2,20161219152927668
42_1_1_20170104210422988.jpg,42,Female,1,Black,1,20170104210422988
18_1_0_20170109214752340.jpg,18,Female,1,White,0,20170109214752340
25_1_2_20170104021935245.jpg,25,Female,1,Asian,2,20170104021935245
68_0_0_20170117172835921.jpg,68,Male,0,White,0,20170117172835921
33_1_0_20170112235509832.jpg,33,Female,1,White,0,20170112235509832
15_1_0_20170109204210842.jpg,15,Female,1,White,0,20170109204210842
30_0_0_20170109015231305.jpg,30,Male,0,White,0,20170109015231305
2_0_2_20161219161734262.jpg,2,Male,0,Asian,2,20161219161734262
48_1_0_20170110125249128.jpg,48,Female,1,White,0,20170110125249128
27_0_2_20161219194038690.jpg,27,Male,0,Asian,2,20161219194038690
58_0_4_20170104212755933.jpg,58,Male,0,Others,4,20170104212755933
39_0_0_20170104202134507.jpg,39,Male,0,White,0,20170104202134507
24_0_0_20170117145956618.jpg,24,Male,0,White,0,20170117145956618
70_0_0_20170117173632929.jpg,70,Male,0,White,0,20170117173632929
7_1_0_20170109205432160.jpg,7,Female,1,White,0,20170109205432160
54_0_0_20170116171216593.jpg,54,Male,0,White,0,20170116171216593
36_0_1_20170116205444602.jpg,36,Male,0,Black,1,20170116205444602
8_1_0_20170109205022859.jpg,8,Female,1,White,0,20170109205022859
32_0_0_20170116224855059.jpg,32,Male,0,White,0,20170116224855059
31_1_1_20170116155750618.jpg,31,Female,1,Black,1,20170116155750618
21_0_1_20170116214205175.jpg,21,Male,0,Black,1,20170116214205175
42_0_1_20170117171124190.jpg,42,Male,0,Black,1,20170117171124190
28_0_1_20170113134036488.jpg,28,Male,0,Black,1,20170113134036488
32_0_1_20170113134657712.jpg,32,Male,0,Black,1,20170113134657712
85_1_0_20170110181621323.jpg,85,Female,1,White,0,20170110181621323
60_1_2_20170105174330388.jpg,60,Female,1,Asian,2,20170105174330388
57_1_0_20170109015631419.jpg,57,Female,1,White,0,20170109015631419
60_1_0_20170110154617064.jpg,60,Female,1,White,0,20170110154617064
31_0_1_20170116024257506.jpg,31,Male,0,Black,1,20170116024257506
25_0_3_20170117134128269.jpg,25,Male,0,Indian,3,20170117134128269
24_1_1_20170117194553428.jpg,24,Female,1,Black,1,20170117194553428
35_0_2_20170116173641544.jpg,35,Male,0,Asian,2,20170116173641544
35_1_0_20170117185227543.jpg,35,Female,1,White,0,20170117185227543
21_0_4_20170103225103768.jpg,21,Male,0,Others,4,20170103225103768
26_0_1_20170116143057934.jpg,26,Male,0,Black,1,20170116143057934
2_1_0_20170109190758562.jpg,2,Female,1,White,0,20170109190758562
30_1_1_20170113010438590.jpg,30,Female,1,Black,1,20170113010438590
80_0_2_20170112224623307.jpg,80,Male,0,Asian,2,20170112224623307
12_0_2_20170104012525810.jpg,12,Male,0,Asian,2,20170104012525810
53_1_0_20170109012818178.jpg,53,Female,1,White,0,20170109012818178
2_1_2_20161219141208216.jpg,2,Female,1,Asian,2,20161219141208216
26_1_3_20170104235148954.jpg,26,Female,1,Indian,3,20170104235148954
35_0_1_20170116235207950.jpg,35,Male,0,Black,1,20170116235207950
32_1_2_20170116205754287.jpg,32,Female,1,Asian,2,20170116205754287
58_0_1_20170104185127270.jpg,58,Male,0,Black,1,20170104185127270
27_0_0_20170117120152773.jpg,27,Male,0,White,0,20170117120152773
6_0_2_20161219195226635.jpg,6,Male,0,Asian,2,20161219195226635
22_0_2_20170104022354725.jpg,22,Male,0,Asian,2,20170104022354725
28_1_1_20170116234442332.jpg,28,Female,1,Black,1,20170116234442332
30_0_2_20170116165153226.jpg,30,Male,0,Asian,2,20170116165153226
3_0_0_20170110212807163.jpg,3,Male,0,White,0,20170110212807163
61_0_3_20170113185453489.jpg,61,Male,0,Indian,3,20170113185453489
25_1_3_20170117180220918.jpg,25,Female,1,Indian,3,20170117180220918
39_0_2_20170104210153244.jpg,39,Male,0,Asian,2,20170104210153244
20_0_0_20170117114905086.jpg,20,Male,0,White,0,20170117114905086
28_1_2_20170116162435106.jpg,28,Female,1,Asian,2,20170116162435106
26_1_2_20170105164540403.jpg,26,Female,1,Asian,2,20170105164540403
45_0_0_20170117185004664.jpg,45,Male,0,White,0,20170117185004664
50_0_0_20170113185024040.jpg,50,Male,0,White,0,20170113185024040
35_0_0_20170117135251076.jpg,35,Male,0,White,0,20170117135251076
79_0_0_20170111223823788.jpg,79,Male,0,White,0,20170111223823788
27_1_2_20170116171630835.jpg,27,Female,1,Asian,2,20170116171630835
26_1_3_20170119193058134.jpg,26,Female,1,Indian,3,20170119193058134
35_0_3_20170119171258208.jpg,35,Male,0,Indian,3,20170119171258208
18_1_0_20170109213451167.jpg,18,Female,1,White,0,20170109213451167
16_0_0_20170110232605131.jpg,16,Male,0,White,0,20170110232605131
48_0_0_20170104201250552.jpg,48,Male,0,White,0,20170104201250552
32_0_3_20170119200310531.jpg,32,Male,0,Indian,3,20170119200310531
30_1_1_20170113013050208.jpg,30,Female,1,Black,1,20170113013050208
45_0_0_20170117144436643.jpg,45,Male,0,White,0,20170117144436643
25_1_1_20170116171043499.jpg,25,Female,1,Black,1,20170116171043499
50_1_1_20170103182211471.jpg,50,Female,1,Black,1,20170103182211471
16_1_4_20170103234142187.jpg,16,Female,1,Others,4,20170103234142187
46_1_1_20170113001246891.jpg,46,Female,1,Black,1,20170113001246891
27_0_1_20170117012354143.jpg,27,Male,0,Black,1,20170117012354143
26_1_4_20170117201457622.jpg,26,Female,1,Others,4,20170117201457622
27_0_1_20170113134047416.jpg,27,Male,0,Black,1,20170113134047416
26_0_4_20170117152317187.jpg,26,Male,0,Others,4,20170117152317187
38_1_4_20170116233353646.jpg,38,Female,1,Others,4,20170116233353646
62_0_1_20170117154841208.jpg,62,Male,0,Black,1,20170117154841208
26_0_3_20170119180541276.jpg,26,Male,0,Indian,3,20170119180541276
26_0_1_20170116233450112.jpg,26,Male,0,Black,1,20170116233450112
26_1_1_20170112213310815.jpg,26,Female,1,Black,1,20170112213310815
28_0_2_20170119180256157.jpg,28,Male,0,Asian,2,20170119180256157
35_0_3_20170119181105779.jpg,35,Male,0,Indian,3,20170119181105779
89_0_2_20170112220351776.jpg,89,Male,0,Asian,2,20170112220351776
53_0_0_20170111195950035.jpg,53,Male,0,White,0,20170111195950035
65_1_1_20170113012531920.jpg,65,Female,1,Black,1,20170113012531920
40_1_0_20170104172936762.jpg,40,Female,1,White,0,20170104172936762
31_1_1_20170115234845837.jpg,31,Female,1,Black,1,20170115234845837
46_0_0_20170104203848115.jpg,46,Male,0,White,0,20170104203848115
4_1_4_20161221193349166.jpg,4,Female,1,Others,4,20161221193349166
70_0_0_20170117172631161.jpg,70,Male,0,White,0,20170117172631161
25_1_0_20170112235132967.jpg,25,Female,1,White,0,20170112235132967
46_0_0_20170104200811706.jpg,46,Male,0,White,0,20170104200811706
60_0_0_20170117001135611.jpg,60,Male,0,White,0,20170117001135611
28_0_3_20170119194508397.jpg,28,Male,0,Indian,3,20170119194508397
35_1_0_20170117144916091.jpg,35,Female,1,White,0,20170117144916091
20_1_4_20170105183316775.jpg,20,Female,1,Others,4,20170105183316775
1_0_2_20161219204951309.jpg,1,Male,0,Asian,2,20161219204951309
58_0_0_20170117191923083.jpg,58,Male,0,White,0,20170117191923083
4_1_3_20161219230310713.jpg,4,Female,1,Indian,3,20161219230310713
47_1_0_20170109011110873.jpg,47,Female,1,White,0,20170109011110873
36_1_3_20170117183328934.jpg,36,Female,1,Indian,3,20170117183328934
25_1_4_20170103224747408.jpg,25,Female,1,Others,4,20170103224747408
50_0_0_20170104213122948.jpg,50,Male,0,White,0,20170104213122948
1_1_0_20161219161022878.jpg,1,Female,1,White,0,20161219161022878
26_0_0_20170116224830372.jpg,26,Male,0,White,0,20170116224830372
57_0_0_20170104183717886.jpg,57,Male,0,White,0,20170104183717886
30_1_3_20170117181342861.jpg,30,Female,1,Indian,3,20170117181342861
9_0_0_20170110221724498.jpg,9,Male,0,White,0,20170110221724498
58_0_1_20170113185227312.jpg,58,Male,0,Black,1,20170113185227312
24_1_0_20170116205746244.jpg,24,Female,1,White,0,20170116205746244
30_1_1_20170112215047361.jpg,30,Female,1,Black,1,20170112215047361
32_1_0_20170116200933417.jpg,32,Female,1,White,0,20170116200933417
58_0_1_20170113174734929.jpg,58,Male,0,Black,1,20170113174734929
52_0_0_20170117161040990.jpg,52,Male,0,White,0,20170117161040990
17_1_1_20170109214110957.jpg,17,Female,1,Black,1,20170109214110957
40_1_1_20170113012402513.jpg,40,Female,1,Black,1,20170113012402513
30_1_1_20170114031027306.jpg,30,Female,1,Black,1,20170114031027306
29_0_4_20170119170835447.jpg,29,Male,0,Others,4,20170119170835447
26_1_0_20170117174719206.jpg,26,Female,1,White,0,20170117174719206
80_0_3_20170117174541085.jpg,80,Male,0,Indian,3,20170117174541085
47_0_0_20170117013717257.jpg,47,Male,0,White,0,20170117013717257
31_0_1_20170116024715934.jpg,31,Male,0,Black,1,20170116024715934
89_1_0_20170120225533673.jpg,89,Female,1,White,0,20170120225533673
34_1_1_20170116164411145.jpg,34,Female,1,Black,1,20170116164411145
21_0_2_20170103234754659.jpg,21,Male,0,Asian,2,20170103234754659
100_1_0_20170112213001988.jpg,100,Female,1,White,0,20170112213001988
10_0_0_20170110224223937.jpg,10,Male,0,White,0,20170110224223937
9_0_2_20170110220429818.jpg,9,Male,0,Asian,2,20170110220429818
26_0_0_20170116193409254.jpg,26,Male,0,White,0,20170116193409254
33_0_0_20170120220056442.jpg,33,Male,0,White,0,20170120220056442
5_1_4_20161219185942044.jpg,5,Female,1,Others,4,20161219185942044
81_0_0_20170111211419693.jpg,81,Male,0,White,0,20170111211419693
60_0_0_20170104185423670.jpg,60,Male,0,White,0,20170104185423670
27_1_2_20170116163618474.jpg,27,Female,1,Asian,2,20170116163618474
26_1_2_20161219204400164.jpg,26,Female,1,Asian,2,20161219204400164
22_0_0_20170114025946539.jpg,22,Male,0,White,0,20170114025946539
23_0_3_20170119151125607.jpg,23,Male,0,Indian,3,20170119151125607
26_1_0_20170117152955925.jpg,26,Female,1,White,0,20170117152955925
53_1_0_20170110160643251.jpg,53,Female,1,White,0,20170110160643251
26_1_1_20170116224118858.jpg,26,Female,1,Black,1,20170116224118858
39_0_0_20170104202328306.jpg,39,Male,0,White,0,20170104202328306
58_0_3_20170119211545409.jpg,58,Male,0,Indian,3,20170119211545409
43_1_1_20170116003503143.jpg,43,Female,1,Black,1,20170116003503143
52_0_3_20170119200211340.jpg,52,Male,0,Indian,3,20170119200211340
32_1_2_20170117134733341.jpg,32,Female,1,Asian,2,20170117134733341
40_0_1_20170117135308283.jpg,40,Male,0,Black,1,20170117135308283
30_0_0_20170116182659652.jpg,30,Male,0,White,0,20170116182659652
29_1_1_20170116164102690.jpg,29,Female,1,Black,1,20170116164102690
47_0_4_20170104210443652.jpg,47,Male,0,Others,4,20170104210443652
29_1_4_20170103180829632.jpg,29,Female,1,Others,4,20170103180829632
29_0_0_20170102233617277.jpg,29,Male,0,White,0,20170102233617277
23_1_0_20170117194248629.jpg,23,Female,1,White,0,20170117194248629
44_0_0_20170117140036990.jpg,44,Male,0,White,0,20170117140036990
35_1_4_20170113182827279.jpg,35,Female,1,Others,4,20170113182827279
26_0_4_20170117153320853.jpg,26,Male,0,Others,4,20170117153320853
6_1_2_20161219153247548.jpg,6,Female,1,Asian,2,20161219153247548
33_1_0_20170105161501346.jpg,33,Female,1,White,0,20170105161501346
31_1_0_20170109132941538.jpg,31,Female,1,White,0,20170109132941538
55_0_0_20170117190001481.jpg,55,Male,0,White,0,20170117190001481
16_0_0_20170110232613101.jpg,16,Male,0,White,0,20170110232613101
18_0_2_20161219205328564.jpg,18,Male,0,Asian,2,20161219205328564
35_1_4_20170117201436958.jpg,35,Female,1,Others,4,20170117201436958
49_1_1_20170113012017156.jpg,49,Female,1,Black,1,20170113012017156
71_0_0_20170104213443413.jpg,71,Male,0,White,0,20170104213443413
29_0_1_20170117104625949.jpg,29,Male,0,Black,1,20170117104625949
14_0_3_20170104225721488.jpg,14,Male,0,Indian,3,20170104225721488
20_1_4_20170117193608005.jpg,20,Female,1,Others,4,20170117193608005
46_1_1_20170113011956753.jpg,46,Female,1,Black,1,20170113011956753
45_0_0_20170119195628780.jpg,45,Male,0,White,0,20170119195628780
26_1_2_20170116184651548.jpg,26,Female,1,Asian,2,20170116184651548
40_1_0_20170117180655625.jpg,40,Female,1,White,0,20170117180655625
20_1_0_20170117141223953.jpg,20,Female,1,White,0,20170117141223953
40_1_3_20170117180026300.jpg,40,Female,1,Indian,3,20170117180026300
1_0_4_20170103202401551.jpg,1,Male,0,Others,4,20170103202401551
50_0_0_20170117135034485.jpg,50,Male,0,White,0,20170117135034485
4_1_4_20170103210522819.jpg,4,Female,1,Others,4,20170103210522819
31_0_0_20170117203031305.jpg,31,Male,0,White,0,20170117203031305
16_1_0_20170102234927276.jpg,16,Female,1,White,0,20170102234927276
20_1_4_20170103223123528.jpg,20,Female,1,Others,4,20170103223123528
70_0_0_20170117173225496.jpg,70,Male,0,White,0,20170117173225496
22_1_2_20170116172719532.jpg,22,Female,1,Asian,2,20170116172719532
7_1_2_20161219190156114.jpg,7,Female,1,Asian,2,20161219190156114
42_0_0_20170113184535624.jpg,42,Male,0,White,0,20170113184535624
1_1_2_20161219205514837.jpg,1,Female,1,Asian,2,20161219205514837
90_0_1_20170111210246547.jpg,90,Male,0,Black,1,20170111210246547
35_1_2_20170116191855858.jpg,35,Female,1,Asian,2,20170116191855858
22_1_0_20170116220934918.jpg,22,Female,1,White,0,20170116220934918
85_1_1_20170110182031363.jpg,85,Female,1,Black,1,20170110182031363
60_0_3_20170119205804806.jpg,60,Male,0,Indian,3,20170119205804806
27_1_3_20170104223343215.jpg,27,Female,1,Indian,3,20170104223343215
35_0_0_20170116233057278.jpg,35,Male,0,White,0,20170116233057278
31_0_0_20170117120944631.jpg,31,Male,0,White,0,20170117120944631
23_1_0_20170103163123528.jpg,23,Female,1,White,0,20170103163123528
1_0_0_20170110213517302.jpg,1,Male,0,White,0,20170110213517302
34_0_3_20170119200807500.jpg,34,Male,0,Indian,3,20170119200807500
15_0_4_20170110232416743.jpg,15,Male,0,Others,4,20170110232416743
60_0_3_20170119205739654.jpg,60,Male,0,Indian,3,20170119205739654
40_0_3_20170119203747574.jpg,40,Male,0,Indian,3,20170119203747574
26_0_1_20170113151928393.jpg,26,Male,0,Black,1,20170113151928393
1_1_2_20161219161751262.jpg,1,Female,1,Asian,2,20161219161751262
24_0_3_20170119165522935.jpg,24,Male,0,Indian,3,20170119165522935
9_1_2_20161219190524395.jpg,9,Female,1,Asian,2,20161219190524395
7_0_0_20170110215633251.jpg,7,Male,0,White,0,20170110215633251
11_0_0_20170110224408700.jpg,11,Male,0,White,0,20170110224408700
30_0_4_20170117204104479.jpg,30,Male,0,Others,4,20170117204104479
22_1_4_20170117193956629.jpg,22,Female,1,Others,4,20170117193956629
24_1_1_20170112234348991.jpg,24,Female,1,Black,1,20170112234348991
36_0_3_20170119202056149.jpg,36,Male,0,Indian,3,20170119202056149
26_1_2_20170116180913581.jpg,26,Female,1,Asian,2,20170116180913581
8_1_0_20170109203433105.jpg,8,Female,1,White,0,20170109203433105
27_1_1_20170113001034770.jpg,27,Female,1,Black,1,20170113001034770
48_1_1_20170113012552201.jpg,48,Female,1,Black,1,20170113012552201
62_0_3_20170109015431667.jpg,62,Male,0,Indian,3,20170109015431667
66_1_0_20170110141136857.jpg,66,Female,1,White,0,20170110141136857
31_0_1_20170116024828447.jpg,31,Male,0,Black,1,20170116024828447
58_0_3_20170112205528628.jpg,58,Male,0,Indian,3,20170112205528628
21_1_0_20170117141734034.jpg,21,Female,1,White,0,20170117141734034
29_0_0_20170117202657886.jpg,29,Male,0,White,0,20170117202657886
40_0_1_20170113142425444.jpg,40,Male,0,Black,1,20170113142425444
26_0_0_20170116193141738.jpg,26,Male,0,White,0,20170116193141738
10_0_0_20170110220235233.jpg,10,Male,0,White,0,20170110220235233
40_0_0_20170117180244078.jpg,40,Male,0,White,0,20170117180244078
32_1_0_20170103182602906.jpg,32,Female,1,White,0,20170103182602906
39_0_0_20170117184953833.jpg,39,Male,0,White,0,20170117184953833
15_0_0_20170110231550866.jpg,15,Male,0,White,0,20170110231550866
2_1_2_20161219212324493.jpg,2,Female,1,Asian,2,20161219212324493
22_0_0_20170110232206562.jpg,22,Male,0,White,0,20170110232206562
25_0_0_20170102233508810.jpg,25,Male,0,White,0,20170102233508810
35_0_0_20170117134935863.jpg,35,Male,0,White,0,20170117134935863
45_1_1_20170117145052555.jpg,45,Female,1,Black,1,20170117145052555
4_0_3_20161220221755018.jpg,4,Male,0,Indian,3,20161220221755018
32_0_2_20170117133720063.jpg,32,Male,0,Asian,2,20170117133720063
34_1_2_20170105172720493.jpg,34,Female,1,Asian,2,20170105172720493
48_1_0_20170109010620232.jpg,48,Female,1,White,0,20170109010620232
43_0_0_20170117155023824.jpg,43,Male,0,White,0,20170117155023824
22_0_4_20161221200222680.jpg,22,Male,0,Others,4,20161221200222680
26_1_1_20170112224805692.jpg,26,Female,1,Black,1,20170112224805692
42_1_1_20170117163844791.jpg,42,Female,1,Black,1,20170117163844791
32_0_2_20170116191411640.jpg,32,Male,0,Asian,2,20170116191411640
39_1_1_20170116160927002.jpg,39,Female,1,Black,1,20170116160927002
15_1_0_20170104013549874.jpg,15,Female,1,White,0,20170104013549874
65_0_1_20170120223824820.jpg,65,Male,0,Black,1,20170120223824820
36_0_1_20170113183054437.jpg,36,Male,0,Black,1,20170113183054437
22_1_1_20170112203821018.jpg,22,Female,1,Black,1,20170112203821018
45_0_3_20170119202458980.jpg,45,Male,0,Indian,3,20170119202458980
10_0_0_20170110220654150.jpg,10,Male,0,White,0,20170110220654150
36_1_0_20170104234532883.jpg,36,Female,1,White,0,20170104234532883
60_0_3_20170119205730463.jpg,60,Male,0,Indian,3,20170119205730463
71_0_0_20170120225652609.jpg,71,Male,0,White,0,20170120225652609
48_1_0_20170119192701682.jpg,48,Female,1,White,0,20170119192701682
83_1_0_20170120230355596.jpg,83,Female,1,White,0,20170120230355596
5_1_0_20170109193957869.jpg,5,Female,1,White,0,20170109193957869
31_1_2_20170116191358099.jpg,31,Female,1,Asian,2,20170116191358099
65_1_3_20170109141910621.jpg,65,Female,1,Indian,3,20170109141910621
22_0_3_20170119162941062.jpg,22,Male,0,Indian,3,20170119162941062
4_0_0_20170110213544876.jpg,4,Male,0,White,0,20170110213544876
85_1_0_20170110183746742.jpg,85,Female,1,White,0,20170110183746742
2_1_4_20161221201820529.jpg,2,Female,1,Others,4,20161221201820529
21_1_0_20170109213126942.jpg,21,Female,1,White,0,20170109213126942
54_0_0_20170104212621156.jpg,54,Male,0,White,0,20170104212621156
7_0_0_20170110215327391.jpg,7,Male,0,White,0,20170110215327391
60_0_3_20170119203928983.jpg,60,Male,0,Indian,3,20170119203928983
8_1_0_20170109203552679.jpg,8,Female,1,White,0,20170109203552679
24_1_3_20170119171016977.jpg,24,Female,1,Indian,3,20170119171016977
1_0_2_20161219221912695.jpg,1,Male,0,Asian,2,20161219221912695
85_0_0_20170120224751080.jpg,85,Male,0,White,0,20170120224751080
26_1_2_20170116184241642.jpg,26,Female,1,Asian,2,20170116184241642
48_1_0_20170105000634011.jpg,48,Female,1,White,0,20170105000634011
82_0_0_20170111210233971.jpg,82,Male,0,White,0,20170111210233971
34_1_0_20170120140756170.jpg,34,Female,1,White,0,20170120140756170
34_1_3_20170119200853821.jpg,34,Female,1,Indian,3,20170119200853821
46_1_0_20170109220530862.jpg,46,Female,1,White,0,20170109220530862
28_0_4_20170116002326539.jpg,28,Male,0,Others,4,20170116002326539
34_1_0_20170112204921052.jpg,34,Female,1,White,0,20170112204921052
54_0_0_20170113184814520.jpg,54,Male,0,White,0,20170113184814520
3_1_4_20170103234200795.jpg,3,Female,1,Others,4,20170103234200795
62_0_0_20170111203756842.jpg,62,Male,0,White,0,20170111203756842
35_0_0_20170117135252857.jpg,35,Male,0,White,0,20170117135252857
24_1_2_20170116173727786.jpg,24,Female,1,Asian,2,20170116173727786
28_0_2_20170116173230898.jpg,28,Male,0,Asian,2,20170116173230898
26_1_3_20170104235016242.jpg,26,Female,1,Indian,3,20170104235016242
55_0_3_20170119201108715.jpg,55,Male,0,Indian,3,20170119201108715
26_0_4_20170117200020292.jpg,26,Male,0,Others,4,20170117200020292
58_0_0_20170109013804774.jpg,58,Male,0,White,0,20170109013804774
16_0_1_20170113155247627.jpg,16,Male,0,Black,1,20170113155247627
56_0_0_20170104212131403.jpg,56,Male,0,White,0,20170104212131403
28_0_3_20170119194818178.jpg,28,Male,0,Indian,3,20170119194818178
35_0_1_20170116011302449.jpg,35,Male,0,Black,1,20170116011302449
26_1_0_20170117091431823.jpg,26,Female,1,White,0,20170117091431823
37_0_1_20170117164236409.jpg,37,Male,0,Black,1,20170117164236409
72_0_3_20170109150847004.jpg,72,Male,0,Indian,3,20170109150847004
60_1_1_20170112230424534.jpg,60,Female,1,Black,1,20170112230424534
8_1_0_20170109202405671.jpg,8,Female,1,White,0,20170109202405671
24_1_2_20170116165442037.jpg,24,Female,1,Asian,2,20170116165442037
54_1_0_20170110160643344.jpg,54,Female,1,White,0,20170110160643344
62_1_2_20170116191832323.jpg,62,Female,1,Asian,2,20170116191832323
20_1_3_20170119144712261.jpg,20,Female,1,Indian,3,20170119144712261
3_0_2_20161219204644036.jpg,3,Male,0,Asian,2,20161219204644036
25_1_1_20170114031711223.jpg,25,Female,1,Black,1,20170114031711223
24_1_2_20170116174403364.jpg,24,Female,1,Asian,2,20170116174403364
22_1_1_20170112230703798.jpg,22,Female,1,Black,1,20170112230703798
32_1_4_20170116201655721.jpg,32,Female,1,Others,4,20170116201655721
14_0_0_20170110232319481.jpg,14,Male,0,White,0,20170110232319481
23_0_0_20170104004006925.jpg,23,Male,0,White,0,20170104004006925
36_1_1_20170113010431887.jpg,36,Female,1,Black,1,20170113010431887
54_1_0_20170117191534338.jpg,54,Female,1,White,0,20170117191534338
32_1_0_20170117121846946.jpg,32,Female,1,White,0,20170117121846946
3_1_3_20161219225754439.jpg,3,Female,1,Indian,3,20161219225754439
26_1_3_20170104222841167.jpg,26,Female,1,Indian,3,20170104222841167
26_1_2_20170116184051103.jpg,26,Female,1,Asian,2,20170116184051103
28_0_3_20170105175516710.jpg,28,Male,0,Indian,3,20170105175516710
50_0_3_20170119205421127.jpg,50,Male,0,Indian,3,20170119205421127
49_1_1_20170112235151889.jpg,49,Female,1,Black,1,20170112235151889
29_1_2_20170116191203271.jpg,29,Female,1,Asian,2,20170116191203271
40_0_4_20170104202246139.jpg,40,Male,0,Others,4,20170104202246139
52_0_0_20170104211725300.jpg,52,Male,0,White,0,20170104211725300
39_0_0_20170113134725338.jpg,39,Male,0,White,0,20170113134725338
7_1_4_20170103201832231.jpg,7,Female,1,Others,4,20170103201832231
25_0_3_20170119171304336.jpg,25,Male,0,Indian,3,20170119171304336
53_0_0_20170104212139332.jpg,53,Male,0,White,0,20170104212139332
25_1_3_20170104222513085.jpg,25,Female,1,Indian,3,20170104222513085
37_1_0_20170104171729234.jpg,37,Female,1,White,0,20170104171729234
36_1_1_20170113195419453.jpg,36,Female,1,Black,1,20170113195419453
43_1_1_20170113013019161.jpg,43,Female,1,Black,1,20170113013019161
22_0_2_20170116172455828.jpg,22,Male,0,Asian,2,20170116172455828
22_1_0_20170105002545990.jpg,22,Female,1,White,0,20170105002545990
32_0_1_20170113174103202.jpg,32,Male,0,Black,1,20170113174103202
14_0_0_20170110231557039.jpg,14,Male,0,White,0,20170110231557039
38_0_1_20170113142113619.jpg,38,Male,0,Black,1,20170113142113619
40_1_0_20170117154646262.jpg,40,Female,1,White,0,20170117154646262
54_1_1_20170117141758139.jpg,54,Female,1,Black,1,20170117141758139
74_0_0_20170111211030017.jpg,74,Male,0,White,0,20170111211030017
42_1_0_20170117154907268.jpg,42,Female,1,White,0,20170117154907268
20_1_0_20170117133854316.jpg,20,Female,1,White,0,20170117133854316
50_0_3_20170119205545190.jpg,50,Male,0,Indian,3,20170119205545190
65_0_1_20170117191610001.jpg,65,Male,0,Black,1,20170117191610001
83_0_0_20170120225615281.jpg,83,Male,0,White,0,20170120225615281
39_1_3_20170109141053796.jpg,39,Female,1,Indian,3,20170109141053796
55_1_3_20170119175053900.jpg,55,Female,1,Indian,3,20170119175053900
26_1_3_20170119180953860.jpg,26,Female,1,Indian,3,20170119180953860
26_0_1_20170117195912668.jpg,26,Male,0,Black,1,20170117195912668
32_1_3_20170119200439598.jpg,32,Female,1,Indian,3,20170119200439598
24_0_1_20170117130104056.jpg,24,Male,0,Black,1,20170117130104056
27_1_2_20170116163614840.jpg,27,Female,1,Asian,2,20170116163614840
26_0_3_20170117153400030.jpg,26,Male,0,Indian,3,20170117153400030
75_1_0_20170110181054680.jpg,75,Female,1,White,0,20170110181054680
28_1_1_20170116171225686.jpg,28,Female,1,Black,1,20170116171225686
37_0_3_20170109141925516.jpg,37,Male,0,Indian,3,20170109141925516
34_0_3_20170119200600229.jpg,34,Male,0,Indian,3,20170119200600229
26_0_1_20170116182114342.jpg,26,Male,0,Black,1,20170116182114342
18_1_3_20170119155644533.jpg,18,Female,1,Indian,3,20170119155644533
28_1_0_20170119155143777.jpg,28,Female,1,White,0,20170119155143777
24_1_4_20170116220449622.jpg,24,Female,1,Others,4,20170116220449622
26_0_3_20170119180459012.jpg,26,Male,0,Indian,3,20170119180459012
31_1_0_20170103182528433.jpg,31,Female,1,White,0,20170103182528433
45_0_3_20170119201729135.jpg,45,Male,0,Indian,3,20170119201729135
45_0_3_20170119202030421.jpg,45,Male,0,Indian,3,20170119202030421
35_1_1_20170117142925468.jpg,35,Female,1,Black,1,20170117142925468
26_1_3_20170117153712926.jpg,26,Female,1,Indian,3,20170117153712926
6_1_2_20161219205748924.jpg,6,Female,1,Asian,2,20161219205748924
80_1_0_20170110131953974.jpg,80,Female,1,White,0,20170110131953974
66_1_4_20170117091830720.jpg,66,Female,1,Others,4,20170117091830720
24_1_2_20170116171638407.jpg,24,Female,1,Asian,2,20170116171638407
46_0_0_20170117190211346.jpg,46,Male,0,White,0,20170117190211346
25_1_1_20170112235102049.jpg,25,Female,1,Black,1,20170112235102049
39_0_0_20170117121745777.jpg,39,Male,0,White,0,20170117121745777
26_0_0_20170116224934139.jpg,26,Male,0,White,0,20170116224934139
45_1_0_20170109142531078.jpg,45,Female,1,White,0,20170109142531078
28_0_3_20170119194513954.jpg,28,Male,0,Indian,3,20170119194513954
40_0_0_20170104181301060.jpg,40,Male,0,White,0,20170104181301060
35_0_0_20170117135012246.jpg,35,Male,0,White,0,20170117135012246
70_0_3_20161220221943042.jpg,70,Male,0,Indian,3,20161220221943042
1_0_0_20170110213104570.jpg,1,Male,0,White,0,20170110213104570
67_0_1_20170117190207133.jpg,67,Male,0,Black,1,20170117190207133
35_0_3_20170119201448301.jpg,35,Male,0,Indian,3,20170119201448301
27_0_1_20170117005928329.jpg,27,Male,0,Black,1,20170117005928329
96_1_2_20170110175716420.jpg,96,Female,1,Asian,2,20170110175716420
28_0_2_20170117020805001.jpg,28,Male,0,Asian,2,20170117020805001
3_0_3_20161220222209691.jpg,3,Male,0,Indian,3,20161220222209691
44_1_1_20170113011544238.jpg,44,Female,1,Black,1,20170113011544238
32_0_1_20170113151518431.jpg,32,Male,0,Black,1,20170113151518431
50_0_0_20170117135537508.jpg,50,Male,0,White,0,20170117135537508
24_1_3_20170119171103008.jpg,24,Female,1,Indian,3,20170119171103008
10_0_0_20170110225252799.jpg,10,Male,0,White,0,20170110225252799
40_0_2_20170116181243263.jpg,40,Male,0,Asian,2,20170116181243263
28_0_1_20170117015454368.jpg,28,Male,0,Black,1,20170117015454368
24_1_0_20170116000527997.jpg,24,Female,1,White,0,20170116000527997
28_0_1_20170116002900246.jpg,28,Male,0,Black,1,20170116002900246
16_1_3_20170104223545496.jpg,16,Female,1,Indian,3,20170104223545496
27_0_1_20170119193355931.jpg,27,Male,0,Black,1,20170119193355931
24_1_0_20170117194955099.jpg,24,Female,1,White,0,20170117194955099
25_1_4_20170117151122740.jpg,25,Female,1,Others,4,20170117151122740
2_0_2_20161219163447671.jpg,2,Male,0,Asian,2,20161219163447671
25_0_0_20170116213542860.jpg,25,Male,0,White,0,20170116213542860
39_1_1_20170112234541208.jpg,39,Female,1,Black,1,20170112234541208
73_0_0_20170111221751463.jpg,73,Male,0,White,0,20170111221751463
1_1_3_20161220143222430.jpg,1,Female,1,Indian,3,20161220143222430
34_1_3_20170104235039092.jpg,34,Female,1,Indian,3,20170104235039092
37_0_3_20170119202425238.jpg,37,Male,0,Indian,3,20170119202425238
1_1_0_20170109191518278.jpg,1,Female,1,White,0,20170109191518278
24_1_2_20170116163702026.jpg,24,Female,1,Asian,2,20170116163702026
28_0_0_20170117133953048.jpg,28,Male,0,White,0,20170117133953048
28_1_2_20170116165125979.jpg,28,Female,1,Asian,2,20170116165125979
26_1_1_20170113000334730.jpg,26,Female,1,Black,1,20170113000334730
42_0_0_20170105172318206.jpg,42,Male,0,White,0,20170105172318206
55_0_0_20170120222449816.jpg,55,Male,0,White,0,20170120222449816
18_1_0_20170109214215051.jpg,18,Female,1,White,0,20170109214215051
3_0_2_20161219221758967.jpg,3,Male,0,Asian,2,20161219221758967
26_1_0_20170116232337954.jpg,26,Female,1,White,0,20170116232337954
32_0_1_20170116010902960.jpg,32,Male,0,Black,1,20170116010902960
43_1_0_20170103183401202.jpg,43,Female,1,White,0,20170103183401202
45_1_0_20170111182452911.jpg,45,Female,1,White,0,20170111182452911
6_1_1_20170117193241163.jpg,6,Female,1,Black,1,20170117193241163
15_0_0_20170116201240276.jpg,15,Male,0,White,0,20170116201240276
35_0_2_20170117191628620.jpg,35,Male,0,Asian,2,20170117191628620
39_0_2_20170116192520700.jpg,39,Male,0,Asian,2,20170116192520700
56_1_3_20170109132319407.jpg,56,Female,1,Indian,3,20170109132319407
36_1_1_20170116011443442.jpg,36,Female,1,Black,1,20170116011443442
3_1_2_20161219141511144.jpg,3,Female,1,Asian,2,20161219141511144
49_1_1_20170116003307142.jpg,49,Female,1,Black,1,20170116003307142
4_1_2_20161219195305787.jpg,4,Female,1,Asian,2,20161219195305787
40_0_0_20170117131221514.jpg,40,Male,0,White,0,20170117131221514
26_0_0_20170116233047853.jpg,26,Male,0,White,0,20170116233047853
30_0_0_20170117142922282.jpg,30,Male,0,White,0,20170117142922282
11_1_0_20170109205211093.jpg,11,Female,1,White,0,20170109205211093
24_0_2_20170116170619319.jpg,24,Male,0,Asian,2,20170116170619319
16_1_4_20170103233333235.jpg,16,Female,1,Others,4,20170103233333235
64_0_0_20170117155540137.jpg,64,Male,0,White,0,20170117155540137
23_1_1_20170114030249007.jpg,23,Female,1,Black,1,20170114030249007
67_1_0_20170120223746014.jpg,67,Female,1,White,0,20170120223746014
27_1_2_20170116173022576.jpg,27,Female,1,Asian,2,20170116173022576
58_1_0_20170109150657263.jpg,58,Female,1,White,0,20170109150657263
1_0_2_20161219200532811.jpg,1,Male,0,Asian,2,20161219200532811
50_0_0_20170104170550929.jpg,50,Male,0,White,0,20170104170550929
24_1_2_20170116171007400.jpg,24,Female,1,Asian,2,20170116171007400
18_0_1_20170113132629362.jpg,18,Male,0,Black,1,20170113132629362
34_0_1_20170117141346326.jpg,34,Male,0,Black,1,20170117141346326
45_0_0_20170120220923483.jpg,45,Male,0,White,0,20170120220923483
34_1_1_20170116020412962.jpg,34,Female,1,Black,1,20170116020412962
24_1_3_20170117164656711.jpg,24,Female,1,Indian,3,20170117164656711
53_0_0_20170104184614982.jpg,53,Male,0,White,0,20170104184614982
25_1_2_20170116175320721.jpg,25,Female,1,Asian,2,20170116175320721
35_0_3_20170104215607486.jpg,35,Male,0,Indian,3,20170104215607486
32_0_0_20170104202221514.jpg,32,Male,0,White,0,20170104202221514
52_0_2_20170117161035782.jpg,52,Male,0,Asian,2,20170117161035782
25_1_0_20170117203811656.jpg,25,Female,1,White,0,20170117203811656
52_0_0_20170117154856649.jpg,52,Male,0,White,0,20170117154856649
27_0_0_20170117120549066.jpg,27,Male,0,White,0,20170117120549066
56_1_0_20170117172544019.jpg,56,Female,1,White,0,20170117172544019
3_1_1_20170109194603673.jpg,3,Female,1,Black,1,20170109194603673
30_0_0_20170117151539963.jpg,30,Male,0,White,0,20170117151539963
12_0_0_20170117133903517.jpg,12,Male,0,White,0,20170117133903517
57_0_0_20170117172537601.jpg,57,Male,0,White,0,20170117172537601
28_1_3_20170109134902771.jpg,28,Female,1,Indian,3,20170109134902771
20_1_1_20170112191230798.jpg,20,Female,1,Black,1,20170112191230798
17_1_4_20170103201233799.jpg,17,Female,1,Others,4,20170103201233799
35_1_3_20170117173702817.jpg,35,Female,1,Indian,3,20170117173702817
40_0_2_20170116191354067.jpg,40,Male,0,Asian,2,20170116191354067
1_0_3_20161220144425181.jpg,1,Male,0,Indian,3,20161220144425181
54_0_0_20170117171233580.jpg,54,Male,0,White,0,20170117171233580
25_1_3_20170117142257810.jpg,25,Female,1,Indian,3,20170117142257810
26_1_2_20170116180655987.jpg,26,Female,1,Asian,2,20170116180655987
26_1_1_20170116170901103.jpg,26,Female,1,Black,1,20170116170901103
82_0_0_20170111222354407.jpg,82,Male,0,White,0,20170111222354407
39_1_0_20170104205624580.jpg,39,Female,1,White,0,20170104205624580
42_1_0_20170104174238714.jpg,42,Female,1,White,0,20170104174238714
29_0_1_20170117104606138.jpg,29,Male,0,Black,1,20170117104606138
35_1_0_20170117092559828.jpg,35,Female,1,White,0,20170117092559828
35_1_2_20170116175203095.jpg,35,Female,1,Asian,2,20170116175203095
1_0_0_20170110213138878.jpg,1,Male,0,White,0,20170110213138878
85_1_0_20170120222302478.jpg,85,Female,1,White,0,20170120222302478
27_1_4_20170116211825926.jpg,27,Female,1,Others,4,20170116211825926
60_0_2_20170116193528583.jpg,60,Male,0,Asian,2,20170116193528583
27_0_4_20170117191142869.jpg,27,Male,0,Others,4,20170117191142869
40_0_0_20170116232837710.jpg,40,Male,0,White,0,20170116232837710
37_0_2_20170117140013545.jpg,37,Male,0,Asian,2,20170117140013545
24_1_0_20170116215712426.jpg,24,Female,1,White,0,20170116215712426
36_1_0_20170113000608163.jpg,36,Female,1,White,0,20170113000608163
47_0_0_20170109010047327.jpg,47,Male,0,White,0,20170109010047327
34_1_1_20170112234456968.jpg,34,Female,1,Black,1,20170112234456968
1_0_0_20170110213327766.jpg,1,Male,0,White,0,20170110213327766
30_0_3_20170119162644734.jpg,30,Male,0,Indian,3,20170119162644734
1_0_2_20161219155855829.jpg,1,Male,0,Asian,2,20161219155855829
49_0_0_20170104212545028.jpg,49,Male,0,White,0,20170104212545028
12_1_0_20170102234723371.jpg,12,Female,1,White,0,20170102234723371
1_1_4_20161221193732358.jpg,1,Female,1,Others,4,20161221193732358
2_0_3_20161219224848808.jpg,2,Male,0,Indian,3,20161219224848808
55_0_0_20170120222934130.jpg,55,Male,0,White,0,20170120222934130
40_0_0_20170117192150908.jpg,40,Male,0,White,0,20170117192150908
1_0_4_20161221201458610.jpg,1,Male,0,Others,4,20161221201458610
28_0_0_20170116212053311.jpg,28,Male,0,White,0,20170116212053311
40_0_0_20170117185304858.jpg,40,Male,0,White,0,20170117185304858
50_0_3_20170119171601064.jpg,50,Male,0,Indian,3,20170119171601064
2_0_2_20161219161046894.jpg,2,Male,0,Asian,2,20161219161046894
23_1_0_20170116221812669.jpg,23,Female,1,White,0,20170116221812669
92_1_0_20170110182402526.jpg,92,Female,1,White,0,20170110182402526
52_1_0_20170110131852751.jpg,52,Female,1,White,0,20170110131852751
85_1_0_20170110175649821.jpg,85,Female,1,White,0,20170110175649821
1_1_4_20161221201846817.jpg,1,Female,1,Others,4,20161221201846817
28_1_0_20170103182323771.jpg,28,Female,1,White,0,20170103182323771
48_1_0_20170110154607979.jpg,48,Female,1,White,0,20170110154607979
28_0_0_20170117180626585.jpg,28,Male,0,White,0,20170117180626585
30_0_2_20170116193710051.jpg,30,Male,0,Asian,2,20170116193710051
65_1_0_20170117173004744.jpg,65,Female,1,White,0,20170117173004744
6_1_0_20170109193725492.jpg,6,Female,1,White,0,20170109193725492
3_0_0_20170110213136600.jpg,3,Male,0,White,0,20170110213136600
26_1_0_20170119211348122.jpg,26,Female,1,White,0,20170119211348122
79_0_0_20170111222200062.jpg,79,Male,0,White,0,20170111222200062
45_1_0_20170117174646542.jpg,45,Female,1,White,0,20170117174646542
15_0_4_20170104011201568.jpg,15,Male,0,Others,4,20170104011201568
40_1_4_20170103230416025.jpg,40,Female,1,Others,4,20170103230416025
35_1_0_20170103163453110.jpg,35,Female,1,White,0,20170103163453110
35_0_3_20170109140717487.jpg,35,Male,0,Indian,3,20170109140717487
30_0_2_20170117134906136.jpg,30,Male,0,Asian,2,20170117134906136
1_0_2_20161219204653181.jpg,1,Male,0,Asian,2,20161219204653181
32_1_0_20170117092300323.jpg,32,Female,1,White,0,20170117092300323
66_1_0_20170117175408412.jpg,66,Female,1,White,0,20170117175408412
29_1_3_20170104214540068.jpg,29,Female,1,Indian,3,20170104214540068
78_0_0_20170120223021915.jpg,78,Male,0,White,0,20170120223021915
26_0_2_20170116180219752.jpg,26,Male,0,Asian,2,20170116180219752
29_1_0_20170104172655682.jpg,29,Female,1,White,0,20170104172655682
28_0_1_20170104202028882.jpg,28,Male,0,Black,1,20170104202028882
54_0_1_20170117183527321.jpg,54,Male,0,Black,1,20170117183527321
1_0_0_20161219205145821.jpg,1,Male,0,White,0,20161219205145821
22_0_1_20170114033213586.jpg,22,Male,0,Black,1,20170114033213586
45_1_3_20170104235059987.jpg,45,Female,1,Indian,3,20170104235059987
28_1_4_20170117202552000.jpg,28,Female,1,Others,4,20170117202552000
21_1_4_20170103223150726.jpg,21,Female,1,Others,4,20170103223150726
12_1_3_20170104223448631.jpg,12,Female,1,Indian,3,20170104223448631
35_0_1_20170117143139491.jpg,35,Male,0,Black,1,20170117143139491
3_0_3_20161220145539630.jpg,3,Male,0,Indian,3,20161220145539630
16_0_0_20170110231919941.jpg,16,Male,0,White,0,20170110231919941
43_1_1_20170117010132729.jpg,43,Female,1,Black,1,20170117010132729
26_0_1_20170116182128259.jpg,26,Male,0,Black,1,20170116182128259
26_1_4_20170103225002166.jpg,26,Female,1,Others,4,20170103225002166
75_0_2_20170112211826867.jpg,75,Male,0,Asian,2,20170112211826867
1_0_0_20161219194756275.jpg,1,Male,0,White,0,20161219194756275
29_0_0_20170117094750881.jpg,29,Male,0,White,0,20170117094750881
25_1_1_20170116003157389.jpg,25,Female,1,Black,1,20170116003157389
26_1_0_20170113012122280.jpg,26,Female,1,White,0,20170113012122280
28_0_3_20170119211807137.jpg,28,Male,0,Indian,3,20170119211807137
25_0_3_20170119171618146.jpg,25,Male,0,Indian,3,20170119171618146
35_0_3_20170104220303838.jpg,35,Male,0,Indian,3,20170104220303838
20_0_0_20170113180905699.jpg,20,Male,0,White,0,20170113180905699
68_0_0_20170117172347609.jpg,68,Male,0,White,0,20170117172347609
26_1_1_20170116231925419.jpg,26,Female,1,Black,1,20170116231925419
56_0_2_20170112205301691.jpg,56,Male,0,Asian,2,20170112205301691
21_1_4_20170117193754349.jpg,21,Female,1,Others,4,20170117193754349
23_1_4_20170117194147485.jpg,23,Female,1,Others,4,20170117194147485
24_1_3_20170104232305465.jpg,24,Female,1,Indian,3,20170104232305465
64_1_0_20170110140833569.jpg,64,Female,1,White,0,20170110140833569
26_0_3_20170117154317645.jpg,26,Male,0,Indian,3,20170117154317645
32_0_1_20170113152011361.jpg,32,Male,0,Black,1,20170113152011361
16_0_0_20170110232647979.jpg,16,Male,0,White,0,20170110232647979
32_0_0_20170116191447918.jpg,32,Male,0,White,0,20170116191447918
25_0_0_20170117140540912.jpg,25,Male,0,White,0,20170117140540912
29_0_0_20170113210605445.jpg,29,Male,0,White,0,20170113210605445
25_1_2_20170104021040316.jpg,25,Female,1,Asian,2,20170104021040316
80_0_2_20170112205309435.jpg,80,Male,0,Asian,2,20170112205309435
40_0_1_20170113141623772.jpg,40,Male,0,Black,1,20170113141623772
25_0_3_20170119171615136.jpg,25,Male,0,Indian,3,20170119171615136
36_1_1_20170113000937962.jpg,36,Female,1,Black,1,20170113000937962
47_0_3_20170109142337247.jpg,47,Male,0,Indian,3,20170109142337247
26_0_4_20170117200446422.jpg,26,Male,0,Others,4,20170117200446422
15_1_0_20170109204314585.jpg,15,Female,1,White,0,20170109204314585
50_0_3_20170119203909752.jpg,50,Male,0,Indian,3,20170119203909752
24_1_2_20170116173430041.jpg,24,Female,1,Asian,2,20170116173430041
23_1_3_20170119164550198.jpg,23,Female,1,Indian,3,20170119164550198
24_1_3_20170104222753607.jpg,24,Female,1,Indian,3,20170104222753607
53_1_0_20170110154320128.jpg,53,Female,1,White,0,20170110154320128
88_1_0_20170110183756051.jpg,88,Female,1,White,0,20170110183756051
32_1_1_20170117140943466.jpg,32,Female,1,Black,1,20170117140943466
35_0_0_20170117182947982.jpg,35,Male,0,White,0,20170117182947982
61_0_1_20170111170127865.jpg,61,Male,0,Black,1,20170111170127865
27_1_2_20170116170956198.jpg,27,Female,1,Asian,2,20170116170956198
36_1_0_20170116003333930.jpg,36,Female,1,White,0,20170116003333930
17_1_0_20170109214008165.jpg,17,Female,1,White,0,20170109214008165
40_0_1_20170116003656859.jpg,40,Male,0,Black,1,20170116003656859
40_0_0_20170116235455068.jpg,40,Male,0,White,0,20170116235455068
3_0_3_20161220145012367.jpg,3,Male,0,Indian,3,20161220145012367
62_1_1_20170113013045520.jpg,62,Female,1,Black,1,20170113013045520
22_1_0_20170109213059848.jpg,22,Female,1,White,0,20170109213059848
65_0_2_20170112223820339.jpg,65,Male,0,Asian,2,20170112223820339
15_0_0_20170110232655904.jpg,15,Male,0,White,0,20170110232655904
40_1_1_20170117000145761.jpg,40,Female,1,Black,1,20170117000145761
61_0_0_20170120225132849.jpg,61,Male,0,White,0,20170120225132849
18_0_0_20170117140126568.jpg,18,Male,0,White,0,20170117140126568
40_1_1_20170113001152068.jpg,40,Female,1,Black,1,20170113001152068
32_0_1_20170113185204177.jpg,32,Male,0,Black,1,20170113185204177
1_0_2_20161219155542229.jpg,1,Male,0,Asian,2,20161219155542229
14_1_0_20170109214440556.jpg,14,Female,1,White,0,20170109214440556
86_1_0_20170110183616456.jpg,86,Female,1,White,0,20170110183616456
70_1_1_20170120223544080.jpg,70,Female,1,Black,1,20170120223544080
30_1_0_20170117140139022.jpg,30,Female,1,White,0,20170117140139022
42_0_0_20170117154747738.jpg,42,Male,0,White,0,20170117154747738
60_0_0_20170111204805716.jpg,60,Male,0,White,0,20170111204805716
53_0_0_20170117190948203.jpg,53,Male,0,White,0,20170117190948203
39_0_3_20170119194600707.jpg,39,Male,0,Indian,3,20170119194600707
25_1_0_20170117140138784.jpg,25,Female,1,White,0,20170117140138784
28_1_0_20170117180708809.jpg,28,Female,1,White,0,20170117180708809
26_1_4_20170116154322277.jpg,26,Female,1,Others,4,20170116154322277
51_0_3_20170104220403390.jpg,51,Male,0,Indian,3,20170104220403390
27_1_1_20170112234238832.jpg,27,Female,1,Black,1,20170112234238832
45_1_0_20170103181133961.jpg,45,Female,1,White,0,20170103181133961
57_0_3_20170119183926056.jpg,57,Male,0,Indian,3,20170119183926056
26_0_0_20170117114657664.jpg,26,Male,0,White,0,20170117114657664
24_1_2_20170116174534993.jpg,24,Female,1,Asian,2,20170116174534993
35_1_0_20170117182819269.jpg,35,Female,1,White,0,20170117182819269
63_0_0_20170120223438029.jpg,63,Male,0,White,0,20170120223438029
26_0_4_20170104165424576.jpg,26,Male,0,Others,4,20170104165424576
37_0_0_20170117171523531.jpg,37,Male,0,White,0,20170117171523531
82_0_2_20170112224024582.jpg,82,Male,0,Asian,2,20170112224024582
53_0_0_20170117163705002.jpg,53,Male,0,White,0,20170117163705002
22_1_4_20170103233328523.jpg,22,Female,1,Others,4,20170103233328523
4_0_0_20170110211454141.jpg,4,Male,0,White,0,20170110211454141
16_1_2_20170116162343874.jpg,16,Female,1,Asian,2,20170116162343874
61_0_0_20170113185456409.jpg,61,Male,0,White,0,20170113185456409
1_0_2_20161219140929864.jpg,1,Male,0,Asian,2,20161219140929864
17_0_0_20170110231605793.jpg,17,Male,0,White,0,20170110231605793
26_0_1_20170116143035440.jpg,26,Male,0,Black,1,20170116143035440
36_0_2_20170116191934567.jpg,36,Male,0,Asian,2,20170116191934567
74_1_0_20170110122923277.jpg,74,Female,1,White,0,20170110122923277
1_0_3_20161219225032897.jpg,1,Male,0,Indian,3,20161219225032897
31_1_1_20170116234434494.jpg,31,Female,1,Black,1,20170116234434494
39_1_0_20170105002727282.jpg,39,Female,1,White,0,20170105002727282
61_0_1_20170113161234148.jpg,61,Male,0,Black,1,20170113161234148
39_0_2_20170104202510657.jpg,39,Male,0,Asian,2,20170104202510657
20_0_4_20170117193424333.jpg,20,Male,0,Others,4,20170117193424333
17_1_0_20170117140619087.jpg,17,Female,1,White,0,20170117140619087
63_0_0_20170120225659313.jpg,63,Male,0,White,0,20170120225659313
49_0_4_20170104210601356.jpg,49,Male,0,Others,4,20170104210601356
16_0_0_20170110232108336.jpg,16,Male,0,White,0,20170110232108336
26_0_4_20170117154033686.jpg,26,Male,0,Others,4,20170117154033686
36_0_1_20170113182511607.jpg,36,Male,0,Black,1,20170113182511607
17_0_1_20170117103419741.jpg,17,Male,0,Black,1,20170117103419741
28_0_1_20170113151347800.jpg,28,Male,0,Black,1,20170113151347800
35_0_0_20170105165146660.jpg,35,Male,0,White,0,20170105165146660
21_0_1_20170113180920187.jpg,21,Male,0,Black,1,20170113180920187
3_0_1_20170119145547519.jpg,3,Male,0,Black,1,20170119145547519
29_1_1_20170117123810096.jpg,29,Female,1,Black,1,20170117123810096
15_1_1_20170112230538604.jpg,15,Female,1,Black,1,20170112230538604
35_0_0_20170117175758802.jpg,35,Male,0,White,0,20170117175758802
69_1_0_20170110141527783.jpg,69,Female,1,White,0,20170110141527783
26_0_2_20170116182621915.jpg,26,Male,0,Asian,2,20170116182621915
29_0_4_20170116210407115.jpg,29,Male,0,Others,4,20170116210407115
24_1_1_20170113005327119.jpg,24,Female,1,Black,1,20170113005327119
25_0_3_20170119171302287.jpg,25,Male,0,Indian,3,20170119171302287
35_1_2_20170116164633129.jpg,35,Female,1,Asian,2,20170116164633129
55_0_0_20170117185642242.jpg,55,Male,0,White,0,20170117185642242
69_1_0_20170110122444118.jpg,69,Female,1,White,0,20170110122444118
46_1_0_20170104235246210.jpg,46,Female,1,White,0,20170104235246210
90_0_0_20170111224014347.jpg,90,Male,0,White,0,20170111224014347
26_0_4_20170103235328516.jpg,26,Male,0,Others,4,20170103235328516
43_1_0_20170103183352530.jpg,43,Female,1,White,0,20170103183352530
65_0_1_20170120223219484.jpg,65,Male,0,Black,1,20170120223219484
28_0_1_20170116203348523.jpg,28,Male,0,Black,1,20170116203348523
32_0_3_20170117154217366.jpg,32,Male,0,Indian,3,20170117154217366
56_0_1_20170120223802390.jpg,56,Male,0,Black,1,20170120223802390
41_0_1_20170116183322571.jpg,41,Male,0,Black,1,20170116183322571
85_1_0_20170110184025360.jpg,85,Female,1,White,0,20170110184025360
18_1_1_20170109212551451.jpg,18,Female,1,Black,1,20170109212551451
27_1_1_20170116022001556.jpg,27,Female,1,Black,1,20170116022001556
20_1_3_20170104231456714.jpg,20,Female,1,Indian,3,20170104231456714
26_1_2_20170116180506806.jpg,26,Female,1,Asian,2,20170116180506806
27_1_1_20170113012427688.jpg,27,Female,1,Black,1,20170113012427688
33_1_3_20170104235523490.jpg,33,Female,1,Indian,3,20170104235523490
26_1_1_20170116222824108.jpg,26,Female,1,Black,1,20170116222824108
38_1_3_20170104214200582.jpg,38,Female,1,Indian,3,20170104214200582
19_1_3_20170104221847479.jpg,19,Female,1,Indian,3,20170104221847479
22_1_4_20170103223419073.jpg,22,Female,1,Others,4,20170103223419073
23_1_0_20170112234128328.jpg,23,Female,1,White,0,20170112234128328
27_1_0_20170117120644558.jpg,27,Female,1,White,0,20170117120644558
30_0_0_20170119180216577.jpg,30,Male,0,White,0,20170119180216577
1_0_3_20161219224942305.jpg,1,Male,0,Indian,3,20161219224942305
13_0_0_20170110225717809.jpg,13,Male,0,White,0,20170110225717809
28_1_1_20170116000515902.jpg,28,Female,1,Black,1,20170116000515902
75_1_0_20170110154312939.jpg,75,Female,1,White,0,20170110154312939
37_0_0_20170116201223316.jpg,37,Male,0,White,0,20170116201223316
38_0_0_20170104205607908.jpg,38,Male,0,White,0,20170104205607908
19_0_2_20170116212031170.jpg,19,Male,0,Asian,2,20170116212031170
32_1_1_20170113012217433.jpg,32,Female,1,Black,1,20170113012217433
36_0_3_20170119144131781.jpg,36,Male,0,Indian,3,20170119144131781
27_1_4_20170103235051403.jpg,27,Female,1,Others,4,20170103235051403
64_1_0_20170110131514547.jpg,64,Female,1,White,0,20170110131514547
14_0_0_20170110224519294.jpg,14,Male,0,White,0,20170110224519294
20_1_1_20170113005427278.jpg,20,Female,1,Black,1,20170113005427278
23_1_3_20170104231559289.jpg,23,Female,1,Indian,3,20170104231559289
50_1_1_20170117133207717.jpg,50,Female,1,Black,1,20170117133207717
42_0_3_20170105175336870.jpg,42,Male,0,Indian,3,20170105175336870
52_0_0_20170104210519108.jpg,52,Male,0,White,0,20170104210519108
38_1_1_20170113001855604.jpg,38,Female,1,Black,1,20170113001855604
23_1_2_20170116173233383.jpg,23,Female,1,Asian,2,20170116173233383
1_1_2_20161219192458643.jpg,1,Female,1,Asian,2,20161219192458643
35_1_0_20170103182720889.jpg,35,Female,1,White,0,20170103182720889
32_1_0_20170103182408417.jpg,32,Female,1,White,0,20170103182408417
26_0_0_20170119180207803.jpg,26,Male,0,White,0,20170119180207803
51_0_0_20170111171747340.jpg,51,Male,0,White,0,20170111171747340
35_0_0_20170117000806885.jpg,35,Male,0,White,0,20170117000806885
17_0_0_20170110231615651.jpg,17,Male,0,White,0,20170110231615651
48_1_1_20170117132631424.jpg,48,Female,1,Black,1,20170117132631424
25_0_1_20170113173633210.jpg,25,Male,0,Black,1,20170113173633210
26_0_3_20170120134528696.jpg,26,Male,0,Indian,3,20170120134528696
15_0_1_20170117135108912.jpg,15,Male,0,Black,1,20170117135108912
27_1_2_20170116172207087.jpg,27,Female,1,Asian,2,20170116172207087
45_0_0_20170117185022457.jpg,45,Male,0,White,0,20170117185022457
34_0_3_20170119171236256.jpg,34,Male,0,Indian,3,20170119171236256
90_1_0_20170120230312163.jpg,90,Female,1,White,0,20170120230312163
29_0_2_20170116190029257.jpg,29,Male,0,Asian,2,20170116190029257
27_1_3_20170119145528477.jpg,27,Female,1,Indian,3,20170119145528477
90_1_0_20170110172628748.jpg,90,Female,1,White,0,20170110172628748
25_1_0_20170116220813532.jpg,25,Female,1,White,0,20170116220813532
8_1_1_20170112211035045.jpg,8,Female,1,Black,1,20170112211035045
23_1_0_20170116221819522.jpg,23,Female,1,White,0,20170116221819522
20_0_0_20170117140705537.jpg,20,Male,0,White,0,20170117140705537
1_1_4_20170109191515501.jpg,1,Female,1,Others,4,20170109191515501
26_0_4_20170117200225399.jpg,26,Male,0,Others,4,20170117200225399
27_0_0_20170117013702526.jpg,27,Male,0,White,0,20170117013702526
52_1_0_20170110143721250.jpg,52,Female,1,White,0,20170110143721250
28_1_1_20170117022211139.jpg,28,Female,1,Black,1,20170117022211139
50_1_0_20170104184846062.jpg,50,Female,1,White,0,20170104184846062
44_0_3_20170119200840702.jpg,44,Male,0,Indian,3,20170119200840702
28_1_0_20170109003005024.jpg,28,Female,1,White,0,20170109003005024
48_0_0_20170117164541702.jpg,48,Male,0,White,0,20170117164541702
61_0_3_20170109015533502.jpg,61,Male,0,Indian,3,20170109015533502
26_0_4_20170117195406973.jpg,26,Male,0,Others,4,20170117195406973
10_1_0_20170103175323250.jpg,10,Female,1,White,0,20170103175323250
38_0_0_20170105163932764.jpg,38,Male,0,White,0,20170105163932764
46_0_3_20170119181358549.jpg,46,Male,0,Indian,3,20170119181358549
23_1_4_20170117194303197.jpg,23,Female,1,Others,4,20170117194303197
29_1_4_20170117202704359.jpg,29,Female,1,Others,4,20170117202704359
30_0_0_20170113011224350.jpg,30,Male,0,White,0,20170113011224350
25_1_1_20170113001625270.jpg,25,Female,1,Black,1,20170113001625270
10_0_0_20170110224416035.jpg,10,Male,0,White,0,20170110224416035
37_0_1_20170117164514945.jpg,37,Male,0,Black,1,20170117164514945
1_0_2_20161219211407518.jpg,1,Male,0,Asian,2,20161219211407518
47_1_0_20170104210658092.jpg,47,Female,1,White,0,20170104210658092
4_0_0_20170110224617729.jpg,4,Male,0,White,0,20170110224617729
1_1_2_20170117192827229.jpg,1,Female,1,Asian,2,20170117192827229
51_0_0_20170109012546903.jpg,51,Male,0,White,0,20170109012546903
1_0_4_20161221192552629.jpg,1,Male,0,Others,4,20161221192552629
92_1_0_20170110182830022.jpg,92,Female,1,White,0,20170110182830022
35_0_0_20170116233443386.jpg,35,Male,0,White,0,20170116233443386
26_0_3_20170119180844118.jpg,26,Male,0,Indian,3,20170119180844118
26_1_1_20170112213031047.jpg,26,Female,1,Black,1,20170112213031047
38_1_1_20170113005018855.jpg,38,Female,1,Black,1,20170113005018855
1_0_0_20161219200250923.jpg,1,Male,0,White,0,20161219200250923
26_1_3_20170117091754898.jpg,26,Female,1,Indian,3,20170117091754898
1_1_1_20170103210044250.jpg,1,Female,1,Black,1,20170103210044250
58_0_0_20170104185324437.jpg,58,Male,0,White,0,20170104185324437
39_1_0_20170104002227438.jpg,39,Female,1,White,0,20170104002227438
1_0_2_20161219204151442.jpg,1,Male,0,Asian,2,20161219204151442
26_0_0_20170113210319024.jpg,26,Male,0,White,0,20170113210319024
1_0_3_20161219230534953.jpg,1,Male,0,Indian,3,20161219230534953
47_0_4_20170104211902412.jpg,47,Male,0,Others,4,20170104211902412
26_1_1_20170116225003486.jpg,26,Female,1,Black,1,20170116225003486
1_0_2_20161219161640358.jpg,1,Male,0,Asian,2,20161219161640358
55_1_0_20170117173517533.jpg,55,Female,1,White,0,20170117173517533
4_0_0_20161220220926474.jpg,4,Male,0,White,0,20161220220926474
30_1_2_20170104021318733.jpg,30,Female,1,Asian,2,20170104021318733
50_0_0_20170117190140770.jpg,50,Male,0,White,0,20170117190140770
25_1_2_20170120133606995.jpg,25,Female,1,Asian,2,20170120133606995
24_1_0_20170112231916526.jpg,24,Female,1,White,0,20170112231916526
63_0_0_20170111200740138.jpg,63,Male,0,White,0,20170111200740138
18_1_0_20170109212914272.jpg,18,Female,1,White,0,20170109212914272
85_0_0_20170111205839209.jpg,85,Male,0,White,0,20170111205839209
26_1_1_20170116160509916.jpg,26,Female,1,Black,1,20170116160509916
3_0_0_20170109191400809.jpg,3,Male,0,White,0,20170109191400809
76_1_0_20170110131744527.jpg,76,Female,1,White,0,20170110131744527
55_0_3_20170119183211767.jpg,55,Male,0,Indian,3,20170119183211767
48_1_1_20170117131013277.jpg,48,Female,1,Black,1,20170117131013277
55_0_0_20170116193520434.jpg,55,Male,0,White,0,20170116193520434
28_0_3_20170119194624019.jpg,28,Male,0,Indian,3,20170119194624019
23_1_2_20170116173106418.jpg,23,Female,1,Asian,2,20170116173106418
75_0_0_20170111204855557.jpg,75,Male,0,White,0,20170111204855557
34_0_3_20170119165755400.jpg,34,Male,0,Indian,3,20170119165755400
43_0_0_20170114034306574.jpg,43,Male,0,White,0,20170114034306574
1_0_2_20161219141908313.jpg,1,Male,0,Asian,2,20161219141908313
55_0_0_20170104212840141.jpg,55,Male,0,White,0,20170104212840141
29_1_0_20170104023330606.jpg,29,Female,1,White,0,20170104023330606
25_1_3_20170104231514978.jpg,25,Female,1,Indian,3,20170104231514978
40_1_2_20170116161916676.jpg,40,Female,1,Asian,2,20170116161916676
48_1_0_20170110154357405.jpg,48,Female,1,White,0,20170110154357405
4_1_0_20170109191952579.jpg,4,Female,1,White,0,20170109191952579
26_1_0_20170105183644799.jpg,26,Female,1,White,0,20170105183644799
40_0_0_20170104201930209.jpg,40,Male,0,White,0,20170104201930209
1_0_3_20161220143114408.jpg,1,Male,0,Indian,3,20161220143114408
39_0_1_20170104204530028.jpg,39,Male,0,Black,1,20170104204530028
24_0_0_20170117150336900.jpg,24,Male,0,White,0,20170117150336900
55_0_0_20170117190748017.jpg,55,Male,0,White,0,20170117190748017
53_0_0_20170117161104318.jpg,53,Male,0,White,0,20170117161104318
15_0_0_20170104012550546.jpg,15,Male,0,White,0,20170104012550546
26_0_0_20170117172704775.jpg,26,Male,0,White,0,20170117172704775
26_0_2_20170116165341590.jpg,26,Male,0,Asian,2,20170116165341590
28_1_0_20170112235141673.jpg,28,Female,1,White,0,20170112235141673
37_1_1_20170116160528038.jpg,37,Female,1,Black,1,20170116160528038
25_1_2_20170116174834599.jpg,25,Female,1,Asian,2,20170116174834599
45_0_1_20170111170148435.jpg,45,Male,0,Black,1,20170111170148435
15_1_4_20170103223416559.jpg,15,Female,1,Others,4,20170103223416559
23_1_0_20170103180451856.jpg,23,Female,1,White,0,20170103180451856
27_0_2_20170105161443219.jpg,27,Male,0,Asian,2,20170105161443219
65_0_0_20170111193809606.jpg,65,Male,0,White,0,20170111193809606
24_1_2_20170119164624877.jpg,24,Female,1,Asian,2,20170119164624877
18_0_1_20170113175555906.jpg,18,Male,0,Black,1,20170113175555906
60_1_0_20170110122826993.jpg,60,Female,1,White,0,20170110122826993
32_0_3_20170119162959965.jpg,32,Male,0,Indian,3,20170119162959965
14_1_1_20170116235127595.jpg,14,Female,1,Black,1,20170116235127595
90_0_2_20170110183643228.jpg,90,Male,0,Asian,2,20170110183643228
32_1_1_20170113001556123.jpg,32,Female,1,Black,1,20170113001556123
58_0_0_20170117193911971.jpg,58,Male,0,White,0,20170117193911971
73_0_0_20170116221650300.jpg,73,Male,0,White,0,20170116221650300
32_1_3_20170109141349200.jpg,32,Female,1,Indian,3,20170109141349200
54_0_3_20170119211310928.jpg,54,Male,0,Indian,3,20170119211310928
38_0_4_20170103230436562.jpg,38,Male,0,Others,4,20170103230436562
50_0_0_20170117172638411.jpg,50,Male,0,White,0,20170117172638411
35_0_0_20170117145704297.jpg,35,Male,0,White,0,20170117145704297
35_1_0_20170103163357623.jpg,35,Female,1,White,0,20170103163357623
26_1_3_20170117174136694.jpg,26,Female,1,Indian,3,20170117174136694
35_0_1_20170113133712152.jpg,35,Male,0,Black,1,20170113133712152
45_0_0_20170117171151786.jpg,45,Male,0,White,0,20170117171151786
26_0_0_20170103235356420.jpg,26,Male,0,White,0,20170103235356420
24_1_2_20170104015726796.jpg,24,Female,1,Asian,2,20170104015726796
23_1_3_20161220222123987.jpg,23,Female,1,Indian,3,20161220222123987
30_0_2_20170116181218736.jpg,30,Male,0,Asian,2,20170116181218736
23_1_0_20170103180412080.jpg,23,Female,1,White,0,20170103180412080
25_1_2_20170116003442393.jpg,25,Female,1,Asian,2,20170116003442393
39_1_3_20170104232838176.jpg,39,Female,1,Indian,3,20170104232838176
26_1_3_20170117174556511.jpg,26,Female,1,Indian,3,20170117174556511
21_0_0_20170117193719188.jpg,21,Male,0,White,0,20170117193719188
36_0_0_20170116182401789.jpg,36,Male,0,White,0,20170116182401789
78_0_0_20170111222257902.jpg,78,Male,0,White,0,20170111222257902
55_0_3_20170117155001317.jpg,55,Male,0,Indian,3,20170117155001317
32_1_2_20170116190137074.jpg,32,Female,1,Asian,2,20170116190137074
40_0_1_20170113135553050.jpg,40,Male,0,Black,1,20170113135553050
29_0_3_20170119183457486.jpg,29,Male,0,Indian,3,20170119183457486
27_0_0_20170102233549947.jpg,27,Male,0,White,0,20170102233549947
36_1_1_20170115235824976.jpg,36,Female,1,Black,1,20170115235824976
16_1_0_20170103201213287.jpg,16,Female,1,White,0,20170103201213287
26_0_1_20170113155031025.jpg,26,Male,0,Black,1,20170113155031025
65_0_1_20170113184830231.jpg,65,Male,0,Black,1,20170113184830231
45_0_2_20170120222541001.jpg,45,Male,0,Asian,2,20170120222541001
31_1_0_20170103182536130.jpg,31,Female,1,White,0,20170103182536130
1_1_2_20161219221915303.jpg,1,Female,1,Asian,2,20161219221915303
26_0_1_20170116010114628.jpg,26,Male,0,Black,1,20170116010114628
56_0_0_20170117174903919.jpg,56,Male,0,White,0,20170117174903919
26_1_0_20170103181948785.jpg,26,Female,1,White,0,20170103181948785
85_0_0_20170117175305485.jpg,85,Male,0,White,0,20170117175305485
18_1_0_20170109213011914.jpg,18,Female,1,White,0,20170109213011914
10_1_0_20170109205003280.jpg,10,Female,1,White,0,20170109205003280
32_0_3_20170119200350788.jpg,32,Male,0,Indian,3,20170119200350788
54_0_3_20170119210215919.jpg,54,Male,0,Indian,3,20170119210215919
50_0_2_20170119205049471.jpg,50,Male,0,Asian,2,20170119205049471
26_0_0_20170117195426941.jpg,26,Male,0,White,0,20170117195426941
10_0_0_20170116201337172.jpg,10,Male,0,White,0,20170116201337172
24_1_3_20170104231953658.jpg,24,Female,1,Indian,3,20170104231953658
36_0_1_20170117163205356.jpg,36,Male,0,Black,1,20170117163205356
1_1_0_20170109190543118.jpg,1,Female,1,White,0,20170109190543118
25_0_3_20170119171550208.jpg,25,Male,0,Indian,3,20170119171550208
25_1_0_20170117140418545.jpg,25,Female,1,White,0,20170117140418545
1_0_4_20161221195827599.jpg,1,Male,0,Others,4,20161221195827599
38_1_1_20170116160907331.jpg,38,Female,1,Black,1,20170116160907331
31_1_1_20170116222821659.jpg,31,Female,1,Black,1,20170116222821659
62_0_2_20170111203953539.jpg,62,Male,0,Asian,2,20170111203953539
27_1_2_20170116163755263.jpg,27,Female,1,Asian,2,20170116163755263
16_0_0_20170104012457770.jpg,16,Male,0,White,0,20170104012457770
31_0_3_20170119195952148.jpg,31,Male,0,Indian,3,20170119195952148
26_0_3_20170104230305945.jpg,26,Male,0,Indian,3,20170104230305945
34_0_3_20170119194902451.jpg,34,Male,0,Indian,3,20170119194902451
17_0_0_20170116205532920.jpg,17,Male,0,White,0,20170116205532920
35_0_0_20170119200917429.jpg,35,Male,0,White,0,20170119200917429
4_1_3_20170119180337725.jpg,4,Female,1,Indian,3,20170119180337725
49_1_1_20170113184406976.jpg,49,Female,1,Black,1,20170113184406976
22_0_1_20170113195511076.jpg,22,Male,0,Black,1,20170113195511076
4_0_0_20170110213441609.jpg,4,Male,0,White,0,20170110213441609
21_1_4_20170103224520560.jpg,21,Female,1,Others,4,20170103224520560
51_0_4_20170104210502395.jpg,51,Male,0,Others,4,20170104210502395
29_1_2_20170105161656203.jpg,29,Female,1,Asian,2,20170105161656203
1_1_4_20161221201836401.jpg,1,Female,1,Others,4,20161221201836401
42_0_0_20170109003533896.jpg,42,Male,0,White,0,20170109003533896
1_1_3_20161220145300279.jpg,1,Female,1,Indian,3,20161220145300279
36_1_0_20170104164857729.jpg,36,Female,1,White,0,20170104164857729
35_1_1_20170112230726789.jpg,35,Female,1,Black,1,20170112230726789
38_0_2_20170116175206365.jpg,38,Male,0,Asian,2,20170116175206365
32_0_2_20170104202252010.jpg,32,Male,0,Asian,2,20170104202252010
90_1_1_20170113184500142.jpg,90,Female,1,Black,1,20170113184500142
58_0_0_20170104212025853.jpg,58,Male,0,White,0,20170104212025853
32_0_0_20170116205924224.jpg,32,Male,0,White,0,20170116205924224
36_0_2_20170105163358596.jpg,36,Male,0,Asian,2,20170105163358596
28_1_0_20170116214208669.jpg,28,Female,1,White,0,20170116214208669
17_1_0_20170109214703699.jpg,17,Female,1,White,0,20170109214703699
45_0_0_20170120221308125.jpg,45,Male,0,White,0,20170120221308125
23_1_4_20161223230013995.jpg,23,Female,1,Others,4,20161223230013995
24_1_1_20170113011157712.jpg,24,Female,1,Black,1,20170113011157712
14_1_4_20170103201225838.jpg,14,Female,1,Others,4,20170103201225838
24_1_2_20170116174521873.jpg,24,Female,1,Asian,2,20170116174521873
44_0_0_20170104210247572.jpg,44,Male,0,White,0,20170104210247572
26_0_4_20170117152500051.jpg,26,Male,0,Others,4,20170117152500051
45_0_0_20170117165202100.jpg,45,Male,0,White,0,20170117165202100
41_1_4_20170117203902928.jpg,41,Female,1,Others,4,20170117203902928
16_0_0_20170110231633585.jpg,16,Male,0,White,0,20170110231633585
26_1_3_20170119192328849.jpg,26,Female,1,Indian,3,20170119192328849
66_0_3_20170119212006015.jpg,66,Male,0,Indian,3,20170119212006015
27_1_3_20170117191505796.jpg,27,Female,1,Indian,3,20170117191505796
25_0_1_20170113142520572.jpg,25,Male,0,Black,1,20170113142520572
17_1_3_20170104223349358.jpg,17,Female,1,Indian,3,20170104223349358
26_0_0_20170105162648388.jpg,26,Male,0,White,0,20170105162648388
1_0_3_20161219225559648.jpg,1,Male,0,Indian,3,20161219225559648
25_1_0_20170104021710995.jpg,25,Female,1,White,0,20170104021710995
26_0_2_20170116182451477.jpg,26,Male,0,Asian,2,20170116182451477
75_0_0_20170111203722942.jpg,75,Male,0,White,0,20170111203722942
26_1_1_20170116160918398.jpg,26,Female,1,Black,1,20170116160918398
46_1_0_20170104235700307.jpg,46,Female,1,White,0,20170104235700307
25_0_1_20170113134142538.jpg,25,Male,0,Black,1,20170113134142538
1_1_0_20170109194038813.jpg,1,Female,1,White,0,20170109194038813
41_1_1_20170117135029687.jpg,41,Female,1,Black,1,20170117135029687
30_0_3_20170117144301762.jpg,30,Male,0,Indian,3,20170117144301762
32_1_1_20170115235050649.jpg,32,Female,1,Black,1,20170115235050649
24_1_2_20170116165631297.jpg,24,Female,1,Asian,2,20170116165631297
32_0_1_20170113141930308.jpg,32,Male,0,Black,1,20170113141930308
36_0_1_20170113134300507.jpg,36,Male,0,Black,1,20170113134300507
64_0_0_20170104183732293.jpg,64,Male,0,White,0,20170104183732293
39_1_0_20170109132505755.jpg,39,Female,1,White,0,20170109132505755
25_1_0_20170103163718321.jpg,25,Female,1,White,0,20170103163718321
16_0_1_20170116214124311.jpg,16,Male,0,Black,1,20170116214124311
45_0_1_20170116142935103.jpg,45,Male,0,Black,1,20170116142935103
36_0_1_20170117163255045.jpg,36,Male,0,Black,1,20170117163255045
61_0_0_20170104212151300.jpg,61,Male,0,White,0,20170104212151300
35_0_3_20170119201337652.jpg,35,Male,0,Indian,3,20170119201337652
26_1_2_20170116184147278.jpg,26,Female,1,Asian,2,20170116184147278
28_1_3_20170119194924075.jpg,28,Female,1,Indian,3,20170119194924075
54_0_2_20170109012851763.jpg,54,Male,0,Asian,2,20170109012851763
20_0_1_20170113132706143.jpg,20,Male,0,Black,1,20170113132706143
35_1_3_20170104235206234.jpg,35,Female,1,Indian,3,20170104235206234
65_1_3_20170119202621117.jpg,65,Female,1,Indian,3,20170119202621117
26_1_3_20170104223054575.jpg,26,Female,1,Indian,3,20170104223054575
30_0_1_20170117202835519.jpg,30,Male,0,Black,1,20170117202835519
37_1_2_20170105172724340.jpg,37,Female,1,Asian,2,20170105172724340
26_0_0_20170117172620391.jpg,26,Male,0,White,0,20170117172620391
31_1_4_20170103230411344.jpg,31,Female,1,Others,4,20170103230411344
1_1_0_20170109190843285.jpg,1,Female,1,White,0,20170109190843285
64_0_0_20170109015151096.jpg,64,Male,0,White,0,20170109015151096
42_0_2_20170112215219256.jpg,42,Male,0,Asian,2,20170112215219256
33_1_0_20170103181937009.jpg,33,Female,1,White,0,20170103181937009
56_0_2_20170119180737540.jpg,56,Male,0,Asian,2,20170119180737540
35_1_1_20170113012820273.jpg,35,Female,1,Black,1,20170113012820273
22_1_1_20170105183837056.jpg,22,Female,1,Black,1,20170105183837056
40_1_1_20170116231256970.jpg,40,Female,1,Black,1,20170116231256970
22_1_4_20170103234706499.jpg,22,Female,1,Others,4,20170103234706499
33_1_1_20170113012052359.jpg,33,Female,1,Black,1,20170113012052359
24_1_4_20170103233956963.jpg,24,Female,1,Others,4,20170103233956963
26_0_4_20170117200025445.jpg,26,Male,0,Others,4,20170117200025445
29_1_1_20170115235932970.jpg,29,Female,1,Black,1,20170115235932970
4_1_2_20161219190541762.jpg,4,Female,1,Asian,2,20161219190541762
26_1_1_20170116162307476.jpg,26,Female,1,Black,1,20170116162307476
65_0_1_20170111205129846.jpg,65,Male,0,Black,1,20170111205129846
24_1_1_20170115234919997.jpg,24,Female,1,Black,1,20170115234919997
1_0_0_20170110213201721.jpg,1,Male,0,White,0,20170110213201721
1_1_2_20161221192810669.jpg,1,Female,1,Asian,2,20161221192810669
2_1_4_20161221201717930.jpg,2,Female,1,Others,4,20161221201717930
29_1_1_20170116231405050.jpg,29,Female,1,Black,1,20170116231405050
1_0_3_20161220222441595.jpg,1,Male,0,Indian,3,20161220222441595
12_1_0_20170109205056743.jpg,12,Female,1,White,0,20170109205056743
58_0_2_20170104212958196.jpg,58,Male,0,Asian,2,20170104212958196
34_1_0_20170117182633942.jpg,34,Female,1,White,0,20170117182633942
10_0_3_20170105175322885.jpg,10,Male,0,Indian,3,20170105175322885
45_1_0_20170117181433644.jpg,45,Female,1,White,0,20170117181433644
20_1_3_20170119153422217.jpg,20,Female,1,Indian,3,20170119153422217
28_1_4_20170117202422103.jpg,28,Female,1,Others,4,20170117202422103
2_1_4_20170103211018347.jpg,2,Female,1,Others,4,20170103211018347
6_1_3_20161220220748274.jpg,6,Female,1,Indian,3,20161220220748274
52_0_0_20170117190847091.jpg,52,Male,0,White,0,20170117190847091
28_0_1_20170113011940681.jpg,28,Male,0,Black,1,20170113011940681
30_0_1_20170117123910079.jpg,30,Male,0,Black,1,20170117123910079
44_0_3_20170119172207729.jpg,44,Male,0,Indian,3,20170119172207729
56_0_1_20170113174020731.jpg,56,Male,0,Black,1,20170113174020731
54_0_0_20170104205516571.jpg,54,Male,0,White,0,20170104205516571
24_1_2_20170116172642345.jpg,24,Female,1,Asian,2,20170116172642345
25_1_0_20170117140238688.jpg,25,Female,1,White,0,20170117140238688
26_0_1_20170113135316041.jpg,26,Male,0,Black,1,20170113135316041
34_1_1_20170116224143264.jpg,34,Female,1,Black,1,20170116224143264
9_1_3_20161219225144784.jpg,9,Female,1,Indian,3,20161219225144784
62_0_1_20170117183848283.jpg,62,Male,0,Black,1,20170117183848283
1_1_2_20161219155922221.jpg,1,Female,1,Asian,2,20161219155922221
36_0_0_20170104201153985.jpg,36,Male,0,White,0,20170104201153985
58_0_0_20170111204759653.jpg,58,Male,0,White,0,20170111204759653
42_0_3_20170119171532128.jpg,42,Male,0,Indian,3,20170119171532128
54_0_2_20170109010628431.jpg,54,Male,0,Asian,2,20170109010628431
42_1_0_20170116221807908.jpg,42,Female,1,White,0,20170116221807908
30_1_2_20170116162002429.jpg,30,Female,1,Asian,2,20170116162002429
27_0_0_20170116204122640.jpg,27,Male,0,White,0,20170116204122640
22_1_2_20170116172028415.jpg,22,Female,1,Asian,2,20170116172028415
16_0_0_20170110232012908.jpg,16,Male,0,White,0,20170110232012908
32_0_1_20170113173419142.jpg,32,Male,0,Black,1,20170113173419142
21_1_3_20170119155605098.jpg,21,Female,1,Indian,3,20170119155605098
28_0_1_20170113145417934.jpg,28,Male,0,Black,1,20170113145417934
4_1_3_20161220221856138.jpg,4,Female,1,Indian,3,20161220221856138
8_0_3_20170104225706490.jpg,8,Male,0,Indian,3,20170104225706490
54_1_0_20170103183730785.jpg,54,Female,1,White,0,20170103183730785
1_0_2_20161219200342123.jpg,1,Male,0,Asian,2,20161219200342123
32_1_1_20170113001227602.jpg,32,Female,1,Black,1,20170113001227602
35_0_0_20170119201458029.jpg,35,Male,0,White,0,20170119201458029
32_0_1_20170113001102379.jpg,32,Male,0,Black,1,20170113001102379
27_1_4_20170116180404068.jpg,27,Female,1,Others,4,20170116180404068
38_0_0_20170117120726722.jpg,38,Male,0,White,0,20170117120726722
85_1_2_20170105174405109.jpg,85,Female,1,Asian,2,20170105174405109
39_0_1_20170113141736403.jpg,39,Male,0,Black,1,20170113141736403
24_1_0_20170116215636399.jpg,24,Female,1,White,0,20170116215636399
26_0_0_20170117173447156.jpg,26,Male,0,White,0,20170117173447156
25_0_0_20170104011300160.jpg,25,Male,0,White,0,20170104011300160
24_0_3_20170117145945091.jpg,24,Male,0,Indian,3,20170117145945091
59_1_0_20170110180108013.jpg,59,Female,1,White,0,20170110180108013
56_0_3_20170109142456550.jpg,56,Male,0,Indian,3,20170109142456550
14_1_0_20170109204131257.jpg,14,Female,1,White,0,20170109204131257
24_0_2_20170116161806363.jpg,24,Male,0,Asian,2,20170116161806363
29_1_0_20170103182353753.jpg,29,Female,1,White,0,20170103182353753
15_0_1_20170113151409719.jpg,15,Male,0,Black,1,20170113151409719
36_0_2_20170104203108125.jpg,36,Male,0,Asian,2,20170104203108125
2_0_2_20161219204037716.jpg,2,Male,0,Asian,2,20161219204037716
12_1_0_20170109203709140.jpg,12,Female,1,White,0,20170109203709140
58_0_1_20170117193628506.jpg,58,Male,0,Black,1,20170117193628506
59_0_0_20170111171747529.jpg,59,Male,0,White,0,20170111171747529
42_0_1_20170113183523861.jpg,42,Male,0,Black,1,20170113183523861
39_0_3_20170119203940533.jpg,39,Male,0,Indian,3,20170119203940533
26_1_3_20170119192302345.jpg,26,Female,1,Indian,3,20170119192302345
1_0_2_20161219161855278.jpg,1,Male,0,Asian,2,20161219161855278
20_0_4_20170117193505639.jpg,20,Male,0,Others,4,20170117193505639
35_0_3_20170119201122781.jpg,35,Male,0,Indian,3,20170119201122781
33_0_0_20170108224634529.jpg,33,Male,0,White,0,20170108224634529
25_1_1_20170103230312265.jpg,25,Female,1,Black,1,20170103230312265
31_0_3_20170104232701442.jpg,31,Male,0,Indian,3,20170104232701442
38_1_0_20170104201451243.jpg,38,Female,1,White,0,20170104201451243
58_0_0_20170104213209283.jpg,58,Male,0,White,0,20170104213209283
47_0_3_20170104211858844.jpg,47,Male,0,Indian,3,20170104211858844
2_1_4_20161221201540105.jpg,2,Female,1,Others,4,20161221201540105
24_1_2_20170116165445234.jpg,24,Female,1,Asian,2,20170116165445234
45_0_1_20170116204403032.jpg,45,Male,0,Black,1,20170116204403032
69_1_0_20170110131708449.jpg,69,Female,1,White,0,20170110131708449
65_1_0_20170120225024135.jpg,65,Female,1,White,0,20170120225024135
5_1_0_20170109194051532.jpg,5,Female,1,White,0,20170109194051532
4_1_3_20161220220859874.jpg,4,Female,1,Indian,3,20161220220859874
25_1_1_20170116003216605.jpg,25,Female,1,Black,1,20170116003216605
3_1_4_20170103210847515.jpg,3,Female,1,Others,4,20170103210847515
5_1_4_20161223230128667.jpg,5,Female,1,Others,4,20161223230128667
58_1_0_20170110140856753.jpg,58,Female,1,White,0,20170110140856753
28_0_0_20170117144444595.jpg,28,Male,0,White,0,20170117144444595
66_0_0_20170120221744629.jpg,66,Male,0,White,0,20170120221744629
73_0_3_20170105180955031.jpg,73,Male,0,Indian,3,20170105180955031
7_1_0_20170109192035908.jpg,7,Female,1,White,0,20170109192035908
38_0_1_20170117135747018.jpg,38,Male,0,Black,1,20170117135747018
60_0_3_20170119205210630.jpg,60,Male,0,Indian,3,20170119205210630
35_1_0_20170116235649559.jpg,35,Female,1,White,0,20170116235649559
13_1_0_20170109204055232.jpg,13,Female,1,White,0,20170109204055232
54_0_2_20170116193431300.jpg,54,Male,0,Asian,2,20170116193431300
60_1_0_20170119152445591.jpg,60,Female,1,White,0,20170119152445591
43_1_0_20170117155104591.jpg,43,Female,1,White,0,20170117155104591
30_0_0_20170117144411849.jpg,30,Male,0,White,0,20170117144411849
35_1_0_20170117174830232.jpg,35,Female,1,White,0,20170117174830232
2_1_0_20170109194125822.jpg,2,Female,1,White,0,20170109194125822
36_0_1_20170116030200366.jpg,36,Male,0,Black,1,20170116030200366
76_1_1_20170112205902715.jpg,76,Female,1,Black,1,20170112205902715
4_0_2_20161219141105897.jpg,4,Male,0,Asian,2,20161219141105897
1_1_2_20161219200119571.jpg,1,Female,1,Asian,2,20161219200119571
36_0_0_20170104173019797.jpg,36,Male,0,White,0,20170104173019797
46_1_0_20170110151342799.jpg,46,Female,1,White,0,20170110151342799
28_0_4_20170116214318093.jpg,28,Male,0,Others,4,20170116214318093
37_1_1_20170116180008472.jpg,37,Female,1,Black,1,20170116180008472
80_1_0_20170110122234919.jpg,80,Female,1,White,0,20170110122234919
23_1_0_20170103223641295.jpg,23,Female,1,White,0,20170103223641295
28_1_4_20170103182238570.jpg,28,Female,1,Others,4,20170103182238570
5_1_0_20170109191938064.jpg,5,Female,1,White,0,20170109191938064
55_0_0_20170117155045014.jpg,55,Male,0,White,0,20170117155045014
25_1_0_20170117141726361.jpg,25,Female,1,White,0,20170117141726361
1_0_2_20161219200503284.jpg,1,Male,0,Asian,2,20161219200503284
54_0_0_20170111222617768.jpg,54,Male,0,White,0,20170111222617768
4_0_2_20170110213515094.jpg,4,Male,0,Asian,2,20170110213515094
27_0_0_20170117134951867.jpg,27,Male,0,White,0,20170117134951867
37_0_3_20170119202228541.jpg,37,Male,0,Indian,3,20170119202228541
26_1_0_20170117174903560.jpg,26,Female,1,White,0,20170117174903560
32_0_0_20170104170147266.jpg,32,Male,0,White,0,20170104170147266
2_0_2_20161219203047420.jpg,2,Male,0,Asian,2,20161219203047420
60_0_0_20170117001221298.jpg,60,Male,0,White,0,20170117001221298
48_0_4_20170104213328405.jpg,48,Male,0,Others,4,20170104213328405
39_0_0_20170117141453339.jpg,39,Male,0,White,0,20170117141453339
80_0_2_20170112215149951.jpg,80,Male,0,Asian,2,20170112215149951
54_0_1_20170113185030984.jpg,54,Male,0,Black,1,20170113185030984
36_0_0_20170117091125717.jpg,36,Male,0,White,0,20170117091125717
26_1_0_20170117152808211.jpg,26,Female,1,White,0,20170117152808211
70_1_0_20170110152919778.jpg,70,Female,1,White,0,20170110152919778
33_1_0_20170117174803471.jpg,33,Female,1,White,0,20170117174803471
47_1_0_20170104235823851.jpg,47,Female,1,White,0,20170104235823851
2_1_4_20161221201419633.jpg,2,Female,1,Others,4,20161221201419633
26_0_3_20170105175308269.jpg,26,Male,0,Indian,3,20170105175308269
25_1_0_20170117141427897.jpg,25,Female,1,White,0,20170117141427897
28_1_2_20170116165935678.jpg,28,Female,1,Asian,2,20170116165935678
28_1_2_20170116175907657.jpg,28,Female,1,Asian,2,20170116175907657
37_0_3_20170109134008515.jpg,37,Male,0,Indian,3,20170109134008515
46_0_0_20170117135813694.jpg,46,Male,0,White,0,20170117135813694
36_1_1_20170116023952972.jpg,36,Female,1,Black,1,20170116023952972
4_1_4_20170109192812215.jpg,4,Female,1,Others,4,20170109192812215
51_0_3_20170119175402515.jpg,51,Male,0,Indian,3,20170119175402515
22_0_2_20170116172148714.jpg,22,Male,0,Asian,2,20170116172148714
60_0_3_20170111203540060.jpg,60,Male,0,Indian,3,20170111203540060
61_0_1_20170117194558194.jpg,61,Male,0,Black,1,20170117194558194
16_0_0_20170110232450588.jpg,16,Male,0,White,0,20170110232450588
2_0_2_20161219205134348.jpg,2,Male,0,Asian,2,20161219205134348
16_1_0_20170109212959831.jpg,16,Female,1,White,0,20170109212959831
26_0_3_20170120134330671.jpg,26,Male,0,Indian,3,20170120134330671
72_1_0_20170120224942952.jpg,72,Female,1,White,0,20170120224942952
31_0_2_20170116191327593.jpg,31,Male,0,Asian,2,20170116191327593
56_1_0_20170120133230636.jpg,56,Female,1,White,0,20170120133230636
80_1_0_20170110153307958.jpg,80,Female,1,White,0,20170110153307958
73_1_0_20170110141108353.jpg,73,Female,1,White,0,20170110141108353
26_0_0_20170113210605342.jpg,26,Male,0,White,0,20170113210605342
14_1_0_20170109214349442.jpg,14,Female,1,White,0,20170109214349442
116_1_2_20170112220255503.jpg,116,Female,1,Asian,2,20170112220255503
54_1_0_20170117204602160.jpg,54,Female,1,White,0,20170117204602160
45_0_0_20170116205749382.jpg,45,Male,0,White,0,20170116205749382
52_0_0_20170119205643521.jpg,52,Male,0,White,0,20170119205643521
1_0_2_20170109191453449.jpg,1,Male,0,Asian,2,20170109191453449
31_0_4_20170116214318093.jpg,31,Male,0,Others,4,20170116214318093
20_1_0_20170117150259426.jpg,20,Female,1,White,0,20170117150259426
28_1_1_20170116225303264.jpg,28,Female,1,Black,1,20170116225303264
29_0_2_20170116190156845.jpg,29,Male,0,Asian,2,20170116190156845
26_1_4_20170103225125224.jpg,26,Female,1,Others,4,20170103225125224
32_0_0_20170105164554548.jpg,32,Male,0,White,0,20170105164554548
33_1_0_20170103182622241.jpg,33,Female,1,White,0,20170103182622241
21_1_3_20170104223626119.jpg,21,Female,1,Indian,3,20170104223626119
56_0_2_20170120221539141.jpg,56,Male,0,Asian,2,20170120221539141
28_0_2_20170117141552570.jpg,28,Male,0,Asian,2,20170117141552570
24_1_4_20170117194809365.jpg,24,Female,1,Others,4,20170117194809365
26_1_3_20170119193139298.jpg,26,Female,1,Indian,3,20170119193139298
31_0_0_20170116191337484.jpg,31,Male,0,White,0,20170116191337484
17_0_0_20170110231711354.jpg,17,Male,0,White,0,20170110231711354
55_0_0_20170117190032456.jpg,55,Male,0,White,0,20170117190032456
25_1_4_20161223214751864.jpg,25,Female,1,Others,4,20161223214751864
21_1_3_20170105000657779.jpg,21,Female,1,Indian,3,20170105000657779
40_0_0_20170104202600778.jpg,40,Male,0,White,0,20170104202600778
25_1_1_20170112235100153.jpg,25,Female,1,Black,1,20170112235100153
39_0_3_20170104220730909.jpg,39,Male,0,Indian,3,20170104220730909
23_1_1_20170117171341177.jpg,23,Female,1,Black,1,20170117171341177
1_1_0_20161219155714349.jpg,1,Female,1,White,0,20161219155714349
54_0_0_20170117190358866.jpg,54,Male,0,White,0,20170117190358866
35_0_0_20170117123744051.jpg,35,Male,0,White,0,20170117123744051
55_0_0_20170117155215077.jpg,55,Male,0,White,0,20170117155215077
73_0_0_20170120230238642.jpg,73,Male,0,White,0,20170120230238642
32_0_1_20170117172950046.jpg,32,Male,0,Black,1,20170117172950046
7_1_3_20161220222848971.jpg,7,Female,1,Indian,3,20161220222848971
28_1_0_20170117180704448.jpg,28,Female,1,White,0,20170117180704448
27_1_0_20170117120646100.jpg,27,Female,1,White,0,20170117120646100
54_0_1_20170117190137490.jpg,54,Male,0,Black,1,20170117190137490
26_0_3_20170119180445229.jpg,26,Male,0,Indian,3,20170119180445229
8_1_3_20170104221730663.jpg,8,Female,1,Indian,3,20170104221730663
30_0_4_20170104170526912.jpg,30,Male,0,Others,4,20170104170526912
67_0_0_20170113185523838.jpg,67,Male,0,White,0,20170113185523838
34_1_1_20170113001409411.jpg,34,Female,1,Black,1,20170113001409411
70_0_0_20170104213624677.jpg,70,Male,0,White,0,20170104213624677
58_0_3_20170119211703657.jpg,58,Male,0,Indian,3,20170119211703657
25_1_0_20170109132220552.jpg,25,Female,1,White,0,20170109132220552
26_0_3_20170117153922501.jpg,26,Male,0,Indian,3,20170117153922501
29_1_0_20170117181004953.jpg,29,Female,1,White,0,20170117181004953
29_0_2_20170116193337129.jpg,29,Male,0,Asian,2,20170116193337129
78_0_2_20170112222034500.jpg,78,Male,0,Asian,2,20170112222034500
40_0_3_20170119183357429.jpg,40,Male,0,Indian,3,20170119183357429
18_0_1_20170116205256502.jpg,18,Male,0,Black,1,20170116205256502
33_1_3_20170104232231283.jpg,33,Female,1,Indian,3,20170104232231283
26_0_3_20170119180330838.jpg,26,Male,0,Indian,3,20170119180330838
20_1_0_20170117193612788.jpg,20,Female,1,White,0,20170117193612788
21_1_0_20170117142338224.jpg,21,Female,1,White,0,20170117142338224
42_1_1_20170116214643802.jpg,42,Female,1,Black,1,20170116214643802
26_1_3_20170119192354858.jpg,26,Female,1,Indian,3,20170119192354858
26_1_2_20170116184731471.jpg,26,Female,1,Asian,2,20170116184731471
61_0_2_20170116193742399.jpg,61,Male,0,Asian,2,20170116193742399
25_1_3_20170119155132282.jpg,25,Female,1,Indian,3,20170119155132282
12_1_2_20170103200649030.jpg,12,Female,1,Asian,2,20170103200649030
26_0_1_20170117173502013.jpg,26,Male,0,Black,1,20170117173502013
31_0_0_20170104204310315.jpg,31,Male,0,White,0,20170104204310315
32_1_1_20170112215410367.jpg,32,Female,1,Black,1,20170112215410367
38_1_0_20170117184855295.jpg,38,Female,1,White,0,20170117184855295
34_0_1_20170113151922160.jpg,34,Male,0,Black,1,20170113151922160
36_0_1_20170113161345795.jpg,36,Male,0,Black,1,20170113161345795
36_1_3_20170119191859753.jpg,36,Female,1,Indian,3,20170119191859753
40_0_2_20170112003844676.jpg,40,Male,0,Asian,2,20170112003844676
1_1_0_20170109191449860.jpg,1,Female,1,White,0,20170109191449860
27_0_2_20170119193331714.jpg,27,Male,0,Asian,2,20170119193331714
52_0_0_20170111195726274.jpg,52,Male,0,White,0,20170111195726274
17_1_1_20170117134939470.jpg,17,Female,1,Black,1,20170117134939470
39_0_3_20170119203958183.jpg,39,Male,0,Indian,3,20170119203958183
26_0_1_20170116210425844.jpg,26,Male,0,Black,1,20170116210425844
52_0_4_20170104184746311.jpg,52,Male,0,Others,4,20170104184746311
24_1_2_20170116174432626.jpg,24,Female,1,Asian,2,20170116174432626
10_0_0_20170110220316298.jpg,10,Male,0,White,0,20170110220316298
9_0_1_20170110215500987.jpg,9,Male,0,Black,1,20170110215500987
52_0_3_20170119205647136.jpg,52,Male,0,Indian,3,20170119205647136
23_1_2_20170104015902116.jpg,23,Female,1,Asian,2,20170104015902116
72_0_2_20170112223945402.jpg,72,Male,0,Asian,2,20170112223945402
32_0_1_20170113134154346.jpg,32,Male,0,Black,1,20170113134154346
26_0_1_20170116200636640.jpg,26,Male,0,Black,1,20170116200636640
55_0_0_20170117170523803.jpg,55,Male,0,White,0,20170117170523803
26_0_3_20170117154452224.jpg,26,Male,0,Indian,3,20170117154452224
36_1_1_20170112213416311.jpg,36,Female,1,Black,1,20170112213416311
65_1_0_20170110133937781.jpg,65,Female,1,White,0,20170110133937781
28_0_3_20170119194805417.jpg,28,Male,0,Indian,3,20170119194805417
4_1_4_20170103230707056.jpg,4,Female,1,Others,4,20170103230707056
37_0_1_20170116200850990.jpg,37,Male,0,Black,1,20170116200850990
